org,ada,type,issue_date,award_amount,reason,subject,doc_url
99221940,Ψ2ΥΧ46907Κ-ΧΤΨ,Δ.2.1,2021-10-11,0.00,cleaning service,ΠΕΡΙΛΗΨΗ ΔΙΑΚΗΡΥΞΗΣ ΤΟΥ ΑΝΟΙΚΤΟΥ ΗΛΕΚΤΡΟΝΙΚΟΥ ΔΙΑΓΩΝΙΣΜΟΥ ΚΑΤΩ ΤΩΝ ΟΡΙΩΝ ΓΙΑ ΤΗΝ ΑΝΑΘΕΣΗ ΤΩΝ ΥΠΗΡΕΣΙΩΝ ΚΑΘΑΡΙΟΤΗΤΑΣ ΤΟΥ ,https://diavgeia.gov.gr/doc/Ψ2ΥΧ46907Κ-ΧΤΨ
99221940,ΩΔΠ946907Κ-Ι22,Δ.1,2021-08-26,44243.20,security service,ΣΥΜΒΑΣΗ ΓΙΑ ΥΠΗΡΑΣΙΕΣ ΦΥΛΑΞΗΣ ΓΝΡ-ΔΙΑΓΩΝΙΣΜΟΣ 95/2021,https://diavgeia.gov.gr/doc/ΩΔΠ946907Κ-Ι22
99221940,ΩΣΩΠ46907Κ-ΕΩΕ,Δ.2.2,2021-08-26,44243.20,security service,ΕΓΚΡΙΣΗ ΑΠΟΤΕΛΕΣΜΑΤΩΝ ΔΙΑΠΡΑΓΜΑΤΕΥΣΗΣ ΔΙΑΓΩΝΙΣΜΟΥ 95_2021 ΓΙΑ ΤΗΝ ΑΝΑΘΕΣΗ ΥΠΗΡΕΣΙΩΝ ΦΥΛΑΞΗΣ,https://diavgeia.gov.gr/doc/ΩΣΩΠ46907Κ-ΕΩΕ
99221940,9ΕΩΠ46907Κ-4ΥΨ,Δ.2.2,2021-08-25,57819.97,cleaning service,ΑΠΟΦΑΣΗ ΔΣ ΓΙΑ ΕΓΚΡΙΣΗ ΑΠΟΤΕΛΕΣΜΑΤΩΝ ΤΟΥ ΣΥΝΟΠΤΙΚΟΥ ΔΙΑΓΩΝΙΣΜΟΥ 91/2021 ΓΙΑ ΤΗΝ ΑΝΑΘΕΣΗ ΤΩΝ ΥΠΗΡΕΣΙΩΝ ΚΑΘΑΡΙΟΤΗΤΑΣ,https://diavgeia.gov.gr/doc/9ΕΩΠ46907Κ-4ΥΨ
99221940,ΩΜΧΑ46907Κ-Α08,Δ.2.1,2022-09-22,0.00,security service,ΠΕΡΙΛΗΨΗ ΔΙΑΚΗΡΥΞΗΣ ΓΙΑ ΤΗΝ ΑΝΑΘΕΣΗ ΤΩΝ ΥΠΗΡΕΣΙΩΝ ΤΕΧΝΙΚΟΥ ΑΣΦΑΛΕΙΑΣ ΚΑΙ ΙΑΤΡΟΥ ΕΡΓΑΣΙΑΣ ΣΤΟ ΓΝ ΡΟΔΟΥ(97/2022),https://diavgeia.gov.gr/doc/ΩΜΧΑ46907Κ-Α08
99221940,ΨΤΡΨ46907Κ-ΝΧΣ,Δ.2.2,2022-08-17,2337.40,security service,"ΠΡΟΜΗΘΕΙΑ ΘΗΚΗΣ ΦΥΛΑΞΗΣ ΕΥΚΑΜΠΤΩΝ ΕΝΔΟΣΚΟΠΙΩΝ ,ΠΡΟΣΑΡΜΟΓΕΑ ΓΙΑ ΤΥΠΟΠΟΙΗΜΕΝΗ ΡΑΓΑ ΚΑΙ ΕΝΟΣ ΚΥΤΙΟΥ ΑΠΟΣΤΕΙΡΩΣΗΣ-ΦΥΛΑΞΗΣ",https://diavgeia.gov.gr/doc/ΨΤΡΨ46907Κ-ΝΧΣ
99221940,ΨΜΛΚ46907Κ-7Ρ2,Δ.2.1,2022-07-29,0.00,security service,"ΠΡΟΜΗΘΕΙΑ ΘΗΚΗΣ ΦΥΛΑΞΗΣ ΕΥΚΑΜΠΤΩΝ ΕΝΔΟΣΚΟΠΙΩΝ,ΠΡΟΣΑΡΜΟΓΕΑ ΓΙΑ ΤΥΠΟΠΟΙΗΜΕΝΗ ΡΑΓΑ ΚΑΙ ΕΝΟΣ ΚΥΤΙΟΥ ΑΠΟΣΤΕΙΡΩΣΗΣ ΦΥΛΑΞΗΣ ΓΙΑ",https://diavgeia.gov.gr/doc/ΨΜΛΚ46907Κ-7Ρ2
99221940,66Γ946907Κ-Χ25,Δ.2.1,2022-07-20,0.00,security service,"ΠΡΟΜΗΘΕΙΑ ΘΗΚΗΣ ΦΥΛΑΞΗΣ ΕΥΚΑΜΠΤΩΝ ΕΝΔΟΣΚΟΠΙΩΝ ,ΠΡΟΣΑΡΜΟΓΕΑ ΓΙΑ ΤΥΠΟΠΟΙΗΜΕΝΗ ΡΑΓΑ ΚΑΙ ΕΝΟΣ ΚΥΤΙΟΥ ΑΠΟΣΤΕΙΡΩΣΗΣ-ΦΥΛΑΞΗΣ ΓΙ",https://diavgeia.gov.gr/doc/66Γ946907Κ-Χ25
99221940,6Χ2Ξ46907Κ-ΓΗ9,Δ.2.1,2023-03-28,0.00,catering service,ΧΡΩΜΑΤΙΣΜΟΣ ΤΡΟΧΗΛΑΤΩΝ ΤΡΑΠΕΖΙΔΙΩΝ ΣΙΤΙΣΗΣ ΑΣΘΕΝΩΝ ΜΤΝ,https://diavgeia.gov.gr/doc/6Χ2Ξ46907Κ-ΓΗ9
99221940,ΨΡΑΨ46907Κ-Γ9Τ,Δ.2.1,2023-02-06,0.00,catering service,"ΜΑΣΚΕΣ ΑΠΛΕΣ Ο2  ΠΑΙΔΙΑΤΡΙΚΕΣ
ΜΑΣΚΕΣ ΑΠΛΕΣ Ο2  ΝΕΟΓΝΙΚΕΣ
ΣΩΛΗΝΑΡΙΑ ΚΑΙ ΜΑΣΚΕΣ ΟΞΥΓΟΝΟΥ 
ΡΙΝΙΚΕΣ (ΓΥΑΛΙΑ) ΠΑΙΔΙΑΤΡΙΚΕΣ
ΚΑ",https://diavgeia.gov.gr/doc/ΨΡΑΨ46907Κ-Γ9Τ
99221940,Ω2Γ646907Κ-1ΔΣ,Δ.2.2,2022-11-22,310659.43,security service,ΠΡΑΞΗ ΠΟΛΥΕΤΟΥΣ ΔΕΣΜΕΥΣΗΣ ΠΟΥ ΑΦΟΡΑ ΤΗΝ ΑΣΚΗΣΗ ΤΟΥ ΔΙΚΑΙΩΜΑΤΟΣ ΠΡΟΑΙΡΕΣΗΣ ΓΙΑ  ΤΗΝ ΑΝΑΘΕΣΗ ΤΩΝ ΥΠΗΡΕΣΙΩΝ ΦΥΛΑΞΗΣ ΤΟΥ ΓΝΡ,https://diavgeia.gov.gr/doc/Ω2Γ646907Κ-1ΔΣ
99221940,6ΣΕΣ46907Κ-279,Δ.2.2,2023-07-19,339861.44,security service,ΠΡΑΞΗ ΕΠΙΤΡΟΠΗΣ ΑΞΙΟΛΟΓΗΣΗΣ ΦΥΛΑΞΗΣ ΝΟΣΟΚΟΜΕΙΟΥ,https://diavgeia.gov.gr/doc/6ΣΕΣ46907Κ-279
99221940,ΨΙΦΦ46907Κ-Ξ4Ε,Δ.2.2,2023-08-31,308.49,catering service,ΚΑΘΕΤΗΡΕΣ ΣΙΤΙΣΗΣ ΝΕΟΓΝΩΝ  ΑΚΤΙΝΟΣΚΙΕΡΟΙ,https://diavgeia.gov.gr/doc/ΨΙΦΦ46907Κ-Ξ4Ε
99221940,6ΘΠΛ46907Κ-36Υ,Δ.2.1,2023-08-21,0.00,catering service,ΚΑΘΕΤΗΡΕΣ ΣΙΤΙΣΗΣ ΝΕΟΓΝΩΝ,https://diavgeia.gov.gr/doc/6ΘΠΛ46907Κ-36Υ
99221940,9Ο4Π46907Κ-6ΣΨ,Δ.2.1,2023-07-07,0.00,security service,ΠΕΡΙΛΗΨΗ ΔΙΑΚΗΡΥΞΗΣ ΗΛΕΚΤΡΟΝΙΚΟΥ ΑΝΟΙΚΤΟΥ ΔΙΑΓΩΝΙΣΜΟΥ ΑΝΩΤ ΤΩΝ ΟΡΙΩΝ ΓΙΑ ΤΗΝ ΑΝΑΘΕΣΗ ΥΠΗΡΕΣΙΩΝ ΦΥΛΑΞΗΣ,https://diavgeia.gov.gr/doc/9Ο4Π46907Κ-6ΣΨ
99221940,6Κ5Ο46907Κ-ΑΡ7,Δ.2.2,2023-07-04,339861.44,security service,ΠΡΑΞΗ ΠΟΥΛΕΤΟΥΣ ΔΕΣΜΕΥΣΗΣ ΠΟΥ ΑΦΟΡΑ ΤΟΝ ΔΙΑΓΩΝΙΣΜΟ ΤΗΣ ΦΥΛΑΞΗΣ,https://diavgeia.gov.gr/doc/6Κ5Ο46907Κ-ΑΡ7
99221940,ΨΝ4946907Κ-9ΡΜ,Δ.2.2,2023-06-20,652.70,catering service,"ΣΤΗΡΙΚΤΙΚΑ ΤΡΑΧΕΙΟΣΤΟΜΙΑΣ LARGE
ΣΤΗΡΙΓΜΑ ΜΥΤΗΣ  ΡΙΝΟΓΑΣΤΡΙΚΟΥ ΣΩΛΗΝΑ ΚΑΙ ΣΩΛΗΝΑ ΣΙΤΙΣΗΣ ΕΝΗΛΙΚΩΝ ΜΕ ΕΠΙΘΕΜΑ (ΝΑ ΕΙΝΑΙ ΔΙ",https://diavgeia.gov.gr/doc/ΨΝ4946907Κ-9ΡΜ
99221940,ΩΝ6Χ46907Κ-2Θ5,Δ.2.1,2023-06-08,0.00,catering service,"ΣΤΗΡΙΚΤΙΚΑ ΤΡΑΧΕΙΟΣΤΟΜΙΑΣ LARGE
ΣΤΗΡΙΓΜΑ ΜΥΤΗΣ  ΡΙΝΟΓΑΣΤΡΙΚΟΥ ΣΩΛΗΝΑ ΚΑΙ ΣΩΛΗΝΑ ΣΙΤΙΣΗΣ ΕΝΗΛΙΚΩΝ ΜΕ ΕΠΙΘΕΜΑ (ΝΑ ΕΙΝΑΙ ΔΙ",https://diavgeia.gov.gr/doc/ΩΝ6Χ46907Κ-2Θ5
99221940,Ω8Ι846907Κ-Ζ2Β,Δ.2.2,2023-04-19,0.00,catering service,ΠΡΑΞΗ -ΧΡΩΜΑΤΙΣΜΟΣ ΤΡΟΧΗΛΑΤΩΝ ΤΡΑΠΕΖΙΔΙΩΝ ΣΙΤΙΣΗΣ ΑΣΘΕΝΩΝ ΜΤΝ,https://diavgeia.gov.gr/doc/Ω8Ι846907Κ-Ζ2Β
99221940,6ΧΖΜ46907Κ-Δ5Β,Δ.2.1,2024-06-28,0.00,cleaning service,ΠΕΡΙΛΗΨΗ ΔΙΑΚΗΡΥΞΗΣ ΔΙΑΓΩΝΙΣΜΟΥ ΓΙΑ ΤΗΝ ΑΝΑΘΕΣΗ ΤΩΝ ΥΠΗΡΕΣΙΩΝ ΚΑΘΑΡΙΟΤΗΤΑΣ ΤΟΥ ΓΝ ΡΟΔΟΥ,https://diavgeia.gov.gr/doc/6ΧΖΜ46907Κ-Δ5Β
99221940,ΨΨΗΚ46907Κ-Ν51,Δ.2.2,2024-03-22,2312.60,security service,"ΑΛΜΠΑΡΑΝ ΓΙΑ ΧΡΗΣΗ ΜΕΣΩ ΚΥΣΤΕΟΣΚΟΠΙΟΥ ΤΟΥ ΚΑΤΑΣΚΕΥΑΣΤΙΚΟΥ ΟΙΚΟΥ WOLF, ΤΟ ΟΠΟΙΟ ΝΑ ΣΥΝΟΔΕΥΕΤΑΙ ΑΠΟ ΚΥΤΙΟ ΦΥΛΑΞΗΣ  ΑΠΟΣΤΕΙ",https://diavgeia.gov.gr/doc/ΨΨΗΚ46907Κ-Ν51
99221940,Ψ9ΨΞ46907Κ-ΕΣΒ,Δ.2.1,2024-03-15,0.00,security service,"ΑΛΜΠΑΡΑΝ ΓΙΑ ΧΡΗΣΗ ΜΕΣΩ ΚΥΣΤΕΟΣΚΟΠΙΟΥ ΤΟΥ ΚΑΤΑΣΚΕΥΑΣΤΙΚΟΥ ΟΙΚΟΥ WOLF, ΤΟ ΟΠΟΙΟ ΝΑ ΣΥΝΟΔΕΥΕΤΑΙ ΑΠΟ ΚΥΤΙΟ ΦΥΛΑΞΗΣ  ΑΠΟΣΤΕΙ",https://diavgeia.gov.gr/doc/Ψ9ΨΞ46907Κ-ΕΣΒ
99221940,Ψ3ΛΘ46907Κ-54Σ,Δ.2.1,2025-04-25,0.00,cleaning service,ΠΕΡΙΛΗΨΗ ΔΙΑΚΗΡΥΞΗΣ ΔΙΑΓΩΝΙΣΜΟΥ ΓΙΑ ΤΗΝ ΑΝΑΘΕΣΗ ΤΩΝ ΥΠΗΡΕΣΙΩΝ ΚΑΘΑΡΙΟΤΗΤΑΣ ΤΟΥ ΓΝ ΡΟΔΟΥ,https://diavgeia.gov.gr/doc/Ψ3ΛΘ46907Κ-54Σ
99221940,9ΦΚΓ46907Κ-ΩΚΚ,Δ.2.2,2025-04-22,1779.40,security service,"ΕΣΩΤΕΡΙΚΟΣ ΟΥΡΗΘΡΟΤΟΜΟΣ OTIS ΧΩΡΙΣ ΟΠΤΙΚΗ ΚΑΘΟΔΗΓΗΣΗ  ΣΥΝΟΔΕΥΟΜΕΝΟΣ
ΑΠΟ ΔΥΟ ΜΑΧΑΙΡΙΔΙΑ
ΘΗΚΗ ΦΥΛΑΞΗΣ ΑΠΟΣΤΕΙΡΩΣΗΣ ΓΙΑ ΤΟΝ",https://diavgeia.gov.gr/doc/9ΦΚΓ46907Κ-ΩΚΚ
99221940,9ΥΡΥ46907Κ-ΔΑΡ,Δ.2.1,2025-04-11,0.00,security service,"ΕΣΩΤΕΡΙΚΟΣ ΟΥΡΗΘΡΟΤΟΜΟΣ OTIS ΧΩΡΙΣ ΟΠΤΙΚΗ ΚΑΘΟΔΗΓΗΣΗ  ΣΥΝΟΔΕΥΟΜΕΝΟΣ  ΑΠΟ ΔΥΟ ΜΑΧΑΙΡΙΔΙΑ
ΘΗΚΗ ΦΥΛΑΞΗΣ ΑΠΟΣΤΕΙΡΩΣΗΣ ΓΙΑ ΤΟ",https://diavgeia.gov.gr/doc/9ΥΡΥ46907Κ-ΔΑΡ
99221940,ΨΒΞ446907Κ-Ε5Α,Δ.1,2025-04-11,0.00,cleaning service,ΤΡΟΠΟΠΟΙΗΣΗ ΣΥΜΒΑΣΗ 38/2025 ΓΙΑ ΤΗΝ ΑΝΑΘΕΣΗ ΤΩΝ ΥΠΗΡΕΣΙΩΝ ΚΑΘΑΡΙΟΤΗΤΑΣ ΤΟΥ ΓΝ ΡΟΔΟΥ,https://diavgeia.gov.gr/doc/ΨΒΞ446907Κ-Ε5Α
99221940,6Σ0Γ46907Κ-ΨΟΨ,Δ.2.2,2025-02-04,0.00,catering service,ΚΑΘΕΤΗΡΕΣ ΣΙΤΙΣΗΣ ΝΕΟΓΝΩΝ ΑΚΤΙΝΟΣΚΙΕΡΟΙ,https://diavgeia.gov.gr/doc/6Σ0Γ46907Κ-ΨΟΨ
99221940,ΨΛΠΛ46907Κ-ΡΒΦ,Δ.2.1,2025-01-27,0.00,catering service,"20037002	ΚΑΘΕΤΗΡΕΣ ΣΙΤΙΣΗΣ ΝΕΟΓΝΩΝ ΑΚΤΙΝΟΣΚΙΕΡΟΙ 
Νο6
20037003	ΚΑΘΕΤΗΡΕΣ ΣΙΤΙΣΗΣ ΝΕΟΓΝΩΝ ΑΚΤΙΝΟΣΚΙΕΡΟΙ 
Νο8",https://diavgeia.gov.gr/doc/ΨΛΠΛ46907Κ-ΡΒΦ
99221940,6ΤΓΣ46907Κ-Ι30,Δ.2.1,2025-09-19,0.00,cleaning service,ΠΕΡΙΛΗΨΗ ΔΙΑΚΗΡΥΞΗΣ ΑΝΑΘΕΣΗΣ ΥΠΗΡΕΣΙΩΝ ΤΡΑΠΕΖΟΚΟΜΙΑΣ ΚΑΙ ΚΑΘΑΡΙΣΜΟΥ ΙΜΑΤΙΣΜΟΥ,https://diavgeia.gov.gr/doc/6ΤΓΣ46907Κ-Ι30
99221940,68ΧΥ46907Κ-29Ξ,Δ.2.1,2025-09-18,0.00,cleaning service,ΠΕΡΙΛΗΨΗ ΔΙΑΚΗΡΥΞΗΣ ΓΙΑ ΤΗΝ ΑΝΑΘΕΣΗ ΤΩΝ ΥΠΗΡΕΣΙΩΝ ΤΡΑΠΕΖΟΚΟΜΙΑΣ ΚΑΙ ΚΑΘΑΡΙΣΜΟΥ ΙΜΑΤΙΣΜΟΥ,https://diavgeia.gov.gr/doc/68ΧΥ46907Κ-29Ξ
99221940,9ΜΟΦ46907Κ-ΨΟΣ,Δ.1,2025-09-08,0.00,cleaning service,ΑΠΟΦΑΣΗ ΕΓΚΡΙΣΗΣ ΑΠΟΤΕΛΕΣΜΑΤΩΝ ΔΙΑΠΡΑΓΜΑΤΕΥΣΗΣ ΓΙΑ ΤΗΝ ΑΝΑΘΕΣΗ ΤΩΝ ΥΠΗΡΕΣΙΩΝ ΚΑΘΑΡΙΟΤΗΤΑΣ ΓΝ ΡΟΔΟΥ,https://diavgeia.gov.gr/doc/9ΜΟΦ46907Κ-ΨΟΣ
99221940,Ψ81Α46907Κ-ΟΑΖ,Δ.2.2,2025-09-05,0.00,catering service,ΠΡΑΞΗ ΔΙΟΙΚΗΤΗ ΚΑΘΕΤΗΡΕΣ ΣΙΤΙΣΗΣ ΝΕΟΓΝΩΝ ΑΚΤΙΝΟΣΚΙΕΡΟΙ  Νο6,https://diavgeia.gov.gr/doc/Ψ81Α46907Κ-ΟΑΖ
99221940,93Φ746907Κ-ΧΜΑ,Δ.2.2,2025-08-29,0.00,catering service,ΠΡΑΞΗ ΔΙΟΙΚΗΤΗ ΚΑΘΕΤΗΡΕΣ ΣΙΤΙΣΗΣ ΝΕΟΓΝΩΝ ,https://diavgeia.gov.gr/doc/93Φ746907Κ-ΧΜΑ
99221940,9Τ6Ψ46907Κ-ΧΓ6,Δ.2.1,2025-08-21,0.00,catering service,ΔΗΜΟΣΙΑ ΑΝΟΙΚΤΗ ΔΙΑΔΙΚΑΣΙΑ ΣΥΛΛΟΓΗΣ ΠΡΟΣΦΟΡΩΝ ΓΙΑ ΚΑΘΕΤΗΡΕΣ ΣΙΤΙΣΗΣ ΝΕΟΓΝΩΝ ,https://diavgeia.gov.gr/doc/9Τ6Ψ46907Κ-ΧΓ6
99221940,ΨΤ0Υ46907Κ-9ΕΠ,Δ.2.1,2025-07-23,0.00,cleaning service,ΠΕΡΙΛΗΨΗ ΔΙΑΚΗΡΥΞΗΣ ΔΙΑΓΩΝΙΣΜΟΥ ΑΝΑΘΕΣΗΣ ΤΩΝ ΥΠΗΡΕΣΙΩΝ ΚΑΘΑΡΙΟΤΗΤΑΣ ΤΟΥ ΓΝ ΡΟΔΟΥ,https://diavgeia.gov.gr/doc/ΨΤ0Υ46907Κ-9ΕΠ
99221940,Ρ4Γ946907Κ-ΛΨΛ,Δ.2.1,2025-07-02,0.00,cleaning service,ΑΝΑΘΕΣΗ ΥΠΗΡΕΣΙΩΝ ΤΡΑΠΕΖΟΚΟΜΙΑΣ ΚΑΙ ΚΑΘΑΡΙΣΜΟΥ ΙΜΑΤΙΣΜΟΥ,https://diavgeia.gov.gr/doc/Ρ4Γ946907Κ-ΛΨΛ
99221940,ΨΝΓ846907Κ-ΘΛΜ,Δ.1,2025-06-17,0.00,cleaning service,ΑΠΟΦΑΣΗ ΑΝΑΠΛΗΡΩΤΗ ΔΙΟΙΚΗΤΗ ΕΓΚΡΙΣΗΣ ΑΠΟΤΕΛΕΣΜΑΤΩΝ ΑΞΙΟΛΟΓΗΣΗ ΔΙΚΑΙΟΛΟΓΗΤΙΚΩΝ ΣΥΜΜΕΤΟΧΗΣ ΔΙΑΓΩΝΙΣΜΟΥ ΓΙΑ ΤΗΝ ΑΝΑΘΕΣΗ ΤΩΝ,https://diavgeia.gov.gr/doc/ΨΝΓ846907Κ-ΘΛΜ
99221940,Ψ31Π46907Κ-Ξ1Ω,Δ.2.1,2025-05-07,0.00,cleaning service,ΑΝΑΘΕΣΗ ΥΠΗΡΕΣΙΩΝ ΤΡΑΠΕΖΟΚΟΜΙΑΣ ΚΑΙ ΚΑΘΑΡΙΣΜΟΥ ΙΜΑΤΙΣΜΟΥ ΤΟΥ ΓΝ ΡΟΔΟΥ,https://diavgeia.gov.gr/doc/Ψ31Π46907Κ-Ξ1Ω
99221940,ΨΝΞΕ46907Κ-ΦΒΝ,Δ.1,2026-01-28,0.00,cleaning service,ΑΠΟΦΑΣΗ ΕΓΚΡΙΣΗΣ ΚΑΤΑΚΥΡΩΣΗΣ ΑΠΟΤΕΛΕΣΜΑΤΩΝ ΔΙΑΓΩΝΙΣΜΟΥ ΑΝΑΘΕΣΗΣ ΥΠΗΡΕΣΙΩΝ ΚΑΘΑΡΙΟΤΗΤΑΣ ΓΝ ΡΟΔΟΥ,https://diavgeia.gov.gr/doc/ΨΝΞΕ46907Κ-ΦΒΝ
99221940,631Ω46907Κ-ΦΔ2,Δ.1,2025-11-25,527246.70,names supplier,ΕΓΚΡΙΣΗ ΑΣΚΗΣΗΣ ΤΟΥ ΔΙΚΑΙΩΜΑΤΟΣ ΠΡΟΑΙΡΕΣΗΣ ΤΗΣ  ΑΡΙΘΜ. 65/2024  ΥΠΟΓΕΓΡΑΜΜΕΝΗΣ ΣΥΜΒΑΣΗΣ  ΓΙΑ ΕΝΑ (1) ΕΠΙΠΛΕΟΝ ΕΤΟΣ ΚΑΙ Σ,https://diavgeia.gov.gr/doc/631Ω46907Κ-ΦΔ2
99221940,ΡΠΚΞ46907Κ-343,Δ.2.2,2025-11-13,0.00,catering service,ΠΡΑΞΗ ΔΙΟΙΚΗΤΗ ΓΙΑ ΑΙΤ.1329/10-09-2025 ΚΑΘΕΤΗΡΕΣ ΣΙΤΙΣΗΣ ΠΟΛΥΟΥΡΕΘΑΝΗΣ ΜΑΚΡΑΣ ΔΙΑΡΚΕΙΑΣ  LEVIN ΑΙΤ.ΥΠΕΥΘ.ΝΕΥΡΟΛΟΓ.,https://diavgeia.gov.gr/doc/ΡΠΚΞ46907Κ-343
99221940,61Μ746907Κ-484,Δ.2.1,2025-10-09,0.00,catering service,ΠΡΟΜΗΘΕΙΑ ΚΑΘΕΤΗΡΕΣ ΣΙΤΙΣΗΣ,https://diavgeia.gov.gr/doc/61Μ746907Κ-484
99221940,ΨΓΠ146907Κ-ΞΥΨ,Δ.2.1,2025-10-03,0.00,catering service,ΖΗΤΗΣΗ ΓΙΑ ΑΙΤ.1329/10-09-2025 ΚΑΘΕΤΗΡΕΣ ΣΙΤΙΣΗΣ ΠΟΛΥΟΥΡΕΘΑΝΗΣ ΜΑΚΡΑΣ ΔΙΑΡΚΕΙΑΣ  LEVIN ΑΙΤ.ΠΡΟΙΣΤ.ΝΕΥΡΟΛ.,https://diavgeia.gov.gr/doc/ΨΓΠ146907Κ-ΞΥΨ
99221940,9ΝΕΑ46907Κ-8Ω8,Δ.2.2,2026-07-17,0.00,catering service,ΠΡΑΞΗ ΔΙΟΙΚΗΤΗ ΑΙΤ 1986 ΚΑΘΕΤΗΡΕΣ ΣΙΤΙΣΗΣ ΠΟΛΥΟΥΡΕΘΑΝΗΣ ,https://diavgeia.gov.gr/doc/9ΝΕΑ46907Κ-8Ω8
99221940,ΨΥ7Ο46907Κ-ΖΕΖ,Δ.2.1,2026-07-08,0.00,catering service,ΔΙΑΚΗΡΥΞΗ ΣΙΤΙΣΗΣ ΝΟΣΗΛΕΥΟΜΕΝΩΝ ΚΑΙ ΕΦΗΜΕΡΕΥΟΝΤΩΝ ΙΑΤΡΩΝ ΤΟΥ Γ. Ν. ΡΟΔΟΥ 24/2026,https://diavgeia.gov.gr/doc/ΨΥ7Ο46907Κ-ΖΕΖ
99221940,Ψ2Ω846907Κ-ΗΕ9,Δ.2.2,2026-06-17,35988.00,names supplier,"ΚΑΤΑΚΥΡΩΣΗ ΤΟΥ ΥΠ’ ΑΡΙΘΜ. 784/2026 ΔΙΑΓΩΝΙΣΜΟΥ , ΚΑΤΩ ΤΩΝ ΟΡΙΩΝ, ΓΙΑ ΤΗΝ ΑΝΑΘΕΣΗ ΤΩΝ ΥΠΗΡΕΣΙΩΝ ΤΩΝ ΥΠΗΡΕΣΙΩΝ ΚΑΘΑΡΙΣΜΟΥ ",https://diavgeia.gov.gr/doc/Ψ2Ω846907Κ-ΗΕ9
99221940,ΡΤΖΗ46907Κ-9ΜΒ,Δ.2.1,2026-05-06,0.00,catering service,ΔΗΜΟΣΙΑ ΑΝΟΙΚΤΗ ΔΙΑΔΙΚΑΣΙΑ ΣΥΛΛΟΓΗΣ ΠΡΟΣΦΟΡΩΝ 1986 ΚΑΘΕΤΗΡΕΣ ΣΙΤΙΣΗΣ,https://diavgeia.gov.gr/doc/ΡΤΖΗ46907Κ-9ΜΒ
99221940,ΨΑΓ346907Κ-8ΤΓ,Δ.2.1,2026-03-20,0.00,cleaning service,ΥΠΗΡΕΣΙΕΣ ΚΑΘΑΡΙΣΜΟΥ ΙΜΑΤΙΣΜΟΥ,https://diavgeia.gov.gr/doc/ΨΑΓ346907Κ-8ΤΓ
99221940,ΨΦΓΣ46907Κ-ΛΗΧ,B.2.2-payment,2025-09-19,74945.6,consortium warrant - read ΣΥΜΒΑΣΗ ref,ΤΕΧΝΙΚΗ ΥΠΟΣΤΗΡΙΞΗ,https://diavgeia.gov.gr/doc/ΨΦΓΣ46907Κ-ΛΗΧ
99221940,60Κ446907Κ-5ΩΦ,B.2.2-payment,2022-09-15,69936.0,consortium warrant - read ΣΥΜΒΑΣΗ ref,XE 824,https://diavgeia.gov.gr/doc/60Κ446907Κ-5ΩΦ
99221940,9ΛΧΘ46907Κ-ΟΛ9,B.2.2-payment,2023-11-21,69936.0,consortium warrant - read ΣΥΜΒΑΣΗ ref,ΧΕ 1537_21-11-2023 ΤΕΧΝΙΚΗ ΥΠΟΣΤΗΡΙΞΗ ΝΟΣΟΚΟΜΕΙΟΥ ΡΟΔΟΥ,https://diavgeia.gov.gr/doc/9ΛΧΘ46907Κ-ΟΛ9
99221940,63ΞΛ46907Κ-ΗΟΚ,B.2.2-payment,2024-04-25,69936.0,consortium warrant - read ΣΥΜΒΑΣΗ ref,ΧΕ 370_25-4-2024 ΤΕΧΝΙΚΗ ΥΠΟΣΤΗΡΙΞΗ ΝΟΣΟΚΟΜΕΙΟΥ ΡΟΔΟΥ,https://diavgeia.gov.gr/doc/63ΞΛ46907Κ-ΗΟΚ
99221940,ΩΗΥΘ46907Κ-Ξ84,B.2.2-payment,2021-11-10,63984.0,consortium warrant - read ΣΥΜΒΑΣΗ ref,ΧΕ 1450 ΓΙΑ ΚΟΙΝΟΠΡΑΞΙΑ ΚΑΡΑΝΤΩΝΗΣ Ε-ΠΑΠΑΔΟΥΛΗΣ Ν ΟΕ ΚΑΙ ΣΙΑ,https://diavgeia.gov.gr/doc/ΩΗΥΘ46907Κ-Ξ84
99221940,ΨΞΞ646907Κ-Γ9Γ,B.2.2-payment,2026-06-25,38464.8,consortium warrant - read ΣΥΜΒΑΣΗ ref,ΕΝΤΑΛΜΑ ΠΛΗΡΩΜΗΣ ΤΕΧΝΙΚΗ ΥΠΟΣΤΗΡΙΞΗ ΝΟΣΟΚΟΕΙΟΥ ΡΟΔΟΥ (997563888),https://diavgeia.gov.gr/doc/ΨΞΞ646907Κ-Γ9Γ
