ada,org,type,issue_date,subject,award_amount,doc_url,match_kind,matched_afm,matched_supplier
ΨΞ6446907Κ-ΔΓ5,99221940,Δ.2.1,1641945600,ΠΡΟΜΗΘΕΙΑ ΥΛΙΚΩΝ ΚΑΘΑΡΙΟΤΗΤΑΣ,,https://diavgeia.gov.gr/doc/ΨΞ6446907Κ-ΔΓ5,category,,ΚΑΘΑΡΙΟΤΗΤ
Ψ4ΥΔ46907Κ-8ΚΣ,99221940,Δ.2.2,1640044800,Πράξη για Θανασιά γνωμοδοτηση MY SECURITY,{'currency': 'EUR'},https://diavgeia.gov.gr/doc/Ψ4ΥΔ46907Κ-8ΚΣ,category,,SECURITY
6Β9Ξ46907Κ-ΚΤΚ,99221940,Δ.2.2,1639353600,ΠΡΟΜΗΘΕΙΑ ΥΛΙΚΩΝ ΚΑΘΑΡΙΟΤΗΤΑΣ,"{'amount': 1149.56, 'currency': 'EUR'}",https://diavgeia.gov.gr/doc/6Β9Ξ46907Κ-ΚΤΚ,category,,ΚΑΘΑΡΙΟΤΗΤ
65Ι046907Κ-649,99221940,Δ.2.2,1639008000,ΣΥΣΚΕΥΕΣ ΕΝΤΕΡΙΚΗΣ ΣΙΤΙΣΗΣ,"{'amount': 1186.5, 'currency': 'EUR'}",https://diavgeia.gov.gr/doc/65Ι046907Κ-649,category,,ΣΙΤΙΣΗ
6ΝΤΞ46907Κ-Φ2Μ,99221940,Δ.2.1,1637884800,ΣΥΣΚΕΥΕΣ ΕΝΤΕΡΙΚΗΣ ΣΙΤΙΣΗΣ,,https://diavgeia.gov.gr/doc/6ΝΤΞ46907Κ-Φ2Μ,category,,ΣΙΤΙΣΗ
6Ξ3Ψ46907Κ-ΑΧ7,99221940,Δ.2.1,1637280000,ΠΡΟΜΗΘΕΙΑ ΥΛΙΚΩΝ ΚΑΘΑΡΙΟΤΗΤΑΣ,,https://diavgeia.gov.gr/doc/6Ξ3Ψ46907Κ-ΑΧ7,category,,ΚΑΘΑΡΙΟΤΗΤ
ΨΒΛΗ46907Κ-9Θ5,99221940,Δ.2.1,1634515200,ΠΡΟΜΗΘΕΙΑ ΥΛΙΚΩΝ ΚΑΘΑΡΙΟΤΗΤΑΣ,,https://diavgeia.gov.gr/doc/ΨΒΛΗ46907Κ-9Θ5,category,,ΚΑΘΑΡΙΟΤΗΤ
6ΗΖ446907Κ-ΑΟ2,99221940,Δ.2.2,1634515200,ΠΡΟΜΗΘΕΙΑ ΥΛΙΚΩΝ ΚΑΘΑΡΙΟΤΗΤΑΣ,"{'amount': 2097.76, 'currency': 'EUR'}",https://diavgeia.gov.gr/doc/6ΗΖ446907Κ-ΑΟ2,category,,ΚΑΘΑΡΙΟΤΗΤ
Ψ2ΥΧ46907Κ-ΧΤΨ,99221940,Δ.2.1,1633910400,ΠΕΡΙΛΗΨΗ ΔΙΑΚΗΡΥΞΗΣ ΤΟΥ ΑΝΟΙΚΤΟΥ ΗΛΕΚΤΡΟΝΙΚΟΥ ΔΙΑΓΩΝΙΣΜΟΥ ΚΑΤΩ ΤΩΝ ΟΡΙΩΝ ΓΙΑ ΤΗΝ ΑΝΑΘΕΣΗ ΤΩΝ ΥΠΗΡΕΣΙΩΝ ΚΑΘΑΡΙΟΤΗΤΑΣ ΤΟΥ ΓΝ ΡΟΔΟΥ,,https://diavgeia.gov.gr/doc/Ψ2ΥΧ46907Κ-ΧΤΨ,category,,ΚΑΘΑΡΙΟΤΗΤ
Ψ4Ο046907Κ-Ω16,99221940,Δ.2.1,1632096000,ΠΡΟΜΗΘΕΙΑ ΥΛΙΚΩΝ ΚΑΘΑΡΙΟΤΗΤΑΣ,,https://diavgeia.gov.gr/doc/Ψ4Ο046907Κ-Ω16,category,,ΚΑΘΑΡΙΟΤΗΤ
6ΣΜΒ46907Κ-ΨΝΑ,99221940,Δ.1,1631750400,ΑΝΑΘΕΣΗ ΠΑΡΟΧΗΣ ΥΠΗΡΕΣΙΩΝ ΓΙΑ ΤΗΝ ΤΕΧΝΙΚΗ ΥΠΟΣΤΗΡΙΞΗ ΛΟΓΙΣΜΙΚΟΥ ΕΦΑΡΜΟΓΩΝ-ΠΛΗΡΟΦΟΡΙΑΚΟ ΣΥΣΤΗΜΑ ΑΙΜΟΔΟΣΙΑΣ,"{'amount': 24676.0, 'currency': 'EUR'}",https://diavgeia.gov.gr/doc/6ΣΜΒ46907Κ-ΨΝΑ,category,,ΤΕΧΝΙΚΗ ΥΠΟΣΤΗΡΙΞΗ
9ΤΓΛ46907Κ-ΨΘΞ,99221940,Δ.2.2,1630540800,ΣΑΚΟΥΛΑΚΙΑ ΑΣΦΑΛΕΙΑΣ ΜΕΤΑΦΟΡΑΣ ΒΙΟΛΟΓΙΚΟΥ ΥΛΙΚΟΥ ΜΕ ΕΠΙΠΛΕΟΝ ΘΗΚΗ ΓΙΑ ΣΥΝΟΔΕΥΤΙΚΑ ΕΓΓΡΑΦΑ ΚΑΙ ΜΕ ΕΚΤΥΠΩΣΗ ΔΙΕΘΝΩΝ ΣΗΜΑΤΩΝ ΕΠΙΚΙΝΔΥΝΩΝ ΥΛΙΚΩΝ ΚΑΙ ΕΥΚΟΛΟ ΚΛΕΙΣΙΜΟ,"{'amount': 1872.8, 'currency': 'EUR'}",https://diavgeia.gov.gr/doc/9ΤΓΛ46907Κ-ΨΘΞ,category,,ΑΣΦΑΛΕΙΑ
ΩΥ3Χ46907Κ-ΜΔ1,99221940,Δ.2.2,1630540800,ΣΥΣΤΗΜΑ 3 ΑΥΛΩΝ ΜΕ ΑΝΤΙΜΙΚΡΟΒΙΑΚΑ ΠΩΜΑΤΑ ΑΣΦΑΛΕΙΑΣ ΣΕ ΚΑΘΕ ΑΥΛΟ,{'currency': 'EUR'},https://diavgeia.gov.gr/doc/ΩΥ3Χ46907Κ-ΜΔ1,category,,ΑΣΦΑΛΕΙΑ
ΩΔΠ946907Κ-Ι22,99221940,Δ.1,1629936000,ΣΥΜΒΑΣΗ ΓΙΑ ΥΠΗΡΑΣΙΕΣ ΦΥΛΑΞΗΣ ΓΝΡ-ΔΙΑΓΩΝΙΣΜΟΣ 95/2021,"{'amount': 44243.2, 'currency': 'EUR'}",https://diavgeia.gov.gr/doc/ΩΔΠ946907Κ-Ι22,category,,ΦΥΛΑΞΗ
ΩΣΩΠ46907Κ-ΕΩΕ,99221940,Δ.2.2,1629936000,ΕΓΚΡΙΣΗ ΑΠΟΤΕΛΕΣΜΑΤΩΝ ΔΙΑΠΡΑΓΜΑΤΕΥΣΗΣ ΔΙΑΓΩΝΙΣΜΟΥ 95_2021 ΓΙΑ ΤΗΝ ΑΝΑΘΕΣΗ ΥΠΗΡΕΣΙΩΝ ΦΥΛΑΞΗΣ,"{'amount': 44243.2, 'currency': 'EUR'}",https://diavgeia.gov.gr/doc/ΩΣΩΠ46907Κ-ΕΩΕ,category,,ΦΥΛΑΞΗ
9ΕΩΠ46907Κ-4ΥΨ,99221940,Δ.2.2,1629849600,ΑΠΟΦΑΣΗ ΔΣ ΓΙΑ ΕΓΚΡΙΣΗ ΑΠΟΤΕΛΕΣΜΑΤΩΝ ΤΟΥ ΣΥΝΟΠΤΙΚΟΥ ΔΙΑΓΩΝΙΣΜΟΥ 91/2021 ΓΙΑ ΤΗΝ ΑΝΑΘΕΣΗ ΤΩΝ ΥΠΗΡΕΣΙΩΝ ΚΑΘΑΡΙΟΤΗΤΑΣ,"{'amount': 57819.97, 'currency': 'EUR'}",https://diavgeia.gov.gr/doc/9ΕΩΠ46907Κ-4ΥΨ,category,,ΚΑΘΑΡΙΟΤΗΤ
6ΛΗ746907Κ-2ΛΦ,99221940,Δ.2.1,1629417600,ΣΑΚΟΥΛΑΚΙΑ ΑΣΦΑΛΕΙΑΣ ΜΕΤΑΦΟΡΑΣ ΒΙΟΛΟΓΙΚΟΥ ΥΛΙΚΟΥ ΜΕ ΕΠΙΠΛΕΟΝ ΘΗΚΗ ΓΙΑ ΣΥΝΟΔΕΥΤΙΚΑ ΕΓΓΡΑΦΑ ΚΑΙ ΜΕ ΕΚΤΥΠΩΣΗ ΔΙΕΘΝΩΝ ΣΗΜΑΤΩΝ ΕΠΙΚΙΝΔΥΝΩΝ ΥΛΙΚΩΝ ΚΑΙ ΕΥΚΟΛΟ ΚΛΕΙΣΙΜΟ,,https://diavgeia.gov.gr/doc/6ΛΗ746907Κ-2ΛΦ,category,,ΑΣΦΑΛΕΙΑ
6Ω7Κ46907Κ-ΓΒ1,99221940,Δ.2.1,1629331200,ΠΡΟΜΗΘΕΙΑ ΥΛΙΚΩΝ ΚΑΘΑΡΙΟΤΗΤΑΣ,,https://diavgeia.gov.gr/doc/6Ω7Κ46907Κ-ΓΒ1,category,,ΚΑΘΑΡΙΟΤΗΤ
6ΓΔ246907Κ-9ΗΩ,99221940,Δ.2.1,1629158400,ΣΥΣΤΗΜΑ 3 ΑΥΛΩΝ ΜΕ ΑΝΤΙΜΙΚΡΟΒΙΑΚΑ ΠΩΜΑΤΑ ΑΣΦΑΛΕΙΑΣ ΣΕ ΚΑΘΕ ΑΥΛΟ,,https://diavgeia.gov.gr/doc/6ΓΔ246907Κ-9ΗΩ,category,,ΑΣΦΑΛΕΙΑ
6ΙΧΩ46907Κ-ΞΔΙ,99221940,Δ.2.2,1654128000,ΔΙΑΛΥΜΑ ΑΠΟΛΥΜΑΝΣΗΣ ΚΑΘΑΡΙΣΜΟΥ ΚΑΙ ΑΦΑΛΑΤΩΣΗΣ ΤΩΝ 10L ΣΥΜΒΑΤΟ ΓΙΑ ΜΗΧΑΝΗΜΑΤΑ ΤΝ NIKKISO DBB-07*,"{'amount': 731.6, 'currency': 'EUR'}",https://diavgeia.gov.gr/doc/6ΙΧΩ46907Κ-ΞΔΙ,category,,ΚΑΘΑΡΙΣΜ
ΨΡΚΓ46907Κ-ΕΜ3,99221940,Δ.2.1,1652745600,ΠΡΟΜΗΘΕΙΑ ΥΛΙΚΩΝ ΚΑΘΑΡΙΟΤΗΤΑΣ,,https://diavgeia.gov.gr/doc/ΨΡΚΓ46907Κ-ΕΜ3,category,,ΚΑΘΑΡΙΟΤΗΤ
ΩΥΠΒ46907Κ-6Η8,99221940,Δ.2.1,1651536000,ΠΡΟΜΗΘΕΙΑ ΥΛΙΚΩΝ ΚΑΘΑΡΙΟΤΗΤΑΣ,,https://diavgeia.gov.gr/doc/ΩΥΠΒ46907Κ-6Η8,category,,ΚΑΘΑΡΙΟΤΗΤ
6Δ3Μ46907Κ-ΤΛΗ,99221940,Δ.2.1,1649203200,ΖΗΤΗΣΗ ΠΡΟΣΦΟΡΑΣ ΓΙΑ ΤΗΝ ΠΡΟΜΗΘΕΙΑ ΕΙΔΩΝ ΚΑΘΑΡΙΟΤΗΤΑΣ,,https://diavgeia.gov.gr/doc/6Δ3Μ46907Κ-ΤΛΗ,category,,ΚΑΘΑΡΙΟΤΗΤ
ΨΚΩΨ46907Κ-8ΧΘ,99221940,Δ.2.1,1647820800,ΠΡΟΜΗΘΕΙΑ ΥΛΙΚΩΝ ΚΑΘΑΡΙΟΤΗΤΑΣ,,https://diavgeia.gov.gr/doc/ΨΚΩΨ46907Κ-8ΧΘ,category,,ΚΑΘΑΡΙΟΤΗΤ
6ΞΩ846907Κ-4Φ2,99221940,Δ.2.2,1647561600,ΠΡΟΜΗΘΕΙΑ ΥΛΙΚΩΝ ΚΑΘΑΡΙΟΤΗΤΑΣ,"{'amount': 2069.21, 'currency': 'EUR'}",https://diavgeia.gov.gr/doc/6ΞΩ846907Κ-4Φ2,category,,ΚΑΘΑΡΙΟΤΗΤ
ΨΚΘΥ46907Κ-Γ19,99221940,Δ.2.1,1645142400,ΠΡΟΜΗΘΕΙΑ ΥΛΙΚΩΝ ΚΑΘΑΡΙΟΤΗΤΑΣ,,https://diavgeia.gov.gr/doc/ΨΚΘΥ46907Κ-Γ19,category,,ΚΑΘΑΡΙΟΤΗΤ
ΨΗ4Ι46907Κ-ΟΔΗ,99221940,Δ.2.2,1644883200,ΠΡΟΜΗΘΕΙΑ ΥΛΙΚΩΝ ΚΑΘΑΡΙΟΤΗΤΑΣ,"{'amount': 1062.0, 'currency': 'EUR'}",https://diavgeia.gov.gr/doc/ΨΗ4Ι46907Κ-ΟΔΗ,category,,ΚΑΘΑΡΙΟΤΗΤ
6ΗΔΥ46907Κ-Υ7Μ,99221940,Δ.2.2,1643932800,ΒΕΛΟΝΕΣ ΑΣΦΑΛΕΙΑΣ 23G & 25G,{'currency': 'EUR'},https://diavgeia.gov.gr/doc/6ΗΔΥ46907Κ-Υ7Μ,category,,ΑΣΦΑΛΕΙΑ
99ΡΓ46907Κ-74Ι,99221940,Δ.2.1,1643673600,"ΣΩΛΗΝΑΡΙΑ  ΚΕΝΟΥ ΑΕΡΑ 9-10ml EDTA K2
ΜΕ  ΤΑ ΚΑΤΩΘΙ  ΧΑΡΑΚΤΗΡΙΣΤΙΚΑ
•	ΔΙΑΣΤΑΣΕΙΣ :16Χ100mm, ΜΕ ΠΙΕΣΤΟ ΠΩΜΑ ΑΣΦΑΛΕΙΑΣ,ΣΤΕΓΑΝΗΣ ΕΦΑΡΜΟΓΗΣ ΚΑΙ ΕΥΚΟΛΗΣ ΔΙΑΤΡΗΣΗΣ, ΠΟ",,https://diavgeia.gov.gr/doc/99ΡΓ46907Κ-74Ι,category,,ΑΣΦΑΛΕΙΑ
9ΒΚΔ46907Κ-3Μ1,99221940,Δ.2.1,1643155200,"ΒΕΛΟΝΕΣ ΑΣΦΑΛΕΙΑΣ 23G Μ/ΧΡ ΜΗΚΟΥΣ 25mm ΠΕΡΙΠΟΥ
ΒΕΛΟΝΕΣ ΑΣΦΑΛΕΙΑΣ 25G Μ/ΧΡ ΜΗΚΟΥΣ 25mm ΠΕΡΙΠΟΥ",,https://diavgeia.gov.gr/doc/9ΒΚΔ46907Κ-3Μ1,category,,ΑΣΦΑΛΕΙΑ
ΨΞΜΜ46907Κ-ΠΨ5,99221940,Δ.2.2,1667433600,ΥΛΙΚΑ ΚΑΘΑΡΙΣΜΟΥ,"{'amount': 1054.25, 'currency': 'EUR'}",https://diavgeia.gov.gr/doc/ΨΞΜΜ46907Κ-ΠΨ5,category,,ΚΑΘΑΡΙΣΜ
6ΟΑΓ46907Κ-1ΓΣ,99221940,Δ.2.2,1666656000,ΥΛΙΚΑ ΚΑΘΑΡΙΣΜΟΥ,{'currency': 'EUR'},https://diavgeia.gov.gr/doc/6ΟΑΓ46907Κ-1ΓΣ,category,,ΚΑΘΑΡΙΣΜ
9ΖΞ646907Κ-ΖΥ9,99221940,Δ.2.2,1666137600,ΒΡΑΧΙΟΛΑΚΙΑ ΠΛΑΣΤΙΚΑ ΑΝΑΓΝΩΡΙΣΗΣ ΕΝΗΛΙΚΩΝ ΜΕ ΚΛΙΠ ΑΣΦΑΛΕΙΑΣ,{'currency': 'EUR'},https://diavgeia.gov.gr/doc/9ΖΞ646907Κ-ΖΥ9,category,,ΑΣΦΑΛΕΙΑ
Ρ7ΩΖ46907Κ-Ρ7Ρ,99221940,Δ.2.1,1665705600,ΥΛΙΚΑ ΚΑΘΑΡΙΟΤΗΤΑΣ,,https://diavgeia.gov.gr/doc/Ρ7ΩΖ46907Κ-Ρ7Ρ,category,,ΚΑΘΑΡΙΟΤΗΤ
6Ρ4246907Κ-7Β5,99221940,Δ.2.1,1665705600,ΣΥΣΚΕΥΕΣ ΕΝΤΕΡΙΚΗΣ ΣΙΤΙΣΗΣ,,https://diavgeia.gov.gr/doc/6Ρ4246907Κ-7Β5,category,,ΣΙΤΙΣΗ
ΩΣΞ546907Κ-8Γ3,99221940,Δ.2.1,1665705600,"ΣΩΛΗΝΑΡΙΑ  ΚΕΝΟΥ ΑΕΡΑ 9-10ml EDTA K2
ΜΕ  ΤΑ ΚΑΤΩΘΙ  ΧΑΡΑΚΤΗΡΙΣΤΙΚΑ
•	ΔΙΑΣΤΑΣΕΙΣ :16Χ100mm, ΜΕ ΠΙΕΣΤΟ ΠΩΜΑ ΑΣΦΑΛΕΙΑΣ,ΣΤΕΓΑΝΗΣ ΕΦΑΡΜΟΓΗΣ ΚΑΙ ΕΥΚΟΛΗΣ ΔΙΑΤΡΗΣΗΣ, ΠΟ",,https://diavgeia.gov.gr/doc/ΩΣΞ546907Κ-8Γ3,category,,ΑΣΦΑΛΕΙΑ
62ΑΘ46907Κ-9ΡΡ,99221940,Δ.2.1,1665705600,ΥΛΙΚΑ ΚΑΘΑΡΙΟΤΗΤΑΣ,,https://diavgeia.gov.gr/doc/62ΑΘ46907Κ-9ΡΡ,category,,ΚΑΘΑΡΙΟΤΗΤ
ΨΨΜΗ46907Κ-ΞΨ9,99221940,Δ.2.1,1665360000,ΕΝΤΕΡΙΚΗ ΣΙΤΙΣΗ ΜΕ ΙΝΕΣ,,https://diavgeia.gov.gr/doc/ΨΨΜΗ46907Κ-ΞΨ9,category,,ΣΙΤΙΣΗ
ΨΜΤ546907Κ-ΝΜΖ,99221940,Δ.2.1,1665014400,"1	16017020	ΠΕΤΑΛΟΥΔΕΣ ΑΙΜΟΛΗΨΙΑΣ ΑΣΦΑΛΕΙΑΣ  23GX3/4
 ΜΕ ΕΝΣΩΜΑΤΩΜΕΝΗ ΒΕΛΟΝΑ ΔΙΑΤΡΗΣΕΩΣ ΤΩΝ ΣΩΛΗΝΑΡΙΩΝ ΚΕΝΟΥ . ΝΑ ΣΥΝΟΔΕΥΕΤΑΙ ΑΠΟ ΥΠΟΔΟΧΕΑ ΣΩΛΗΝΑΡΙΩΝ ΚΑΙ ΝΑ ΠΡΟΣ",,https://diavgeia.gov.gr/doc/ΨΜΤ546907Κ-ΝΜΖ,category,,ΑΣΦΑΛΕΙΑ
ΩΜΧΑ46907Κ-Α08,99221940,Δ.2.1,1663804800,ΠΕΡΙΛΗΨΗ ΔΙΑΚΗΡΥΞΗΣ ΓΙΑ ΤΗΝ ΑΝΑΘΕΣΗ ΤΩΝ ΥΠΗΡΕΣΙΩΝ ΤΕΧΝΙΚΟΥ ΑΣΦΑΛΕΙΑΣ ΚΑΙ ΙΑΤΡΟΥ ΕΡΓΑΣΙΑΣ ΣΤΟ ΓΝ ΡΟΔΟΥ(97/2022),,https://diavgeia.gov.gr/doc/ΩΜΧΑ46907Κ-Α08,category,,ΑΣΦΑΛΕΙΑ
6ΜΕΨ46907Κ-ΡΘΣ,99221940,Δ.2.1,1663545600,ΧΑΡΤΙ ΚΑΘΑΡΙΣΜΟΥ ΣΕ ΡΟΛΟ,,https://diavgeia.gov.gr/doc/6ΜΕΨ46907Κ-ΡΘΣ,category,,ΚΑΘΑΡΙΣΜ
Ψ8ΤΙ46907Κ-ΛΓ5,99221940,Δ.2.2,1663286400,ΥΛΙΚΑ ΚΑΘΑΡΙΟΤΗΤΑΣ,{'currency': 'EUR'},https://diavgeia.gov.gr/doc/Ψ8ΤΙ46907Κ-ΛΓ5,category,,ΚΑΘΑΡΙΟΤΗΤ
6ΦΒΦ46907Κ-ΑΚ2,99221940,Δ.2.1,1662595200,ΕΝΤΕΡΙΚΗ ΣΙΤΙΣΗ,,https://diavgeia.gov.gr/doc/6ΦΒΦ46907Κ-ΑΚ2,category,,ΣΙΤΙΣΗ
Ψ4Δ246907Κ-8ΤΜ,99221940,Δ.2.1,1662336000,ΥΛΙΚΑ ΚΑΘΑΡΙΣΜΟΥ,,https://diavgeia.gov.gr/doc/Ψ4Δ246907Κ-8ΤΜ,category,,ΚΑΘΑΡΙΣΜ
6Ι5746907Κ-Ν7Ε,99221940,Δ.2.2,1662336000,ΑΛΙΚΑ ΚΑΘΑΡΙΣΜΟΥ,{'currency': 'EUR'},https://diavgeia.gov.gr/doc/6Ι5746907Κ-Ν7Ε,category,,ΚΑΘΑΡΙΣΜ
6Ω7Ι46907Κ-Σ7Ο,99221940,Δ.2.1,1661731200,ΥΛΙΚΑ ΚΑΘΑΡΙΟΤΗΤΑΣ,,https://diavgeia.gov.gr/doc/6Ω7Ι46907Κ-Σ7Ο,category,,ΚΑΘΑΡΙΟΤΗΤ
69Ι946907Κ-Ι78,99221940,Δ.2.2,1660867200,ΧΑΡΤΙ ΚΑΘΑΡΙΣΜΟΥ ΣΕ ΡΟΛΟ,{'currency': 'EUR'},https://diavgeia.gov.gr/doc/69Ι946907Κ-Ι78,category,,ΚΑΘΑΡΙΣΜ
ΨΚΗΦ46907Κ-9ΩΗ,99221940,Δ.2.1,1660694400,ΧΑΡΤΙ ΚΑΘΑΡΙΣΜΟΥ,,https://diavgeia.gov.gr/doc/ΨΚΗΦ46907Κ-9ΩΗ,category,,ΚΑΘΑΡΙΣΜ
ΨΤΡΨ46907Κ-ΝΧΣ,99221940,Δ.2.2,1660694400,"ΠΡΟΜΗΘΕΙΑ ΘΗΚΗΣ ΦΥΛΑΞΗΣ ΕΥΚΑΜΠΤΩΝ ΕΝΔΟΣΚΟΠΙΩΝ ,ΠΡΟΣΑΡΜΟΓΕΑ ΓΙΑ ΤΥΠΟΠΟΙΗΜΕΝΗ ΡΑΓΑ ΚΑΙ ΕΝΟΣ ΚΥΤΙΟΥ ΑΠΟΣΤΕΙΡΩΣΗΣ-ΦΥΛΑΞΗΣ","{'amount': 2337.4, 'currency': 'EUR'}",https://diavgeia.gov.gr/doc/ΨΤΡΨ46907Κ-ΝΧΣ,category,,ΦΥΛΑΞΗ
6ΓΣΧ46907Κ-ΡΑΖ,99221940,Δ.2.1,1660262400,ΥΛΙΚΑ ΚΑΘΑΡΙΟΤΗΤΑΣ,,https://diavgeia.gov.gr/doc/6ΓΣΧ46907Κ-ΡΑΖ,category,,ΚΑΘΑΡΙΟΤΗΤ
ΨΦ5Π46907Κ-ΑΟ8,99221940,Δ.2.1,1660694400,ΥΛΙΚΑ ΚΑΘΑΡΙΟΤΗΤΑΣ,,https://diavgeia.gov.gr/doc/ΨΦ5Π46907Κ-ΑΟ8,category,,ΚΑΘΑΡΙΟΤΗΤ
ΨΜΛΚ46907Κ-7Ρ2,99221940,Δ.2.1,1659052800,"ΠΡΟΜΗΘΕΙΑ ΘΗΚΗΣ ΦΥΛΑΞΗΣ ΕΥΚΑΜΠΤΩΝ ΕΝΔΟΣΚΟΠΙΩΝ,ΠΡΟΣΑΡΜΟΓΕΑ ΓΙΑ ΤΥΠΟΠΟΙΗΜΕΝΗ ΡΑΓΑ ΚΑΙ ΕΝΟΣ ΚΥΤΙΟΥ ΑΠΟΣΤΕΙΡΩΣΗΣ ΦΥΛΑΞΗΣ ΓΙΑ ΕΥΚΑΜΠΤΟ ΚΥΣΤΕΟΣΚΟΠΙΟ ΤΟΥ ΟΥΡΟΛΟΓΙΚΟΥ Τ",,https://diavgeia.gov.gr/doc/ΨΜΛΚ46907Κ-7Ρ2,category,,ΦΥΛΑΞΗ
9Ψ8Θ46907Κ-ΚΞ3,99221940,Δ.2.1,1658793600,ΥΛΙΚΑ ΚΑΘΑΡΙΟΤΗΤΑΣ,,https://diavgeia.gov.gr/doc/9Ψ8Θ46907Κ-ΚΞ3,category,,ΚΑΘΑΡΙΟΤΗΤ
ΨΡΓΣ46907Κ-5Ν6,99221940,Δ.2.2,1658793600,ΥΛΙΚΑ ΚΑΘΑΡΙΟΤΗΤΑΣ,"{'amount': None, 'currency': 'EUR'}",https://diavgeia.gov.gr/doc/ΨΡΓΣ46907Κ-5Ν6,category,,ΚΑΘΑΡΙΟΤΗΤ
Ψ4ΦΣ46907Κ-Σ92,99221940,Δ.2.2,1658448000,ΔΟΧΕΙΑ ΒΙΟΨΙΩΝ ΜΕ ΚΑΠΑΚΙ ΑΣΦΑΛΕΙΑΣ ΠΛΑΣΤΙΚΑ 5lit,"{'amount': 389.36, 'currency': 'EUR'}",https://diavgeia.gov.gr/doc/Ψ4ΦΣ46907Κ-Σ92,category,,ΑΣΦΑΛΕΙΑ
66Γ946907Κ-Χ25,99221940,Δ.2.1,1658275200,"ΠΡΟΜΗΘΕΙΑ ΘΗΚΗΣ ΦΥΛΑΞΗΣ ΕΥΚΑΜΠΤΩΝ ΕΝΔΟΣΚΟΠΙΩΝ ,ΠΡΟΣΑΡΜΟΓΕΑ ΓΙΑ ΤΥΠΟΠΟΙΗΜΕΝΗ ΡΑΓΑ ΚΑΙ ΕΝΟΣ ΚΥΤΙΟΥ ΑΠΟΣΤΕΙΡΩΣΗΣ-ΦΥΛΑΞΗΣ ΓΙΑ ΕΥΚΑΜΠΤΟ ΚΥΣΤΕΟΣΚΟΠΙΟ ΤΟΥ ΟΥΡΟΛΟΓΙΚΟΥ ",,https://diavgeia.gov.gr/doc/66Γ946907Κ-Χ25,category,,ΦΥΛΑΞΗ
Ψ5ΞΕ46907Κ-0ΗΡ,99221940,Δ.2.1,1658102400,ΥΛΙΚΑ ΚΑΘΑΡΙΟΤΗΤΑΣ,,https://diavgeia.gov.gr/doc/Ψ5ΞΕ46907Κ-0ΗΡ,category,,ΚΑΘΑΡΙΟΤΗΤ
ΨΚΥΠ46907Κ-ΦΣΛ,99221940,Δ.2.1,1657670400,ΔΟΧΕΙΑ ΒΙΟΨΙΩΝ ΜΕ ΚΑΠΑΚΙ ΑΣΦΑΛΕΙΑΣ ΠΛΑΣΤΙΚΑ  5lit,,https://diavgeia.gov.gr/doc/ΨΚΥΠ46907Κ-ΦΣΛ,category,,ΑΣΦΑΛΕΙΑ
652Μ46907Κ-354,99221940,Δ.2.2,1655856000,ΑΝΑΠΛΗΡΩΣΗ ΑΠΟΘΕΜΑΤΩΝ ΥΛΙΚΩΝ ΚΑΘΑΡΙΟΤΗΤΑΣ,"{'amount': 1037.26, 'currency': 'EUR'}",https://diavgeia.gov.gr/doc/652Μ46907Κ-354,category,,ΚΑΘΑΡΙΟΤΗΤ
Ψ72Ν46907Κ-4ΞΞ,99221940,Δ.2.1,1655856000,ΠΡΟΜΗΘΕΙΑ ΗΛΕΚΤΡΙΚΗ ΣΚΟΥΠΑ ΤΥΠΟΥ 3Μ ΓΙΑ ΚΑΘΑΡΙΣΜΟ ΕΚΤΥΠΩΤΩΝ ΚΑΙ ΦΩΤΟΤΥΠΙΚΩΝ ΜΗΧΑΝΗΜΑΤΩΝ,,https://diavgeia.gov.gr/doc/Ψ72Ν46907Κ-4ΞΞ,category,,ΚΑΘΑΡΙΣΜ
9Π3Ι46907Κ-3ΚΘ,99221940,Δ.2.2,1655251200,ΥΛΙΚΑ ΚΑΘΑΡΙΟΤΗΤΑΣ,"{'amount': 1082.39, 'currency': 'EUR'}",https://diavgeia.gov.gr/doc/9Π3Ι46907Κ-3ΚΘ,category,,ΚΑΘΑΡΙΟΤΗΤ
95ΤΧ46907Κ-Η6Μ,99221940,Δ.2.2,1680739200,"ΥΓΡΟ ΔΙΑΛΥΜΑ ΓΙΑ ΤΟΝ ΚΑΘΑΡΙΣΜΟ ΚΑΙ ΑΠΟΛΥΜΑΝΣΗ,ΣΥΜΒΑΤΟ ΜΕ ΤΟΝ ΜΟΡΦΟΤΡΟΠΕΑ V5Ms","{'amount': 90.1, 'currency': 'EUR'}",https://diavgeia.gov.gr/doc/95ΤΧ46907Κ-Η6Μ,category,,ΚΑΘΑΡΙΣΜ
Ψ6ΔΩ46907Κ-ΥΩ2,99221940,Δ.2.1,1680652800,ΥΛΙΚΑ ΚΑΘΑΡΙΣΜΟΥ,,https://diavgeia.gov.gr/doc/Ψ6ΔΩ46907Κ-ΥΩ2,category,,ΚΑΘΑΡΙΣΜ
9Ο8Β46907Κ-ΨΔ8,99221940,Δ.2.1,1680220800,Μαντιλάκια καθαρισμού και απολύμανσης εμποτισμένα με Υπεροξείδιο του Υδρογόνου Η2O2 κατάλληλα για όλες τις  ιατρικές επιφάνειες,,https://diavgeia.gov.gr/doc/9Ο8Β46907Κ-ΨΔ8,category,,ΚΑΘΑΡΙΣΜ
6Χ2Ξ46907Κ-ΓΗ9,99221940,Δ.2.1,1679961600,ΧΡΩΜΑΤΙΣΜΟΣ ΤΡΟΧΗΛΑΤΩΝ ΤΡΑΠΕΖΙΔΙΩΝ ΣΙΤΙΣΗΣ ΑΣΘΕΝΩΝ ΜΤΝ,,https://diavgeia.gov.gr/doc/6Χ2Ξ46907Κ-ΓΗ9,category,,ΣΙΤΙΣΗ
ΩΖΜΩ46907Κ-ΛΥΦ,99221940,Δ.2.1,1679875200,ΠΡΟΪΟΝ ΚΑΘΑΡΙΣΜΟΥ ΚΑΙ ΑΠΟΛΥΜΑΝΣΗΣ ΜΕΓΑΛΩΝ ΕΠΙΦΑΝΕΙΩΝ ΚΑΙ ΔΑΠΕΔΩΝ ΧΩΡΙΣ ΑΛΔΕΫΔΕΣ,,https://diavgeia.gov.gr/doc/ΩΖΜΩ46907Κ-ΛΥΦ,category,,ΚΑΘΑΡΙΣΜ
ΨΚΩΞ46907Κ-Ξ7Β,99221940,Δ.2.1,1679270400,"ΥΓΡΟ ΔΙΑΛΥΜΑ ΓΙΑ ΤΟΝ ΚΑΘΑΡΙΣΜΟ ΚΑΙ ΑΠΟΛΥΜΑΝΣΗ,ΣΥΜΒΑΤΟ ΜΕ ΤΟΝ ΜΟΡΦΟΤΡΟΠΕΑ V5Ms",,https://diavgeia.gov.gr/doc/ΨΚΩΞ46907Κ-Ξ7Β,category,,ΚΑΘΑΡΙΣΜ
Ψ9Ψ746907Κ-Ι52,99221940,Δ.2.2,1679011200,ΠΡΑΞΗ 1103-ΠΡΟΜΗΘΕΙΑ ΦΩΤΙΣΤΙΚΩΝ ΑΣΦΑΛΕΙΑΣ,{'currency': 'EUR'},https://diavgeia.gov.gr/doc/Ψ9Ψ746907Κ-Ι52,category,,ΑΣΦΑΛΕΙΑ
63ΕΝ46907Κ-ΔΝΘ,99221940,Δ.2.2,1678924800,ΒΟΥΡΤΣΕΣ (ΨΗΚΤΡΕΣ) ΚΑΘΑΡΙΣΜΟΥ ΕΝΔΟΣΚΟΠΙΚΩΝ ΟΡΓΑΝΩΝ,{'currency': 'EUR'},https://diavgeia.gov.gr/doc/63ΕΝ46907Κ-ΔΝΘ,category,,ΚΑΘΑΡΙΣΜ
9ΟΛΖ46907Κ-Τ14,99221940,Δ.2.1,1678406400,"ΣΥΣΚΕΥΗ ΠΑΡΟΧΕΤΕΥΣΗΣ ΤΡΑΥΜΑΤΩΝ REDON-SET
ΚΑΘΕΤΗΡΕΣ FOLLEY 2WAY 
ΚΑΘΕΤΗΡΕΣ ΣΙΤΙΣΗΣ ΝΕΟΓΝΩΝ",,https://diavgeia.gov.gr/doc/9ΟΛΖ46907Κ-Τ14,category,,ΣΙΤΙΣΗ
62Ο646907Κ-1Χ6,99221940,Δ.2.2,1678233600,ΥΛΙΚΑ ΚΑΘΑΡΙΣΜΟΥ,{'currency': 'EUR'},https://diavgeia.gov.gr/doc/62Ο646907Κ-1Χ6,category,,ΚΑΘΑΡΙΣΜ
6ΦΓΦ46907Κ-ΜΧ7,99221940,Δ.2.2,1677801600,ΣΥΣΤΗΜΑ 3 ΑΥΛΩΝ ΜΕ ΑΝΤΙΜΙΚΡΟΒΙΑΚΑ ΠΩΜΑΤΑ ΑΣΦΑΛΕΙΑΣ ΣΕ ΚΑΘΕ ΑΥΛΟ,{'currency': 'EUR'},https://diavgeia.gov.gr/doc/6ΦΓΦ46907Κ-ΜΧ7,category,,ΑΣΦΑΛΕΙΑ
ΨΩ7Ξ46907Κ-11Φ,99221940,Δ.2.1,1677110400,ΜΕΤΑΛΛΙΚΕΣ ΨΗΚΤΡΕΣ (ΒΟΥΡΤΣΕΣ) ΠΟΛΛΑΠΛΩΝ ΧΡΗΣΕΩΝ ΚΑΘΑΡΙΣΜΟ ΤΩΝ ΕΝΔΟΣΚΟΠΙΚΩΝ ΟΡΓΑΝΩΝ ΠΟΥ ΝΑ ΔΙΕΡΧΟΝΤΑΙ ΑΠΟ ΤΟ ΚΑΝΑΛΙ  ΒΙΟΨΙΑΣ,,https://diavgeia.gov.gr/doc/ΨΩ7Ξ46907Κ-11Φ,category,,ΚΑΘΑΡΙΣΜ
ΨΛ0Ν46907Κ-46Ο,99221940,Δ.2.1,1677024000,ΥΛΙΚΑ ΚΑΘΑΡΙΟΤΗΤΑΣ,,https://diavgeia.gov.gr/doc/ΨΛ0Ν46907Κ-46Ο,category,,ΚΑΘΑΡΙΟΤΗΤ
65ΛΛ46907Κ-ΣΒΕ,99221940,Δ.2.1,1677110400,ΠΡΟΜΗΘΕΙΑ ΦΩΤΙΣΤΙΚΩΝ ΑΣΦΑΛΕΙΑΣ,,https://diavgeia.gov.gr/doc/65ΛΛ46907Κ-ΣΒΕ,category,,ΑΣΦΑΛΕΙΑ
ΨΩ4Δ46907Κ-3Θ5,99221940,Δ.2.1,1676505600,Μαντιλάκια καθαρισμού και απολύμανσης εμποτισμένα με Υπεροξείδιο του Υδρογόνου Η2O2 κατάλληλα για όλες τις  ιατρικές επιφάνειες,,https://diavgeia.gov.gr/doc/ΨΩ4Δ46907Κ-3Θ5,category,,ΚΑΘΑΡΙΣΜ
9ΝΘ646907Κ-ΛΕΚ,99221940,Δ.2.2,1675900800,ΣΥΣΚΕΥΕΣ ΕΝΤΕΡΙΚΗΣ ΣΙΤΙΣΗΣ,"{'amount': 2034.0, 'currency': 'EUR'}",https://diavgeia.gov.gr/doc/9ΝΘ646907Κ-ΛΕΚ,category,,ΣΙΤΙΣΗ
ΨΡΑΨ46907Κ-Γ9Τ,99221940,Δ.2.1,1675641600,"ΜΑΣΚΕΣ ΑΠΛΕΣ Ο2  ΠΑΙΔΙΑΤΡΙΚΕΣ
ΜΑΣΚΕΣ ΑΠΛΕΣ Ο2  ΝΕΟΓΝΙΚΕΣ
ΣΩΛΗΝΑΡΙΑ ΚΑΙ ΜΑΣΚΕΣ ΟΞΥΓΟΝΟΥ 
ΡΙΝΙΚΕΣ (ΓΥΑΛΙΑ) ΠΑΙΔΙΑΤΡΙΚΕΣ
ΚΑΘΕΤΗΡΕΣ ΣΙΤΙΣΗΣ ΝΕΟΓΝΩΝ  ΑΚΤΙΝΟΣΚΙΕΡΟΙ  ",,https://diavgeia.gov.gr/doc/ΨΡΑΨ46907Κ-Γ9Τ,category,,ΣΙΤΙΣΗ
ΨΞΣ946907Κ-Ο56,99221940,Δ.2.2,1675123200,ΥΛΙΚΑ ΚΑΘΑΡΙΣΜΟΥ,{'currency': 'EUR'},https://diavgeia.gov.gr/doc/ΨΞΣ946907Κ-Ο56,category,,ΚΑΘΑΡΙΣΜ
9ΛΞ346907Κ-ΞΨ1,99221940,Δ.2.1,1675036800,ΣΥΣΚΕΥΕΣ ΕΝΤΕΡΙΚΗΣ ΣΙΤΙΣΗΣ,,https://diavgeia.gov.gr/doc/9ΛΞ346907Κ-ΞΨ1,category,,ΣΙΤΙΣΗ
63ΠΥ46907Κ-0ΙΝ,99221940,Δ.2.2,1674777600,ΥΛΙΚΑ ΚΑΘΑΡΙΣΜΟΥ,{'currency': 'EUR'},https://diavgeia.gov.gr/doc/63ΠΥ46907Κ-0ΙΝ,category,,ΚΑΘΑΡΙΣΜ
Ψ9ΚΙ46907Κ-987,99221940,Δ.2.1,1674691200,ΥΛΙΚΑ ΚΑΘΑΡΙΣΜΟΥ,,https://diavgeia.gov.gr/doc/Ψ9ΚΙ46907Κ-987,category,,ΚΑΘΑΡΙΣΜ
665Ν46907Κ-6ΗΦ,99221940,Δ.2.1,1674000000,ΥΛΙΚΑ ΚΑΘΑΡΙΟΤΗΤΑΣ,,https://diavgeia.gov.gr/doc/665Ν46907Κ-6ΗΦ,category,,ΚΑΘΑΡΙΟΤΗΤ
ΨΖ1Φ46907Κ-2ΣΩ,99221940,Δ.2.1,1674000000,ΥΛΙΚΑ ΚΑΘΑΡΙΣΜΟΥ,,https://diavgeia.gov.gr/doc/ΨΖ1Φ46907Κ-2ΣΩ,category,,ΚΑΘΑΡΙΣΜ
9ΠΠΚ46907Κ-ΧΚ7,99221940,Δ.2.1,1673827200,ΣΥΣΤΗΜΑ 3 ΑΥΛΩΝ ΜΕ ΑΝΤΙΜΙΚΡΟΒΙΑΚΑ ΠΩΜΑΤΑ ΑΣΦΑΛΕΙΑΣ ΣΕ ΚΑΘΕ ΑΥΛΟ,,https://diavgeia.gov.gr/doc/9ΠΠΚ46907Κ-ΧΚ7,category,,ΑΣΦΑΛΕΙΑ
6Λ4146907Κ-ΚΙΘ,99221940,Δ.2.1,1673827200,ΥΛΙΚΑ ΚΑΘΑΡΙΣΜΟΥ,,https://diavgeia.gov.gr/doc/6Λ4146907Κ-ΚΙΘ,category,,ΚΑΘΑΡΙΣΜ
Ψ9ΠΗ46907Κ-2Κ7,99221940,Δ.2.1,1673827200,ΠΑΠΑΓΑΛΟΙ ΠΛΑΣΤΙΚΟΙ ΜΕ ΚΑΠΑΚΙ ΑΣΦΑΛΕΙΑΣ (ΟΥΡΟΔΟΧΕΙΑ ΑΝΔΡΩΝ) ΠΟΛΛΑΠΛΩΝ ΧΡΗΣΕΩΝ.,,https://diavgeia.gov.gr/doc/Ψ9ΠΗ46907Κ-2Κ7,category,,ΑΣΦΑΛΕΙΑ
6ΞΔΒ46907Κ-ΔΥ4,99221940,Δ.2.2,1673827200,ΥΛΙΚΑ ΚΑΘΑΡΙΣΜΟΥ,{'currency': 'EUR'},https://diavgeia.gov.gr/doc/6ΞΔΒ46907Κ-ΔΥ4,category,,ΚΑΘΑΡΙΣΜ
ΩΤΨΚ46907Κ-ΤΜΞ,99221940,Δ.2.1,1671148800,ΥΛΙΚΑ ΚΑΘΑΡΙΣΜΟΥ,,https://diavgeia.gov.gr/doc/ΩΤΨΚ46907Κ-ΤΜΞ,category,,ΚΑΘΑΡΙΣΜ
Ω2Γ646907Κ-1ΔΣ,99221940,Δ.2.2,1669075200,ΠΡΑΞΗ ΠΟΛΥΕΤΟΥΣ ΔΕΣΜΕΥΣΗΣ ΠΟΥ ΑΦΟΡΑ ΤΗΝ ΑΣΚΗΣΗ ΤΟΥ ΔΙΚΑΙΩΜΑΤΟΣ ΠΡΟΑΙΡΕΣΗΣ ΓΙΑ  ΤΗΝ ΑΝΑΘΕΣΗ ΤΩΝ ΥΠΗΡΕΣΙΩΝ ΦΥΛΑΞΗΣ ΤΟΥ ΓΝΡ,"{'amount': 310659.43, 'currency': 'EUR'}",https://diavgeia.gov.gr/doc/Ω2Γ646907Κ-1ΔΣ,category,,ΦΥΛΑΞΗ
ΩΤΡ546907Κ-ΥΨΩ,99221940,Δ.2.2,1668729600,ΣΥΣΚΕΥΕΣ ΕΝΤΕΡΙΚΗΣ ΣΙΤΙΣΗΣ,"{'amount': 805.46, 'currency': 'EUR'}",https://diavgeia.gov.gr/doc/ΩΤΡ546907Κ-ΥΨΩ,category,,ΣΙΤΙΣΗ
6ΣΕΣ46907Κ-279,99221940,Δ.2.2,1689724800,ΠΡΑΞΗ ΕΠΙΤΡΟΠΗΣ ΑΞΙΟΛΟΓΗΣΗΣ ΦΥΛΑΞΗΣ ΝΟΣΟΚΟΜΕΙΟΥ,"{'amount': 339861.44, 'currency': 'EUR'}",https://diavgeia.gov.gr/doc/6ΣΕΣ46907Κ-279,category,,ΦΥΛΑΞΗ
6ΖΥ646907Κ-3ΩΝ,99221940,Δ.2.1,1693526400,ΥΛΙΚΑ ΚΑΘΑΡΙΟΤΗΤΑΣ,,https://diavgeia.gov.gr/doc/6ΖΥ646907Κ-3ΩΝ,category,,ΚΑΘΑΡΙΟΤΗΤ
ΨΙΦΦ46907Κ-Ξ4Ε,99221940,Δ.2.2,1693440000,ΚΑΘΕΤΗΡΕΣ ΣΙΤΙΣΗΣ ΝΕΟΓΝΩΝ  ΑΚΤΙΝΟΣΚΙΕΡΟΙ,"{'amount': 308.49, 'currency': 'EUR'}",https://diavgeia.gov.gr/doc/ΨΙΦΦ46907Κ-Ξ4Ε,category,,ΣΙΤΙΣΗ
ΨΘΖΧ46907Κ-25Τ,99221940,Δ.2.1,1692662400,"ΥΑΛΙΝΕΣ ΚΑΛΥΠΤΡΙΔΕΣ ΜΙΚΡΟΣΚΟΠΗΣΗΣ ΔΙΑΦΑΝΕΣ ΔΙΣΤΑΣΕΩΝ 24Χ50mm
•	ΝΑ ΕΙΝΑΙ ΥΨΗΛΗΣ ΚΑΘΑΡΙΟΤΗΤΑΣ 
•	ΝΑ ΕΙΝΑΙ ΚΑΤΑΛΛΗΛΕΣ ΠΡΟΣ ΧΡΗΣΗ ΓΙΑ ΑΥΤΟΠΟΙΗΜΕΝΑΣΥΣΤΗΜΑΤΑ ΕΠΙΚΑΛΥΨ",,https://diavgeia.gov.gr/doc/ΨΘΖΧ46907Κ-25Τ,category,,ΚΑΘΑΡΙΟΤΗΤ
6ΘΠΛ46907Κ-36Υ,99221940,Δ.2.1,1692576000,ΚΑΘΕΤΗΡΕΣ ΣΙΤΙΣΗΣ ΝΕΟΓΝΩΝ,,https://diavgeia.gov.gr/doc/6ΘΠΛ46907Κ-36Υ,category,,ΣΙΤΙΣΗ
6ΞΝ246907Κ-Ε1Ω,99221940,Δ.2.2,1691539200,ΜΑΝΤΗΛΑΚΙΑ ΑΝΤΙΣΗΨΙΑΣ ΚΑΙ ΚΑΘΑΡΙΣΜΟΥ ΣΩΜΑΤΟΣ . ΝΑ ΠΕΡΙΕΧΟΥΝ ΔΙΑΛΥΜΑ  ΧΛΩΡΕΞΙΔΙΝΗΣ 2% .,"{'amount': 426.12, 'currency': 'EUR'}",https://diavgeia.gov.gr/doc/6ΞΝ246907Κ-Ε1Ω,category,,ΚΑΘΑΡΙΣΜ
96ΑΤ46907Κ-ΒΤ6,99221940,Δ.2.1,1690848000,ΜΑΝΤΗΛΑΚΙΑ ΑΝΤΙΣΗΨΙΑΣ ΚΑΙ ΚΑΘΑΡΙΣΜΟΥ ΣΩΜΑΤΟΣ . ΝΑ ΠΕΡΙΕΧΟΥΝ ΔΙΑΛΥΜΑ  ΧΛΩΡΕΞΙΔΙΝΗΣ 2% .,,https://diavgeia.gov.gr/doc/96ΑΤ46907Κ-ΒΤ6,category,,ΚΑΘΑΡΙΣΜ
6ΒΟΗ46907Κ-0Τ7,99221940,Δ.2.1,1690848000,"ΠΕΤΑΛΟΥΔΕΣ ΑΙΜΟΛΗΨΙΑΣ ΑΣΦΑΛΕΙΑΣ  25GX3/4 
ΜΕ ΕΝΣΩΜΑΤΩΜΕΝΗ ΒΕΛΟΝΑ.",,https://diavgeia.gov.gr/doc/6ΒΟΗ46907Κ-0Τ7,category,,ΑΣΦΑΛΕΙΑ
Ε0Ε046907Κ-ΨΞΝ,99221940,Δ.2.1,1689206400,ΜΑΝΤΗΛΑΚΙΑ ΑΝΤΙΣΗΨΙΑΣ ΚΑΙ ΚΑΘΑΡΙΣΜΟΥ ΣΩΜΑΤΟΣ . ΝΑ ΠΕΡΙΕΧΟΥΝ ΔΙΑΛΥΜΑ  ΧΛΩΡΕΞΙΔΙΝΗΣ 2% .,,https://diavgeia.gov.gr/doc/Ε0Ε046907Κ-ΨΞΝ,category,,ΚΑΘΑΡΙΣΜ
9Ο4Π46907Κ-6ΣΨ,99221940,Δ.2.1,1688688000,ΠΕΡΙΛΗΨΗ ΔΙΑΚΗΡΥΞΗΣ ΗΛΕΚΤΡΟΝΙΚΟΥ ΑΝΟΙΚΤΟΥ ΔΙΑΓΩΝΙΣΜΟΥ ΑΝΩΤ ΤΩΝ ΟΡΙΩΝ ΓΙΑ ΤΗΝ ΑΝΑΘΕΣΗ ΥΠΗΡΕΣΙΩΝ ΦΥΛΑΞΗΣ,,https://diavgeia.gov.gr/doc/9Ο4Π46907Κ-6ΣΨ,category,,ΦΥΛΑΞΗ
ΩΖ6Ξ46907Κ-8ΚΒ,99221940,Δ.2.2,1688515200,ΕΝΤΕΡΙΚΗ ΣΙΤΙΣΗ,{'currency': 'EUR'},https://diavgeia.gov.gr/doc/ΩΖ6Ξ46907Κ-8ΚΒ,category,,ΣΙΤΙΣΗ
6Κ5Ο46907Κ-ΑΡ7,99221940,Δ.2.2,1688428800,ΠΡΑΞΗ ΠΟΥΛΕΤΟΥΣ ΔΕΣΜΕΥΣΗΣ ΠΟΥ ΑΦΟΡΑ ΤΟΝ ΔΙΑΓΩΝΙΣΜΟ ΤΗΣ ΦΥΛΑΞΗΣ,"{'amount': 339861.44, 'currency': 'EUR'}",https://diavgeia.gov.gr/doc/6Κ5Ο46907Κ-ΑΡ7,category,,ΦΥΛΑΞΗ
ΨΖΤΨ46907Κ-ΝΘΦ,99221940,Δ.2.1,1687910400,ΠΕΤΑΛΟΥΔΕΣ ΑΙΜΟΛΗΨΙΑΣ ΑΣΦΑΛΕΙΑΣ  25GX3/4,,https://diavgeia.gov.gr/doc/ΨΖΤΨ46907Κ-ΝΘΦ,category,,ΑΣΦΑΛΕΙΑ
ΨΝ4946907Κ-9ΡΜ,99221940,Δ.2.2,1687219200,"ΣΤΗΡΙΚΤΙΚΑ ΤΡΑΧΕΙΟΣΤΟΜΙΑΣ LARGE
ΣΤΗΡΙΓΜΑ ΜΥΤΗΣ  ΡΙΝΟΓΑΣΤΡΙΚΟΥ ΣΩΛΗΝΑ ΚΑΙ ΣΩΛΗΝΑ ΣΙΤΙΣΗΣ ΕΝΗΛΙΚΩΝ ΜΕ ΕΠΙΘΕΜΑ (ΝΑ ΕΙΝΑΙ ΔΙΑΦΑΝΗΣ)","{'amount': 652.7, 'currency': 'EUR'}",https://diavgeia.gov.gr/doc/ΨΝ4946907Κ-9ΡΜ,category,,ΣΙΤΙΣΗ
ΩΝ6Χ46907Κ-2Θ5,99221940,Δ.2.1,1686182400,"ΣΤΗΡΙΚΤΙΚΑ ΤΡΑΧΕΙΟΣΤΟΜΙΑΣ LARGE
ΣΤΗΡΙΓΜΑ ΜΥΤΗΣ  ΡΙΝΟΓΑΣΤΡΙΚΟΥ ΣΩΛΗΝΑ ΚΑΙ ΣΩΛΗΝΑ ΣΙΤΙΣΗΣ ΕΝΗΛΙΚΩΝ ΜΕ ΕΠΙΘΕΜΑ (ΝΑ ΕΙΝΑΙ ΔΙΑΦΑΝΗΣ)",,https://diavgeia.gov.gr/doc/ΩΝ6Χ46907Κ-2Θ5,category,,ΣΙΤΙΣΗ
ΨΘΧΕ46907Κ-ΚΜΦ,99221940,Δ.2.2,1685577600,ΠΡΑΞΗ-ΠΡΟΜΗΘΕΙΑ ΑΔΡΑΝΟΠΟΙΗΜΕΝΟΥ ΥΔΡΟΧΛΩΡΙΚΟΥ ΟΞΕΟΣ ΓΙΑ ΤΟΝ ΧΗΜΙΚΟ ΚΑΘΑΡΙΣΜΟ ΤΩΝ ΨΥΚΤΩΝ,{'currency': 'EUR'},https://diavgeia.gov.gr/doc/ΨΘΧΕ46907Κ-ΚΜΦ,category,,ΚΑΘΑΡΙΣΜ
6Ε0Χ46907Κ-4ΓΦ,99221940,Δ.2.2,1685491200,ΥΛΙΚΑ ΚΑΘΑΡΙΟΤΗΤΑΣ,{'currency': 'EUR'},https://diavgeia.gov.gr/doc/6Ε0Χ46907Κ-4ΓΦ,category,,ΚΑΘΑΡΙΟΤΗΤ
ΨΨΘ546907Κ-Η9Ξ,99221940,Δ.2.1,1685404800,"ΣΩΛΗΝΑΡΙΑ  ΚΕΝΟΥ ΑΕΡΑ 9-10ml EDTA K2
ΜΕ  ΤΑ ΚΑΤΩΘΙ  ΧΑΡΑΚΤΗΡΙΣΤΙΚΑ
•	ΔΙΑΣΤΑΣΕΙΣ :16Χ100mm, ΜΕ ΠΙΕΣΤΟ ΠΩΜΑ ΑΣΦΑΛΕΙΑΣ,ΣΤΕΓΑΝΗΣ ΕΦΑΡΜΟΓΗΣ ΚΑΙ ΕΥΚΟΛΗΣ ΔΙΑΤΡΗΣΗΣ, ΠΟ",,https://diavgeia.gov.gr/doc/ΨΨΘ546907Κ-Η9Ξ,category,,ΑΣΦΑΛΕΙΑ
97ΘΤ46907Κ-ΟΩΩ,99221940,Δ.2.2,1684886400,ΔΟΧΕΙΑ ΒΙΟΨΙΩΝ ΜΕ ΚΑΠΑΚΙ ΑΣΦΑΛΕΙΑΣ ΠΛΑΣΤΙΚΑ,"{'amount': 880.4, 'currency': 'EUR'}",https://diavgeia.gov.gr/doc/97ΘΤ46907Κ-ΟΩΩ,category,,ΑΣΦΑΛΕΙΑ
9Ι4446907Κ-ΠΘ0,99221940,Δ.2.1,1684368000,ΥΛΙΚΑ ΚΑΘΑΡΙΟΤΗΤΑΣ,,https://diavgeia.gov.gr/doc/9Ι4446907Κ-ΠΘ0,category,,ΚΑΘΑΡΙΟΤΗΤ
9ΕΦ446907Κ-556,99221940,Δ.2.1,1684368000,ΠΡΟΜΗΘΕΙΑ ΑΔΡΑΝΟΠΟΙΗΜΕΝΟΥ ΥΔΡΟΧΛΩΡΙΚΟΥ ΟΞΕΟΣ ΓΙΑ ΤΟΝ ΧΗΜΙΚΟ ΚΑΘΑΡΙΣΜΟ ΤΩΝ ΨΥΚΤΩΝ.,,https://diavgeia.gov.gr/doc/9ΕΦ446907Κ-556,category,,ΚΑΘΑΡΙΣΜ
ΨΒΞ446907Κ-3Ι6,99221940,Δ.2.1,1684281600,ΥΛΙΚΑ ΚΑΘΑΡΙΣΜΟΥ,,https://diavgeia.gov.gr/doc/ΨΒΞ446907Κ-3Ι6,category,,ΚΑΘΑΡΙΣΜ
ΩΜΘΖ46907Κ-Τ9Ο,99221940,Δ.2.1,1682985600,ΥΛΙΚΑ ΚΑΘΑΡΙΟΤΗΤΑΣ,,https://diavgeia.gov.gr/doc/ΩΜΘΖ46907Κ-Τ9Ο,category,,ΚΑΘΑΡΙΟΤΗΤ
Ψ8Ι846907Κ-ΣΔΧ,99221940,Δ.2.2,1682640000,ΜΑΝΤΙΛΑΚΙΑ ΚΑΘΑΡΙΣΜΟΥ,{'currency': 'EUR'},https://diavgeia.gov.gr/doc/Ψ8Ι846907Κ-ΣΔΧ,category,,ΚΑΘΑΡΙΣΜ
Ω8ΧΘ46907Κ-ΙΗ1,99221940,Δ.2.2,1681948800,ΥΛΙΚΑ ΚΑΘΑΡΙΟΤΗΤΑΣ,{'currency': 'EUR'},https://diavgeia.gov.gr/doc/Ω8ΧΘ46907Κ-ΙΗ1,category,,ΚΑΘΑΡΙΟΤΗΤ
9Τ9346907Κ-2ΟΞ,99221940,Δ.2.1,1681862400,ΠΡΟΪΟΝ ΚΑΘΑΡΙΣΜΟΥ ΚΑΙ ΑΠΟΛΥΜΑΝΣΗΣ ΜΕΓΑΛΩΝ ΕΠΙΦΑΝΕΙΩΝ ΚΑΙ ΔΑΠΕΔΩΝ ΧΩΡΙΣ ΑΛΔΕΫΔΕΣ,,https://diavgeia.gov.gr/doc/9Τ9346907Κ-2ΟΞ,category,,ΚΑΘΑΡΙΣΜ
Ω8Ι846907Κ-Ζ2Β,99221940,Δ.2.2,1681862400,ΠΡΑΞΗ -ΧΡΩΜΑΤΙΣΜΟΣ ΤΡΟΧΗΛΑΤΩΝ ΤΡΑΠΕΖΙΔΙΩΝ ΣΙΤΙΣΗΣ ΑΣΘΕΝΩΝ ΜΤΝ,{'currency': 'EUR'},https://diavgeia.gov.gr/doc/Ω8Ι846907Κ-Ζ2Β,category,,ΣΙΤΙΣΗ
6ΖΓΙ46907Κ-ΙΥΓ,99221940,Δ.2.1,1705968000,"ΣΩΛΗΝΑΡΙΑ  ΚΕΝΟΥ ΑΕΡΑ 9-10ml EDTA K2
ΜΕ  ΤΑ ΚΑΤΩΘΙ  ΧΑΡΑΚΤΗΡΙΣΤΙΚΑ
•	ΔΙΑΣΤΑΣΕΙΣ :16Χ100mm, ΜΕ ΠΙΕΣΤΟ ΠΩΜΑ ΑΣΦΑΛΕΙΑΣ,ΣΤΕΓΑΝΗΣ ΕΦΑΡΜΟΓΗΣ ΚΑΙ ΕΥΚΟΛΗΣ ΔΙΑΤΡΗΣΗΣ, ΠΟ",,https://diavgeia.gov.gr/doc/6ΖΓΙ46907Κ-ΙΥΓ,category,,ΑΣΦΑΛΕΙΑ
ΨΩΠΤ46907Κ-ΧΑΤ,99221940,Δ.2.1,1705536000,ΥΛΙΚΑ ΚΑΘΑΡΙΟΤΗΤΑΣ,,https://diavgeia.gov.gr/doc/ΨΩΠΤ46907Κ-ΧΑΤ,category,,ΚΑΘΑΡΙΟΤΗΤ
ΨΟΘ746907Κ-ΥΜΛ,99221940,Δ.2.2,1703030400,ΚΡΕΜΑ ΕΝΖΥΜΙΚΟΥ ΚΑΘΑΡΙΣΜΟΥ & ΑΝΤΙΜΙΚΡΟΒΙΑΚΗ ΚΡΕΜΑ,{'currency': 'EUR'},https://diavgeia.gov.gr/doc/ΨΟΘ746907Κ-ΥΜΛ,category,,ΚΑΘΑΡΙΣΜ
628446907Κ-ΘΣΦ,99221940,Δ.2.2,1701993600,"ΣΥΣΚΕΥΕΣ ΕΝΤΕΡΙΚΗΣ ΣΙΤΙΣΗΣ ΜΕ ΕΝΣΩΜΑΤΩΜΕΝΟ ΣΑΚΟ 1,5L","{'amount': 1356.0, 'currency': 'EUR'}",https://diavgeia.gov.gr/doc/628446907Κ-ΘΣΦ,category,,ΣΙΤΙΣΗ
6ΩΜΙ46907Κ-39Σ,99221940,Δ.2.2,1701820800,ΑΝΤΙΣΚΩΡΙΑΚΟ ΥΓΡΟ ΣΥΝΤΗΡΗΣΗΣ- ΚΑΘΑΡΙΣΜΟΥ ΧΕΙΡΟΥΡΓΙΚΩΝ ΕΡΓΑΛΕΙΩΝ,"{'amount': 223.2, 'currency': 'EUR'}",https://diavgeia.gov.gr/doc/6ΩΜΙ46907Κ-39Σ,category,,ΚΑΘΑΡΙΣΜ
6Ω0Χ46907Κ-5ΡΓ,99221940,Δ.2.1,1700611200,ΠΡΟΪΟΝ ΚΑΘΑΡΙΣΜΟΥ ΚΑΙ ΑΠΟΛΥΜΑΝΣΗΣ ΜΕΓΑΛΩΝ ΕΠΙΦΑΝΕΙΩΝ ΚΑΙ ΔΑΠΕΔΩΝ ΧΩΡΙΣ ΑΛΔΕΫΔΕΣ,,https://diavgeia.gov.gr/doc/6Ω0Χ46907Κ-5ΡΓ,category,,ΚΑΘΑΡΙΣΜ
Ψ6ΙΑ46907Κ-Λ16,99221940,Δ.2.1,1700611200,Κρέμας ενζυματικού καθαρισμού των ελκών και τραυμάτων με Υαλουρονικό Οξύ και Κολλαγενάση.,,https://diavgeia.gov.gr/doc/Ψ6ΙΑ46907Κ-Λ16,category,,ΚΑΘΑΡΙΣΜ
ΨΑΩΨ46907Κ-Α69,99221940,Δ.2.1,1700524800,"ΣΩΛΗΝΑΡΙΑ  ΚΕΝΟΥ ΑΕΡΑ 9-10ml EDTA K2
ΜΕ  ΤΑ ΚΑΤΩΘΙ  ΧΑΡΑΚΤΗΡΙΣΤΙΚΑ
•	ΔΙΑΣΤΑΣΕΙΣ :16Χ100mm, ΜΕ ΠΙΕΣΤΟ ΠΩΜΑ ΑΣΦΑΛΕΙΑΣ,ΣΤΕΓΑΝΗΣ ΕΦΑΡΜΟΓΗΣ ΚΑΙ ΕΥΚΟΛΗΣ ΔΙΑΤΡΗΣΗΣ, ΠΟ",,https://diavgeia.gov.gr/doc/ΨΑΩΨ46907Κ-Α69,category,,ΑΣΦΑΛΕΙΑ
Ρ92Ψ46907Κ-7Κ7,99221940,Δ.2.1,1700524800,ΑΝΤΙΣΚΩΡΙΑΚΟ ΥΓΡΟ ΣΥΝΤΗΡΗΣΗΣ- ΚΑΘΑΡΙΣΜΟΥ ΧΕΙΡΟΥΡΓΙΚΩΝ ΕΡΓΑΛΕΙΩΝ,,https://diavgeia.gov.gr/doc/Ρ92Ψ46907Κ-7Κ7,category,,ΚΑΘΑΡΙΣΜ
ΨΖΡΛ46907Κ-ΗΗΓ,99221940,Δ.2.2,1699488000,ΜΑΝΤΗΛΑΚΙΑ ΚΑΘΑΡΙΣΜΟΥ,"{'amount': 742.0, 'currency': 'EUR'}",https://diavgeia.gov.gr/doc/ΨΖΡΛ46907Κ-ΗΗΓ,category,,ΚΑΘΑΡΙΣΜ
6Ι4Υ46907Κ-Ρ32,99221940,Δ.2.2,1698192000,ΥΛΙΚΑ ΚΑΘΑΡΙΣΜΟΥ,{'currency': 'EUR'},https://diavgeia.gov.gr/doc/6Ι4Υ46907Κ-Ρ32,category,,ΚΑΘΑΡΙΣΜ
ΩΧΝΕ46907Κ-1ΣΣ,99221940,Δ.2.2,1698192000,ΥΛΙΚΑ ΚΑΘΑΡΙΣΜΟΥ,{'currency': 'EUR'},https://diavgeia.gov.gr/doc/ΩΧΝΕ46907Κ-1ΣΣ,category,,ΚΑΘΑΡΙΣΜ
ΨΔ3846907Κ-3Η0,99221940,Δ.2.2,1698019200,ΜΑΝΤΗΛΑΚΙΑ ΑΝΤΙΣΗΨΙΑΣ ΚΑΙ ΚΑΘΑΡΙΣΜΟΥ ΣΩΜΑΤΟΣ . ΝΑ ΠΕΡΙΕΧΟΥΝ ΔΙΑΛΥΜΑ  ΧΛΩΡΕΞΙΔΙΝΗΣ 2% .,"{'amount': 954.0, 'currency': 'EUR'}",https://diavgeia.gov.gr/doc/ΨΔ3846907Κ-3Η0,category,,ΚΑΘΑΡΙΣΜ
9Π8Ω46907Κ-Γ61,99221940,Δ.2.1,1697673600,ΥΛΙΚΑ ΚΑΘΑΡΙΟΤΗΤΑΣ,,https://diavgeia.gov.gr/doc/9Π8Ω46907Κ-Γ61,category,,ΚΑΘΑΡΙΟΤΗΤ
ΨΨ7446907Κ-4ΤΖ,99221940,Δ.2.1,1697673600,ΥΛΙΚΑ ΚΑΘΑΡΙΟΤΗΤΑΣ,,https://diavgeia.gov.gr/doc/ΨΨ7446907Κ-4ΤΖ,category,,ΚΑΘΑΡΙΟΤΗΤ
6Ρ4Ι46907Κ-26Χ,99221940,Δ.2.2,1697587200,ΔΙΑΛΥΜΑ ΑΠΟΛΥΜΑΝΣΗΣ ΚΑΘΑΡΙΣΜΟΥ ΚΑΙ ΑΦΑΛΑΤΩΣΗΣ,{'currency': 'EUR'},https://diavgeia.gov.gr/doc/6Ρ4Ι46907Κ-26Χ,category,,ΚΑΘΑΡΙΣΜ
Ψ5ΞΗ46907Κ-ΕΛ1,99221940,Δ.2.1,1697155200,ΔΙΑΛΥΜΑ ΑΠΟΛΥΜΑΝΣΗΣ ΚΑΘΑΡΙΣΜΟΥ ΚΑΙ ΑΦΑΛΑΤΩΣΗΣ,,https://diavgeia.gov.gr/doc/Ψ5ΞΗ46907Κ-ΕΛ1,category,,ΚΑΘΑΡΙΣΜ
Ψ0ΥΑ46907Κ-7ΣΠ,99221940,Δ.2.2,1697068800,ΣΑΚΟΣ ΑΝΑΡΡΟΦΗΣΗΣ ΜΙΑΣ ΧΡΗΣΕΩΣ 3 ΛΙΤΡΩΝ STANDARD (ΝΑ ΣΥΝΟΔΕΥΟΝΤΑΙ ΑΠΟ ΤΑ ΑΝΤΙΣΤΟΙΧΑ ΚΑΝΙΣΤΡΑ ΚΑΙ ΒΑΛΒΙΔΑ ΑΣΦΑΛΕΙΑΣ ΓΙΑ ΑΠΟΦΥΓΗ ΥΠΕΡΧΕΙΛΙΣΗΣ  10 ΤΜΧ),"{'amount': 200.88, 'currency': 'EUR'}",https://diavgeia.gov.gr/doc/Ψ0ΥΑ46907Κ-7ΣΠ,category,,ΑΣΦΑΛΕΙΑ
ΨΤΜ046907Κ-ΧΡΦ,99221940,Δ.2.1,1695686400,ΣΑΚΟΣ ΑΝΑΡΡΟΦΗΣΗΣ ΜΙΑΣ ΧΡΗΣΕΩΣ 3 ΛΙΤΡΩΝ STANDARD (ΝΑ ΣΥΝΟΔΕΥΟΝΤΑΙ ΑΠΟ ΤΑ ΑΝΤΙΣΤΟΙΧΑ ΚΑΝΙΣΤΡΑ ΚΑΙ ΒΑΛΒΙΔΑ ΑΣΦΑΛΕΙΑΣ ΓΙΑ ΑΠΟΦΥΓΗ ΥΠΕΡΧΕΙΛΙΣΗΣ  10 ΤΜΧ),,https://diavgeia.gov.gr/doc/ΨΤΜ046907Κ-ΧΡΦ,category,,ΑΣΦΑΛΕΙΑ
ΨΤΧΓ46907Κ-ΔΟ0,99221940,Δ.2.1,1695340800,ΜΑΝΤΙΛΑΚΙΑ ΚΑΘΑΡΙΣΜΟΥ ΑΠΟΛΥΜΑΝΣΗΣ,,https://diavgeia.gov.gr/doc/ΨΤΧΓ46907Κ-ΔΟ0,category,,ΚΑΘΑΡΙΣΜ
671Σ46907Κ-ΨΔΕ,99221940,Δ.2.1,1695340800,ΜΑΝΤΗΛΑΚΙΑ ΑΝΤΙΣΗΨΙΑΣ ΚΑΙ ΚΑΘΑΡΙΣΜΟΥ ΣΩΜΑΤΟΣ . ΝΑ ΠΕΡΙΕΧΟΥΝ ΔΙΑΛΥΜΑ  ΧΛΩΡΕΞΙΔΙΝΗΣ 2% .,,https://diavgeia.gov.gr/doc/671Σ46907Κ-ΨΔΕ,category,,ΚΑΘΑΡΙΣΜ
ΨΤΔΙ46907Κ-ΓΒ7,99221940,Δ.2.1,1695081600,ΜΑΝΤΗΛΑΚΙΑ ΚΑΘΑΡΙΣΜΟΥ,,https://diavgeia.gov.gr/doc/ΨΤΔΙ46907Κ-ΓΒ7,category,,ΚΑΘΑΡΙΣΜ
6ΧΖΜ46907Κ-Δ5Β,99221940,Δ.2.1,1719532800,ΠΕΡΙΛΗΨΗ ΔΙΑΚΗΡΥΞΗΣ ΔΙΑΓΩΝΙΣΜΟΥ ΓΙΑ ΤΗΝ ΑΝΑΘΕΣΗ ΤΩΝ ΥΠΗΡΕΣΙΩΝ ΚΑΘΑΡΙΟΤΗΤΑΣ ΤΟΥ ΓΝ ΡΟΔΟΥ,,https://diavgeia.gov.gr/doc/6ΧΖΜ46907Κ-Δ5Β,category,,ΚΑΘΑΡΙΟΤΗΤ
ΨΚΒΥ46907Κ-ΑΚΡ,99221940,Δ.2.2,1718236800,ΔΙΑΛΥΜΑ ΑΠΟΛΥΜΑΝΣΗΣ ΚΑΘΑΡΙΣΜΟΥ,{'currency': 'EUR'},https://diavgeia.gov.gr/doc/ΨΚΒΥ46907Κ-ΑΚΡ,category,,ΚΑΘΑΡΙΣΜ
93ΤΖ46907Κ-9ΔΒ,99221940,Δ.2.1,1717977600,ΔΙΑΛΥΜΑ ΑΠΟΛΥΜΑΝΣΗΣ ΚΑΘΑΡΙΣΜΟΥ ΚΑΙ ΑΦΑΛΑΤΩΣΗΣ ΤΩΝ 10ML,,https://diavgeia.gov.gr/doc/93ΤΖ46907Κ-9ΔΒ,category,,ΚΑΘΑΡΙΣΜ
ΡΤΟΧ46907Κ-Ε3Θ,99221940,Δ.2.1,1717545600,Μαντιλάκια καθαρισμού και απολύμανσης εμποτισμένα με Υπεροξείδιο του Υδρογόνου Η2O2 κατάλληλα για όλες τις  ιατρικές επιφάνειες,,https://diavgeia.gov.gr/doc/ΡΤΟΧ46907Κ-Ε3Θ,category,,ΚΑΘΑΡΙΣΜ
Ψ9ΖΨ46907Κ-49Τ,99221940,Δ.2.2,1716422400,ΥΛΙΚΑ ΚΑΘΑΡΙΟΤΗΤΑΣ,{'currency': 'EUR'},https://diavgeia.gov.gr/doc/Ψ9ΖΨ46907Κ-49Τ,category,,ΚΑΘΑΡΙΟΤΗΤ
ΨΥΗ146907Κ-ΕΩ5,99221940,Δ.2.1,1715817600,ΥΛΙΚΑ ΚΑΘΑΡΙΟΤΗΤΑΣ,,https://diavgeia.gov.gr/doc/ΨΥΗ146907Κ-ΕΩ5,category,,ΚΑΘΑΡΙΟΤΗΤ
99ΥΩ46907Κ-ΑΥ1,99221940,Δ.2.2,1713398400,ΠΡΟΪΟΝ ΚΑΘΑΡΙΣΜΟΥ ΚΑΙ ΑΠΟΛΥΜΑΝΣΗΣ ΜΕΓΑΛΩΝ ΕΠΙΦΑΝΕΙΩΝ ΚΑΙ ΔΑΠΕΔΩΝ,"{'amount': 1865.6, 'currency': 'EUR'}",https://diavgeia.gov.gr/doc/99ΥΩ46907Κ-ΑΥ1,category,,ΚΑΘΑΡΙΣΜ
99Ι346907Κ-Φ3Θ,99221940,Δ.2.1,1712793600,ΠΡΟΪΟΝ ΚΑΘΑΡΙΣΜΟΥ ΚΑΙ ΑΠΟΛΥΜΑΝΣΗΣ ΜΕΓΑΛΩΝ ΕΠΙΦΑΝΕΙΩΝ ΚΑΙ ΔΑΠΕΔΩΝ ΧΩΡΙΣ ΑΛΔΕΫΔΕΣ,,https://diavgeia.gov.gr/doc/99Ι346907Κ-Φ3Θ,category,,ΚΑΘΑΡΙΣΜ
ΨΤΑΡ46907Κ-Τ7Ο,99221940,Δ.2.2,1712707200,ΜΑΝΤΗΛΑΚΙΑ ΚΑΘΑΡΙΣΜΟΥ,"{'amount': 241.68, 'currency': 'EUR'}",https://diavgeia.gov.gr/doc/ΨΤΑΡ46907Κ-Τ7Ο,category,,ΚΑΘΑΡΙΣΜ
60Η846907Κ-20Β,99221940,Δ.2.2,1711584000,ΠΡΑΞΗ - ΑΣΦΑΛΕΙΑ ΑΥΤΟΚΙΝΗΤΟΥ ΚΗΗ-3786,{'currency': 'EUR'},https://diavgeia.gov.gr/doc/60Η846907Κ-20Β,category,,ΑΣΦΑΛΕΙΑ
ΨΨΗΚ46907Κ-Ν51,99221940,Δ.2.2,1711065600,"ΑΛΜΠΑΡΑΝ ΓΙΑ ΧΡΗΣΗ ΜΕΣΩ ΚΥΣΤΕΟΣΚΟΠΙΟΥ ΤΟΥ ΚΑΤΑΣΚΕΥΑΣΤΙΚΟΥ ΟΙΚΟΥ WOLF, ΤΟ ΟΠΟΙΟ ΝΑ ΣΥΝΟΔΕΥΕΤΑΙ ΑΠΟ ΚΥΤΙΟ ΦΥΛΑΞΗΣ  ΑΠΟΣΤΕΙΡΩΣΗΣ","{'amount': 2312.6, 'currency': 'EUR'}",https://diavgeia.gov.gr/doc/ΨΨΗΚ46907Κ-Ν51,category,,ΦΥΛΑΞΗ
ΨΖΩΕ46907Κ-ΨΡΡ,99221940,Δ.2.1,1711065600,ΜΑΝΤΗΛΑΚΙΑ ΚΑΘΑΡΙΣΜΟΥ,,https://diavgeia.gov.gr/doc/ΨΖΩΕ46907Κ-ΨΡΡ,category,,ΚΑΘΑΡΙΣΜ
Ψ26Α46907Κ-2ΒΨ,99221940,Δ.2.2,1711065600,ΕΙΔΙΚΑ ΒΟΥΡΤΣΑΚΙΑ ΚΑΘΑΡΙΣΜΟΥ ΑΥΛΟΦΟΡΩΝ ΕΡΓΑΛΕΙΩΝ,"{'amount': 520.8, 'currency': 'EUR'}",https://diavgeia.gov.gr/doc/Ψ26Α46907Κ-2ΒΨ,category,,ΚΑΘΑΡΙΣΜ
ΨΓ8Ω46907Κ-ΖΑΔ,99221940,Δ.2.2,1710979200,ΜΑΝΤΗΛΑΚΙΑ ΑΝΤΙΣΗΨΙΑΣ ΚΑΙ ΚΑΘΑΡΙΣΜΟΥ ΣΩΜΑΤΟΣ . ΝΑ ΠΕΡΙΕΧΟΥΝ ΔΙΑΛΥΜΑ  ΧΛΩΡΕΞΙΔΙΝΗΣ 2%,"{'amount': 1272.0, 'currency': 'EUR'}",https://diavgeia.gov.gr/doc/ΨΓ8Ω46907Κ-ΖΑΔ,category,,ΚΑΘΑΡΙΣΜ
ΡΤΑΜ46907Κ-ΙΗΡ,99221940,Δ.2.1,1710460800,ΕΙΔΙΚΑ ΒΟΥΡΤΣΑΚΙΑ ΚΑΘΑΡΙΣΜΟΥ ΑΥΛΟΦΟΡΩΝ ΕΡΓΑΛΕΙΩΝ,,https://diavgeia.gov.gr/doc/ΡΤΑΜ46907Κ-ΙΗΡ,category,,ΚΑΘΑΡΙΣΜ
Ψ9ΨΞ46907Κ-ΕΣΒ,99221940,Δ.2.1,1710460800,"ΑΛΜΠΑΡΑΝ ΓΙΑ ΧΡΗΣΗ ΜΕΣΩ ΚΥΣΤΕΟΣΚΟΠΙΟΥ ΤΟΥ ΚΑΤΑΣΚΕΥΑΣΤΙΚΟΥ ΟΙΚΟΥ WOLF, ΤΟ ΟΠΟΙΟ ΝΑ ΣΥΝΟΔΕΥΕΤΑΙ ΑΠΟ ΚΥΤΙΟ ΦΥΛΑΞΗΣ  ΑΠΟΣΤΕΙΡΩΣΗΣ",,https://diavgeia.gov.gr/doc/Ψ9ΨΞ46907Κ-ΕΣΒ,category,,ΦΥΛΑΞΗ
6Ω7Ε46907Κ-ΚΔΧ,99221940,Δ.2.1,1710374400,ΜΑΝΤΗΛΑΚΙΑ ΑΝΤΙΣΗΨΙΑΣ ΚΑΙ ΚΑΘΑΡΙΣΜΟΥ ΣΩΜΑΤΟΣ . ΝΑ ΠΕΡΙΕΧΟΥΝ ΔΙΑΛΥΜΑ  ΧΛΩΡΕΞΙΔΙΝΗΣ 2% .,,https://diavgeia.gov.gr/doc/6Ω7Ε46907Κ-ΚΔΧ,category,,ΚΑΘΑΡΙΣΜ
ΡΠ1Χ46907Κ-61Σ,99221940,Δ.2.1,1709596800,ΠΑΠΑΓΑΛΟΙ ΠΛΑΣΤΙΚΟΙ ΜΕ ΚΑΠΑΚΙ ΑΣΦΑΛΕΙΑΣ (ΟΥΡΟΔΟΧΕΙΑ ΑΝΔΡΩΝ) ΠΟΛΛΑΠΛΩΝ ΧΡΗΣΕΩΝ.,,https://diavgeia.gov.gr/doc/ΡΠ1Χ46907Κ-61Σ,category,,ΑΣΦΑΛΕΙΑ
94ΕΞ46907Κ-ΩΒΗ,99221940,Δ.2.2,1709596800,ΥΛΙΚΑ ΚΑΘΑΡΙΣΜΟΥ,{'currency': 'EUR'},https://diavgeia.gov.gr/doc/94ΕΞ46907Κ-ΩΒΗ,category,,ΚΑΘΑΡΙΣΜ
ΡΛΣΛ46907Κ-ΩΔΙ,99221940,Δ.2.2,1709251200,ΜΑΝΤΗΛΑΚΙΑ ΚΑΘΑΡΙΣΜΟΥ,"{'amount': 434.01, 'currency': 'EUR'}",https://diavgeia.gov.gr/doc/ΡΛΣΛ46907Κ-ΩΔΙ,category,,ΚΑΘΑΡΙΣΜ
ΨΝΒ546907Κ-338,99221940,Δ.2.1,1709078400,ΠΕΡΙΛΗΨΗ ΔΙΑΚΥΡΗΞΗΣ ΓΙΑ ΠΡΟΜΗΘΕΙΑ ΥΛΙΚΩΝ ΚΑΘΑΡΙΟΤΗΤΑΣ,,https://diavgeia.gov.gr/doc/ΨΝΒ546907Κ-338,category,,ΚΑΘΑΡΙΟΤΗΤ
ΨΤ0Θ46907Κ-461,99221940,Δ.2.1,1708646400,"ΠΕΡΙΛΗΨΗ ΔΙΑΚΗΡΥΞΗΣ ΓΙΑ ΠΡΟΜΗΘΕΙΑ ΕΞΟΠΛΙΣΜΟΥ,ΔΙΑΣΩΣΗΣ ΚΑΙ ΑΣΦΑΛΕΙΑΣ",,https://diavgeia.gov.gr/doc/ΨΤ0Θ46907Κ-461,category,,ΑΣΦΑΛΕΙΑ
9Ψ8Ι46907Κ-Ζ30,99221940,Δ.2.1,1707868800,ΔΙΑΛΥΜΑ ΑΠΟΛΥΜΑΝΣΗΣ ΚΑΘΑΡΙΣΜΟΥ ΚΑΙ ΑΦΑΛΑΤΩΣΗΣ ΤΩΝ 10L ΣΥΜΒΑΤΟ ΓΙΑ ΜΗΧΑΝΗΜΑΤΑ ΤΝ NIKKISO DBB-07,,https://diavgeia.gov.gr/doc/9Ψ8Ι46907Κ-Ζ30,category,,ΚΑΘΑΡΙΣΜ
ΨΑ1Ι46907Κ-Π7Ε,99221940,Δ.2.2,1707436800,ΥΛΙΚΑ ΚΑΘΑΡΙΣΜΟΥ,{'currency': 'EUR'},https://diavgeia.gov.gr/doc/ΨΑ1Ι46907Κ-Π7Ε,category,,ΚΑΘΑΡΙΣΜ
698446907Κ-4ΤΧ,99221940,Δ.2.2,1707350400,"ΕΓΚΡΙΣΗ ΤΕΧΝΙΚΩΝ ΠΡΟΔΙΑΓΡΑΦΩΝ ΑΝΟΙΚΤΟΥ ΗΛΕΚΤΡΟΝΙΚΟΥ ΔΙΑΓΩΝΙΣΜΟΥ ΓΙΑ ΤΗΝ ΠΡΟΜΗΘΕΙΑ ΕΞΟΠΛΙΣΜΟΥ ΠΥΡΟΣΒΕΣΗΣ ,ΔΙΑΣΩΣΗΣ ΚΑΙ ΑΣΦΑΛΕΙΑΣ","{'amount': 60000.0, 'currency': 'EUR'}",https://diavgeia.gov.gr/doc/698446907Κ-4ΤΧ,category,,ΑΣΦΑΛΕΙΑ
9ΔΝ946907Κ-Γ5Β,99221940,Δ.2.1,1707091200,ΜΑΝΤΗΛΑΚΙΑ ΚΑΘΑΡΙΣΜΟΥ,,https://diavgeia.gov.gr/doc/9ΔΝ946907Κ-Γ5Β,category,,ΚΑΘΑΡΙΣΜ
Ψ2ΚΕ46907Κ-Ξ03,99221940,Δ.2.2,1706832000,ΥΛΙΚΑ ΚΑΘΑΡΙΣΜΟΥ,{'currency': 'EUR'},https://diavgeia.gov.gr/doc/Ψ2ΚΕ46907Κ-Ξ03,category,,ΚΑΘΑΡΙΣΜ
Ψ0ΝΝ46907Κ-ΣΒΡ,99221940,Δ.2.2,1731628800,ΜΑΝΤΗΛΑΚΙΑ ΚΑΘΑΡΙΣΜΟΥ,"{'amount': 386.69, 'currency': 'EUR'}",https://diavgeia.gov.gr/doc/Ψ0ΝΝ46907Κ-ΣΒΡ,category,,ΚΑΘΑΡΙΣΜ
9Χ8Π46907Κ-1ΟΡ,99221940,Δ.2.1,1730246400,ΑΝΤΙΚΑΤΑΣΤΑΣΗ ΝΤΟΥΛΑΠΙΟΥ ΝΕΡΟΧΥΤΗ ΣΤΟ ΧΩΡΟ ΚΑΘΑΡΙΟΤΗΤΑΣ ΤΟΥ ΕΝΔΟΣΚΟΠΙΚΟΥ ΟΥΡΟΛΟΓΙΚΟΥ,,https://diavgeia.gov.gr/doc/9Χ8Π46907Κ-1ΟΡ,category,,ΚΑΘΑΡΙΟΤΗΤ
ΨΥΧ746907Κ-69Μ,99221940,Δ.2.1,1729209600,ΑΝΑΠΛΗΡΩΣΗ ΑΠΟΘΕΜΑΤΩΝ ΥΛΙΚΟΥ ΚΑΘΑΡΙΟΤΗΤΑΣ,,https://diavgeia.gov.gr/doc/ΨΥΧ746907Κ-69Μ,category,,ΚΑΘΑΡΙΟΤΗΤ
6Ι0146907Κ-ΧΩ8,99221940,Δ.2.1,1729209600,ΑΝΑΠΛΗΡΩΣΗ ΑΠΟΘΕΜΑΤΩΝ ΥΛΙΚΩΝ ΚΑΘΑΡΙΟΤΗΤΑΣ,,https://diavgeia.gov.gr/doc/6Ι0146907Κ-ΧΩ8,category,,ΚΑΘΑΡΙΟΤΗΤ
6ΑΨ546907Κ-ΠΗΞ,99221940,Δ.2.1,1729209600,ΑΝΑΠΛΗΡΩΣΗ ΑΠΟΘΕΜΑΤΩΝ ΥΛΙΚΩΝ ΚΑΘΑΡΙΟΤΗΤΑΣ,,https://diavgeia.gov.gr/doc/6ΑΨ546907Κ-ΠΗΞ,category,,ΚΑΘΑΡΙΟΤΗΤ
6Ι1Ξ46907Κ-Λ7Ι,99221940,Δ.2.1,1729036800,ΜΑΝΤΗΛΑΚΙΑ ΑΝΤΙΣΗΨΙΑΣ ΚΑΙ ΚΑΘΑΡΙΣΜΟΥ ΣΩΜΑΤΟΣ . ΝΑ ΠΕΡΙΕΧΟΥΝ ΔΙΑΛΥΜΑ  ΧΛΩΡΕΞΙΔΙΝΗΣ 2% .,,https://diavgeia.gov.gr/doc/6Ι1Ξ46907Κ-Λ7Ι,category,,ΚΑΘΑΡΙΣΜ
ΨΥΥΔ46907Κ-ΙΧΕ,99221940,Δ.2.1,1729036800,Μαντιλάκια καθαρισμού,,https://diavgeia.gov.gr/doc/ΨΥΥΔ46907Κ-ΙΧΕ,category,,ΚΑΘΑΡΙΣΜ
6Η1546907Κ-ΝΣΛ,99221940,Δ.2.1,1727913600,ΠΡΟΜΗΘΕΙΑ ΥΛΙΚΩΝ ΚΑΘΑΡΙΟΤΗΤΑΣ,,https://diavgeia.gov.gr/doc/6Η1546907Κ-ΝΣΛ,category,,ΚΑΘΑΡΙΟΤΗΤ
6ΓΑΣ46907Κ-ΣΙΚ,99221940,Δ.2.1,1726704000,"ΣΩΛΗΝΑΡΙΑ  ΠΛΑΣΤΙΚΑ  ΜΕ ΠΩΜΑ ΜΕ GEL 3,5ML  ΜΕ ΚΙΤΡΙΝΟ ΠΩΜΑ ΑΣΦΑΛΕΙΑΣ ΑΠΟΣΤΕΙΡΩΜΕΝΟ (ΒΙΟΧΗΜΙΚΟ ΧΟΛΕΡΥΘΡΙΝΗΣ ΝΕΟΓΝΩΝ) 
(ΛΗΞΗ ΟΧΙ ΜΙΚΡΟΤΕΡΗ ΤΟΥ ΕΝΟΣ ΕΤΟΥΣ)",,https://diavgeia.gov.gr/doc/6ΓΑΣ46907Κ-ΣΙΚ,category,,ΑΣΦΑΛΕΙΑ
6Ρ4Γ46907Κ-Η84,99221940,Δ.2.1,1725926400,ΕΛΕΓΧΟΣ-ΒΑΘΜΟΝΗΣΗ ΕΛΕΓΚΤΗ ΑΠΙΝΙΔΩΤΩΝ ΚΑΙ ΕΛΕΓΚΤΗ ΗΛΕΚΤΡΙΚΗΣ ΑΣΦΑΛΕΙΑΣ RIGEL,,https://diavgeia.gov.gr/doc/6Ρ4Γ46907Κ-Η84,category,,ΑΣΦΑΛΕΙΑ
ΨΛΛΝ46907Κ-ΒΥΡ,99221940,Δ.2.2,1725580800,ΡΑΞΗ-ΕΡΓΑΣΙΑ ΑΝΤΙΚΑΤΑΣΤΑΣΗΣ ΕΙΔΩΝ ΚΙΓΚΑΛΕΡΙΑΣ ΓΙΑ ΤΙΣ ΘΥΡΕΣ ΤΩΝ OFFICE ΚΑΘΑΡΙΟΤΗΤΑΣ ΚΑΙ ΛΟΥΤΡΩΝ ΑΣΘΕΝΩΝ,{'currency': 'EUR'},https://diavgeia.gov.gr/doc/ΨΛΛΝ46907Κ-ΒΥΡ,category,,ΚΑΘΑΡΙΟΤΗΤ
6ΦΙΑ46907Κ-ΑΨΛ,99221940,Δ.2.2,1725235200,ΥΛΙΚΑ ΚΑΘΑΡΙΟΤΗΤΑΣ,{'currency': 'EUR'},https://diavgeia.gov.gr/doc/6ΦΙΑ46907Κ-ΑΨΛ,category,,ΚΑΘΑΡΙΟΤΗΤ
6Η4Δ46907Κ-ΖΡΙ,99221940,Δ.2.1,1724630400,ΥΛΙΚΑ ΚΑΘΑΡΙΟΤΗΤΑΣ,,https://diavgeia.gov.gr/doc/6Η4Δ46907Κ-ΖΡΙ,category,,ΚΑΘΑΡΙΟΤΗΤ
6Δ0646907Κ-12Ν,99221940,Δ.2.1,1724371200,ΕΡΓΑΣΙΑ ΑΝΤΙΚΑΤΑΣΤΑΣΗΣ ΕΙΔΩΝ ΚΙΓΚΑΛΕΡΙΑΣ ΓΙΑ ΤΙΣ ΘΥΡΕΣ ΤΩΝ OFFICE ΚΑΘΑΡΙΟΤΗΤΑΣ ΚΑΙ ΛΟΥΤΡΩΝ ΑΣΘΕΝΩN,,https://diavgeia.gov.gr/doc/6Δ0646907Κ-12Ν,category,,ΚΑΘΑΡΙΟΤΗΤ
930Π46907Κ-Τ95,99221940,Δ.2.1,1724284800,ΣΥΣΚΕΥΕΣ ΕΝΤΕΡΙΚΗΣ ΣΙΤΙΣΗΣ,,https://diavgeia.gov.gr/doc/930Π46907Κ-Τ95,category,,ΣΙΤΙΣΗ
6Ξ1Ρ46907Κ-6ΜΧ,99221940,Δ.2.2,1724284800,ΔΟΧΕΙΑ ΒΙΟΨΙΩΝ ΜΕ ΚΑΠΑΚΙ ΑΣΦΑΛΕΙΑΣ ΠΛΑΣΤΙΚΑ 5lit,,https://diavgeia.gov.gr/doc/6Ξ1Ρ46907Κ-6ΜΧ,category,,ΑΣΦΑΛΕΙΑ
ΨΒΠΣ46907Κ-ΗΙΙ,99221940,Δ.2.2,1724112000,"ΠΕΤΑΛΟΥΔΕΣ ΑΙΜΟΛΗΨΙΑΣ ΑΣΦΑΛΕΙΑΣ  25GX3/4 
ΜΕ ΕΝΣΩΜΑΤΩΜΕΝΗ ΒΕΛΟΝΑ ΔΙΑΤΡΗΣΕΩΣ ΤΩΝ ΣΩΛΗΝΑΡΙΩΝ ΚΕΝΟΥ . ΝΑ ΣΥΝΟΔΕΥΕΤΑΙ ΑΠΟ ΥΠΟΔΟΧΕΙA ΣΩΛΗΝΑΡΙΩΝ",{'currency': 'EUR'},https://diavgeia.gov.gr/doc/ΨΒΠΣ46907Κ-ΗΙΙ,category,,ΑΣΦΑΛΕΙΑ
9Ω1Ι46907Κ-ΒΡΡ,99221940,Δ.2.1,1722470400,ΔΟΧΕΙΑ ΒΙΟΨΙΩΝ ΜΕ ΚΑΠΑΚΙ ΑΣΦΑΛΕΙΑΣ ΠΛΑΣΤΙΚΑ  5lit,,https://diavgeia.gov.gr/doc/9Ω1Ι46907Κ-ΒΡΡ,category,,ΑΣΦΑΛΕΙΑ
Ψ3ΟΣ46907Κ-ΨΚΝ,99221940,Δ.2.1,1722384000,"1	16017030	ΠΕΤΑΛΟΥΔΕΣ ΑΙΜΟΛΗΨΙΑΣ ΑΣΦΑΛΕΙΑΣ  25GX3/4 
ΜΕ ΕΝΣΩΜΑΤΩΜΕΝΗ ΒΕΛΟΝΑ ΔΙΑΤΡΗΣΕΩΣ ΤΩΝ ΣΩΛΗΝΑΡΙΩΝ ΚΕΝΟΥ . ΝΑ ΣΥΝΟΔΕΥΕΤΑΙ ΑΠΟ ΥΠΟΔΟΧΕΙA ΣΩΛΗΝΑΡΙΩΝ ΚΑΙ ΝΑ ΠΡΟ",,https://diavgeia.gov.gr/doc/Ψ3ΟΣ46907Κ-ΨΚΝ,category,,ΑΣΦΑΛΕΙΑ
ΨΠ8Ρ46907Κ-ΛΜΔ,99221940,Δ.2.2,1721865600,ΜΑΝΤΗΛΑΚΙΑ ΚΑΘΑΡΙΣΜΟΥ,"{'amount': 322.24, 'currency': 'EUR'}",https://diavgeia.gov.gr/doc/ΨΠ8Ρ46907Κ-ΛΜΔ,category,,ΚΑΘΑΡΙΣΜ
6Ν8Ι46907Κ-ΡΕ5,99221940,Δ.2.1,1720137600,ΠΡΟΜΗΘΕΙΑ ΕΙΔΩΝ ΚΙΓΚΑΛΕΡΙΑΣ ΚΑΙ ΕΡΓΑΣΙΑ ΑΝΤΙΚΑΤΑΣΤΑΣΗΣ ΓΙΑ ΤΙΣ ΘΥΡΕΣ ΤΩΝ OFFICE ΚΑΘΑΡΙΟΤΗΤΑΣ ΚΑΙ ΛΟΥΤΡΩΝ ΑΣΘΕΝΩΝ,,https://diavgeia.gov.gr/doc/6Ν8Ι46907Κ-ΡΕ5,category,,ΚΑΘΑΡΙΟΤΗΤ
ΨΟΦΜ46907Κ-ΜΚΟ,99221940,Δ.2.1,1719964800,ΠΡΟΪΟΝ ΚΑΘΑΡΙΣΜΟΥ ΚΑΙ ΑΠΟΛΥΜΑΝΣΗΣ ΜΕΓΑΛΩΝ ΕΠΙΦΑΝΕΙΩΝ ΚΑΙ ΔΑΠΕΔΩΝ ΧΩΡΙΣ ΑΛΔΕΫΔΕΣ,,https://diavgeia.gov.gr/doc/ΨΟΦΜ46907Κ-ΜΚΟ,category,,ΚΑΘΑΡΙΣΜ
Ψ3ΛΘ46907Κ-54Σ,99221940,Δ.2.1,1745539200,ΠΕΡΙΛΗΨΗ ΔΙΑΚΗΡΥΞΗΣ ΔΙΑΓΩΝΙΣΜΟΥ ΓΙΑ ΤΗΝ ΑΝΑΘΕΣΗ ΤΩΝ ΥΠΗΡΕΣΙΩΝ ΚΑΘΑΡΙΟΤΗΤΑΣ ΤΟΥ ΓΝ ΡΟΔΟΥ,,https://diavgeia.gov.gr/doc/Ψ3ΛΘ46907Κ-54Σ,category,,ΚΑΘΑΡΙΟΤΗΤ
9ΦΚΓ46907Κ-ΩΚΚ,99221940,Δ.2.2,1745280000,"ΕΣΩΤΕΡΙΚΟΣ ΟΥΡΗΘΡΟΤΟΜΟΣ OTIS ΧΩΡΙΣ ΟΠΤΙΚΗ ΚΑΘΟΔΗΓΗΣΗ  ΣΥΝΟΔΕΥΟΜΕΝΟΣ
ΑΠΟ ΔΥΟ ΜΑΧΑΙΡΙΔΙΑ
ΘΗΚΗ ΦΥΛΑΞΗΣ ΑΠΟΣΤΕΙΡΩΣΗΣ ΓΙΑ ΤΟΝ ΟΥΡΗΘΡΟΤΟΜΟΥ ΟΤΙΣ","{'amount': 1779.4, 'currency': 'EUR'}",https://diavgeia.gov.gr/doc/9ΦΚΓ46907Κ-ΩΚΚ,category,,ΦΥΛΑΞΗ
9ΥΡΥ46907Κ-ΔΑΡ,99221940,Δ.2.1,1744329600,"ΕΣΩΤΕΡΙΚΟΣ ΟΥΡΗΘΡΟΤΟΜΟΣ OTIS ΧΩΡΙΣ ΟΠΤΙΚΗ ΚΑΘΟΔΗΓΗΣΗ  ΣΥΝΟΔΕΥΟΜΕΝΟΣ  ΑΠΟ ΔΥΟ ΜΑΧΑΙΡΙΔΙΑ
ΘΗΚΗ ΦΥΛΑΞΗΣ ΑΠΟΣΤΕΙΡΩΣΗΣ ΓΙΑ ΤΟΝ ΟΥΡΗΘΡΟΤΟΜΟΥ ΟΤΙΣ",,https://diavgeia.gov.gr/doc/9ΥΡΥ46907Κ-ΔΑΡ,category,,ΦΥΛΑΞΗ
ΨΒΞ446907Κ-Ε5Α,99221940,Δ.1,1744329600,ΤΡΟΠΟΠΟΙΗΣΗ ΣΥΜΒΑΣΗ 38/2025 ΓΙΑ ΤΗΝ ΑΝΑΘΕΣΗ ΤΩΝ ΥΠΗΡΕΣΙΩΝ ΚΑΘΑΡΙΟΤΗΤΑΣ ΤΟΥ ΓΝ ΡΟΔΟΥ,{'currency': 'EUR'},https://diavgeia.gov.gr/doc/ΨΒΞ446907Κ-Ε5Α,category,,ΚΑΘΑΡΙΟΤΗΤ
ΡΥΔ346907Κ-67Ι,99221940,Δ.2.1,1743984000,ΠΡΟΜΗΘΕΙΑ ΥΛΙΚΩΝ ΚΑΘΑΡΙΟΤΗΤΑΣ,,https://diavgeia.gov.gr/doc/ΡΥΔ346907Κ-67Ι,category,,ΚΑΘΑΡΙΟΤΗΤ
6ΓΕΨ46907Κ-ΓΡ0,99221940,Δ.2.2,1743465600,ΣΥΣΚΕΥΕΣ ΕΝΤΕΡΙΚΗΣ ΣΙΤΙΣΗΣ ENFIT ΜΕΣΩ ΑΝΤΛΙΑΣ ΜΕ ΑΣΚΟ Α1,"{'amount': 1423.8, 'currency': 'EUR'}",https://diavgeia.gov.gr/doc/6ΓΕΨ46907Κ-ΓΡ0,category,,ΣΙΤΙΣΗ
99Ξ946907Κ-Ρ8Β,99221940,Δ.2.2,1743465600,Κρέμας ενζυματικού καθαρισμού των ελκών και τραυμάτων,"{'amount': 1559.4, 'currency': 'EUR'}",https://diavgeia.gov.gr/doc/99Ξ946907Κ-Ρ8Β,category,,ΚΑΘΑΡΙΣΜ
ΡΤΥ646907Κ-Κ4Η,99221940,Δ.2.2,1743379200,ΠΕΤΑΛΟΥΔΕΣ ΑΙΜΟΛΗΨΙΑΣ ΑΣΦΑΛΕΙΑΣ 23GX3/4,{'currency': 'EUR'},https://diavgeia.gov.gr/doc/ΡΤΥ646907Κ-Κ4Η,category,,ΑΣΦΑΛΕΙΑ
6ΦΡΠ46907Κ-ΗΞΑ,99221940,Δ.2.2,1742342400,Μαντιλάκια καθαρισμού και απολύμανσης,"{'amount': 762.18, 'currency': 'EUR'}",https://diavgeia.gov.gr/doc/6ΦΡΠ46907Κ-ΗΞΑ,category,,ΚΑΘΑΡΙΣΜ
ΨΨ5Η46907Κ-7ΜΤ,99221940,Δ.2.1,1741910400,"ΥΑΛΙΝΕΣ ΚΑΛΥΠΤΡΙΔΕΣ ΜΙΚΡΟΣΚΟΠΗΣΗΣ ΔΙΑΦΑΝΕΣ ΔΙΣΤΑΣΕΩΝ 24Χ50mm
•	ΝΑ ΕΙΝΑΙ ΥΨΗΛΗΣ ΚΑΘΑΡΙΟΤΗΤΑΣ 
•	ΝΑ ΕΙΝΑΙ ΚΑΤΑΛΛΗΛΕΣ ΠΡΟΣ ΧΡΗΣΗ ΓΙΑ ΑΥΤΟΠΟΙΗΜΕΝΑΣΥΣΤΗΜΑΤΑ ΕΠΙΚΑΛΥΨ",,https://diavgeia.gov.gr/doc/ΨΨ5Η46907Κ-7ΜΤ,category,,ΚΑΘΑΡΙΟΤΗΤ
6ΚΣΠ46907Κ-6ΔΔ,99221940,Δ.2.1,1741824000,Κρέμα ενζυματικού καθαρισμού των ελκών και τραυμάτων.,,https://diavgeia.gov.gr/doc/6ΚΣΠ46907Κ-6ΔΔ,category,,ΚΑΘΑΡΙΣΜ
93ΦΕ46907Κ-ΓΙ0,99221940,Δ.2.1,1741132800,"ΣΥΣΚΕΥΕΣ ΕΝΤΕΡΙΚΗΣ ΣΙΤΙΣΗΣ ΜΕ ΕΝΣΩΜΑΤΩΜΕΝΟ ΣΑΚΟ 1,5L",,https://diavgeia.gov.gr/doc/93ΦΕ46907Κ-ΓΙ0,category,,ΣΙΤΙΣΗ
ΡΙ6Ο46907Κ-Ν9Ψ,99221940,Δ.2.2,1740528000,ΣΥΜΠΥΚΝΩΜΕΝΟ  ΥΓΡΟ ΚΑΘΑΡΙΣΜΟΥ ΑΝΑΡΡΟΦΗΣΗΣ (ΣΥΜΒΑΤΟ) ΓΙΑ ΤΟ ΟΔΟΝΤΙΑΤΡΙΚΟ ΜΗΧΑΝΗΜΑ  ΤΟΥ ΧΕΙΡΟΥΡΓΕΙΟΥ,"{'amount': 106.76, 'currency': 'EUR'}",https://diavgeia.gov.gr/doc/ΡΙ6Ο46907Κ-Ν9Ψ,category,,ΚΑΘΑΡΙΣΜ
ΨΛΓ146907Κ-ΓΤΛ,99221940,Δ.2.1,1740441600,ΠΕΤΑΛΟΥΔΕΣ ΑΙΜΟΛΗΨΙΑΣ ΑΣΦΑΛΕΙΑΣ  23GX3/4 ΜΕ ΕΝΣΩΜΑΤΩΜΕΝΗ ΒΕΛΟΝΑ ΔΙΑΤΡΗΣΕΩΣ ΤΩΝ ΣΩΛΗΝΑΡΙΩΝ ΚΕΝΟΥ . ΝΑ ΣΥΝΟΔΕΥΕΤΑΙ ΑΠΟ ΥΠΟΔΟΧΕΙ ΣΩΛΗΝΑΡΙΩΝ ΚΑΙ ΝΑ ΠΡΟΣΦΕΡΕΤΑΙ ΞΕΧΩ,,https://diavgeia.gov.gr/doc/ΨΛΓ146907Κ-ΓΤΛ,category,,ΑΣΦΑΛΕΙΑ
9Ν8346907Κ-8ΟΘ,99221940,Δ.2.2,1740355200,ΒΟΥΡΤΣΕΣ (ΨΗΚΤΡΕΣ) ΚΑΘΑΡΙΣΜΟΥ ΕΝΔΟΣΚΟΠΙΚΩΝ ΟΡΓΑΝΩΝ (ΝΑ ΔΙΕΡΧΟΝΤΑΙ ΑΠΟ ΤΟ ΚΑΝΑΛΙ ΒΙΟΨΙΑΣ) 2.4MM*220CM,{'currency': 'EUR'},https://diavgeia.gov.gr/doc/9Ν8346907Κ-8ΟΘ,category,,ΚΑΘΑΡΙΣΜ
9ΟΝΝ46907Κ-5ΕΖ,99221940,Δ.2.1,1740355200,ΜΑΝΤΗΛΑΚΙΑ ΑΝΤΙΣΗΨΙΑΣ ΚΑΙ ΚΑΘΑΡΙΣΜΟΥ ΣΩΜΑΤΟΣ . ΝΑ ΠΕΡΙΕΧΟΥΝ ΔΙΑΛΥΜΑ  ΧΛΩΡΕΞΙΔΙΝΗΣ 2% .,,https://diavgeia.gov.gr/doc/9ΟΝΝ46907Κ-5ΕΖ,category,,ΚΑΘΑΡΙΣΜ
ΨΣΖΟ46907Κ-1ΙΒ,99221940,Δ.2.1,1740355200,Μαντιλάκια καθαρισμού,,https://diavgeia.gov.gr/doc/ΨΣΖΟ46907Κ-1ΙΒ,category,,ΚΑΘΑΡΙΣΜ
ΨΠΑΖ46907Κ-Θ50,99221940,Δ.2.2,1739836800,ΠΡΟΜΗΘΕΙΑ ΥΛΙΚΩΝ ΚΑΘΑΡΙΟΤΗΤΑΣ,"{'amount': 452.47, 'currency': 'EUR'}",https://diavgeia.gov.gr/doc/ΨΠΑΖ46907Κ-Θ50,category,,ΚΑΘΑΡΙΟΤΗΤ
9ΣΥΜ46907Κ-ΤΡΠ,99221940,Δ.2.2,1739836800,ΠΡΟΜΗΘΕΙΑ ΥΛΙΚΩΝ ΚΑΘΑΡΙΟΤΗΤΑΣ,"{'amount': 1569.9, 'currency': 'EUR'}",https://diavgeia.gov.gr/doc/9ΣΥΜ46907Κ-ΤΡΠ,category,,ΚΑΘΑΡΙΟΤΗΤ
6ΥΧ646907Κ-ΠΒ6,99221940,Δ.2.2,1739836800,ΠΡΟΜΗΘΕΙΑ ΥΛΙΚΩΝ ΚΑΘΑΡΙΟΤΗΤΑΣ,"{'amount': 119.04, 'currency': 'EUR'}",https://diavgeia.gov.gr/doc/6ΥΧ646907Κ-ΠΒ6,category,,ΚΑΘΑΡΙΟΤΗΤ
ΨΓ2Δ46907Κ-7Θ0,99221940,Δ.2.1,1739404800,Κρέμας ενζυματικού καθαρισμού των ελκών και τραυμάτων με Υαλουρονικό Οξύ και Κολλαγενάση.,,https://diavgeia.gov.gr/doc/ΨΓ2Δ46907Κ-7Θ0,category,,ΚΑΘΑΡΙΣΜ
96Ν846907Κ-6ΡΖ,99221940,Δ.2.1,1738713600,"ΜΕΤΑΛΛΙΚΕΣ ΨΗΚΤΡΕΣ (ΒΟΥΡΤΣΕΣ) ΠΟΛΛΑΠΛΩΝ ΧΡΗΣΕΩΝ ΚΑΘΑΡΙΣΜΟ ΤΩΝ ΕΝΔΟΣΚΟΠΙΚΩΝ ΟΡΓΑΝΩΝ ΠΟΥ ΝΑ ΔΙΕΡΧΟΝΤΑΙ ΑΠΟ ΤΟ ΚΑΝΑΛΙ  ΒΙΟΨΙΑΣ
ΤΕΧΝΙΚΕΣ ΠΡΟΔΙΑΓΡΑΦΕΣ
Να είναι συμβα",,https://diavgeia.gov.gr/doc/96Ν846907Κ-6ΡΖ,category,,ΚΑΘΑΡΙΣΜ
6Σ0Γ46907Κ-ΨΟΨ,99221940,Δ.2.2,1738627200,ΚΑΘΕΤΗΡΕΣ ΣΙΤΙΣΗΣ ΝΕΟΓΝΩΝ ΑΚΤΙΝΟΣΚΙΕΡΟΙ,{'currency': 'EUR'},https://diavgeia.gov.gr/doc/6Σ0Γ46907Κ-ΨΟΨ,category,,ΣΙΤΙΣΗ
ΡΨΡ946907Κ-Ω1Θ,99221940,Δ.2.1,1738022400,16013042	ΠΑΠΑΓΑΛΟΙ ΠΛΑΣΤΙΚΟΙ ΜΕ ΚΑΠΑΚΙ ΑΣΦΑΛΕΙΑΣ (ΟΥΡΟΔΟΧΕΙΑ ΑΝΔΡΩΝ) ΠΟΛΛΑΠΛΩΝ ΧΡΗΣΕΩΝ.,,https://diavgeia.gov.gr/doc/ΡΨΡ946907Κ-Ω1Θ,category,,ΑΣΦΑΛΕΙΑ
6ΝΤ446907Κ-ΤΗ7,99221940,Δ.2.1,1737936000,ΣΥΜΠΥΚΝΩΜΕΝΟ  ΥΓΡΟ ΚΑΘΑΡΙΣΜΟΥ ΑΝΑΡΡΟΦΗΣΗΣ (ΣΥΜΒΑΤΟ) ΓΙΑ ΤΟ ΟΔΟΝΤΙΑΤΡΙΚΟ ΜΗΧΑΝΗΜΑ  ΤΟΥ ΧΕΙΡΟΥΡΓΕΙΟΥ,,https://diavgeia.gov.gr/doc/6ΝΤ446907Κ-ΤΗ7,category,,ΚΑΘΑΡΙΣΜ
ΨΛΠΛ46907Κ-ΡΒΦ,99221940,Δ.2.1,1737936000,"20037002	ΚΑΘΕΤΗΡΕΣ ΣΙΤΙΣΗΣ ΝΕΟΓΝΩΝ ΑΚΤΙΝΟΣΚΙΕΡΟΙ 
Νο6
20037003	ΚΑΘΕΤΗΡΕΣ ΣΙΤΙΣΗΣ ΝΕΟΓΝΩΝ ΑΚΤΙΝΟΣΚΙΕΡΟΙ 
Νο8",,https://diavgeia.gov.gr/doc/ΨΛΠΛ46907Κ-ΡΒΦ,category,,ΣΙΤΙΣΗ
ΨΒ2Χ46907Κ-4ΓΣ,99221940,Δ.2.2,1736812800,ΠΕΤΑΛΟΥΔΕΣ ΑΙΜΟΛΗΨΙΑΣ ΑΣΦΑΛΕΙΑΣ,{'currency': 'EUR'},https://diavgeia.gov.gr/doc/ΨΒ2Χ46907Κ-4ΓΣ,category,,ΑΣΦΑΛΕΙΑ
68ΧΡ46907Κ-1ΧΩ,99221940,Δ.2.1,1736726400,"23023003	ΚΙΒΩΤΙΑ ΠΛΑΣΤΙΚΑ ΥΨΗΛΗΣ ΑΝΤΟΧΗΣ ΓΙΑ ΜΕΤΑΦΟΡΑ ΦΑΡΜΑΚΩΝ ΜΕ ΚΛΙΠΣ ΑΣΦΑΛΕΙΑΣ.
 ΠΛΑΤΟΣ : 40cm
ΥΨΟΣ: 50cm
ΜΗΚΟΣ: 60cm
ΧΩΡΗΤΙΚΟΤΗΤΑ:95lt
    ΜΕ ΤΗΝ ΚΑΤΑΘΕΣΗ Τ",,https://diavgeia.gov.gr/doc/68ΧΡ46907Κ-1ΧΩ,category,,ΑΣΦΑΛΕΙΑ
9ΨΖΤ46907Κ-ΔΥΙ,99221940,Δ.2.1,1736380800,ΠΡΟΜΗΘΕΙΑ ΥΛΙΚΩΝ ΚΑΘΑΡΙΟΤΗΤΑΣ,,https://diavgeia.gov.gr/doc/9ΨΖΤ46907Κ-ΔΥΙ,category,,ΚΑΘΑΡΙΟΤΗΤ
6ΝΟ646907Κ-70Φ,99221940,Δ.2.1,1736380800,ΠΡΟΜΗΘΕΙΑ ΥΛΙΚΩΝ ΚΑΘΑΡΙΟΤΗΤΑΣ,,https://diavgeia.gov.gr/doc/6ΝΟ646907Κ-70Φ,category,,ΚΑΘΑΡΙΟΤΗΤ
9ΨΧΛ46907Κ-ΟΜΝ,99221940,Δ.2.1,1736208000,ΠΡΟΜΗΘΕΙΑ ΥΛΙΚΩΝ ΚΑΘΑΡΙΟΤΗΤΑΣ,,https://diavgeia.gov.gr/doc/9ΨΧΛ46907Κ-ΟΜΝ,category,,ΚΑΘΑΡΙΟΤΗΤ
ΨΓ4Δ46907Κ-ΤΛΠ,99221940,Δ.2.1,1735776000,"1	16017030	ΠΕΤΑΛΟΥΔΕΣ ΑΙΜΟΛΗΨΙΑΣ ΑΣΦΑΛΕΙΑΣ  25GX3/4 
ΜΕ ΕΝΣΩΜΑΤΩΜΕΝΗ ΒΕΛΟΝΑ ΔΙΑΤΡΗΣΕΩΣ ΤΩΝ ΣΩΛΗΝΑΡΙΩΝ ΚΕΝΟΥ . ΝΑ ΣΥΝΟΔΕΥΕΤΑΙ ΑΠΟ ΥΠΟΔΟΧΕΙA ΣΩΛΗΝΑΡΙΩΝ ΚΑΙ ΝΑ ΠΡΟ",,https://diavgeia.gov.gr/doc/ΨΓ4Δ46907Κ-ΤΛΠ,category,,ΑΣΦΑΛΕΙΑ
9Ε8Λ46907Κ-ΖΦΝ,99221940,Δ.2.1,1734566400,ΠΡΟΪΟΝ ΚΑΘΑΡΙΣΜΟΥ ΚΑΙ ΑΠΟΛΥΜΑΝΣΗΣ ΜΕΓΑΛΩΝ ΕΠΙΦΑΝΕΙΩΝ ΚΑΙ ΔΑΠΕΔΩΝ ΧΩΡΙΣ ΑΛΔΕΫΔΕΣ,,https://diavgeia.gov.gr/doc/9Ε8Λ46907Κ-ΖΦΝ,category,,ΚΑΘΑΡΙΣΜ
6ΞΣΥ46907Κ-8ΚΦ,99221940,Δ.2.2,1733875200,ΠΡΟΜΗΘΕΙΑ ΥΛΙΚΩΝ ΚΑΘΑΡΙΟΤΗΤΑΣ,"{'amount': 966.47, 'currency': 'EUR'}",https://diavgeia.gov.gr/doc/6ΞΣΥ46907Κ-8ΚΦ,category,,ΚΑΘΑΡΙΟΤΗΤ
90Ρ146907Κ-3ΔΧ,99221940,Δ.2.2,1758499200,ΠΡΑΞΗ ΑΝΑΠΛΗΡΩΤΗ ΔΙΟΙΚΗΤΗ ΓΙΑ ΕΓΚΡΙΣΗ ΤΕΛΙΚΩΝ ΤΕΧΝΙΚΩΝ ΠΡΟΔΙΑΓΡΑΦΩΝ H/M ΚΑΙ ΠΥΡΑΣΦΑΛΕΙΑΣ ΓΙΑ 2Η ΥΠΕ - ΕΣΠΑ,{'currency': 'EUR'},https://diavgeia.gov.gr/doc/90Ρ146907Κ-3ΔΧ,category,,ΑΣΦΑΛΕΙΑ
6ΤΓΣ46907Κ-Ι30,99221940,Δ.2.1,1758240000,ΠΕΡΙΛΗΨΗ ΔΙΑΚΗΡΥΞΗΣ ΑΝΑΘΕΣΗΣ ΥΠΗΡΕΣΙΩΝ ΤΡΑΠΕΖΟΚΟΜΙΑΣ ΚΑΙ ΚΑΘΑΡΙΣΜΟΥ ΙΜΑΤΙΣΜΟΥ,,https://diavgeia.gov.gr/doc/6ΤΓΣ46907Κ-Ι30,category,,ΚΑΘΑΡΙΣΜ
68ΧΥ46907Κ-29Ξ,99221940,Δ.2.1,1758153600,ΠΕΡΙΛΗΨΗ ΔΙΑΚΗΡΥΞΗΣ ΓΙΑ ΤΗΝ ΑΝΑΘΕΣΗ ΤΩΝ ΥΠΗΡΕΣΙΩΝ ΤΡΑΠΕΖΟΚΟΜΙΑΣ ΚΑΙ ΚΑΘΑΡΙΣΜΟΥ ΙΜΑΤΙΣΜΟΥ,,https://diavgeia.gov.gr/doc/68ΧΥ46907Κ-29Ξ,category,,ΚΑΘΑΡΙΣΜ
62ΕΖ46907Κ-Ι9Χ,99221940,Δ.2.1,1757548800,ΜΑΝΤΗΛΑΚΙΑ ΑΝΤΙΣΗΨΙΑΣ ΚΑΙ ΚΑΘΑΡΙΣΜΟΥ ΣΩΜΑΤΟΣ . ΝΑ ΠΕΡΙΕΧΟΥΝ ΔΙΑΛΥΜΑ  ΧΛΩΡΕΞΙΔΙΝΗΣ 2% .,,https://diavgeia.gov.gr/doc/62ΕΖ46907Κ-Ι9Χ,category,,ΚΑΘΑΡΙΣΜ
9ΜΟΦ46907Κ-ΨΟΣ,99221940,Δ.1,1757289600,ΑΠΟΦΑΣΗ ΕΓΚΡΙΣΗΣ ΑΠΟΤΕΛΕΣΜΑΤΩΝ ΔΙΑΠΡΑΓΜΑΤΕΥΣΗΣ ΓΙΑ ΤΗΝ ΑΝΑΘΕΣΗ ΤΩΝ ΥΠΗΡΕΣΙΩΝ ΚΑΘΑΡΙΟΤΗΤΑΣ ΓΝ ΡΟΔΟΥ,{'currency': 'EUR'},https://diavgeia.gov.gr/doc/9ΜΟΦ46907Κ-ΨΟΣ,category,,ΚΑΘΑΡΙΟΤΗΤ
Ψ81Α46907Κ-ΟΑΖ,99221940,Δ.2.2,1757030400,ΠΡΑΞΗ ΔΙΟΙΚΗΤΗ ΚΑΘΕΤΗΡΕΣ ΣΙΤΙΣΗΣ ΝΕΟΓΝΩΝ ΑΚΤΙΝΟΣΚΙΕΡΟΙ  Νο6,,https://diavgeia.gov.gr/doc/Ψ81Α46907Κ-ΟΑΖ,category,,ΣΙΤΙΣΗ
90ΣΝ46907Κ-16Ο,99221940,Δ.2.2,1756944000,ΠΡΑΞΗ ΔΙΟΙΚΗΤΗ ΓΙΑ ΥΛΚΑ ΚΑΘΑΡΙΟΤΗΤΑΣ,,https://diavgeia.gov.gr/doc/90ΣΝ46907Κ-16Ο,category,,ΚΑΘΑΡΙΟΤΗΤ
9ΩΩΤ46907Κ-ΓΞ2,99221940,Δ.2.2,1756944000,ΠΡΑΞΗ ΔΙΟΙΚΗΤΗ ΓΙΑ ΥΛΙΚΑ ΚΑΘΑΡΙΟΤΗΤΑΣ,,https://diavgeia.gov.gr/doc/9ΩΩΤ46907Κ-ΓΞ2,category,,ΚΑΘΑΡΙΟΤΗΤ
9ΗΦ346907Κ-ΒΥΡ,99221940,Δ.2.1,1756684800,ΠΡΟΜΗΘΕΙΑ ΥΛΙΚΑ ΚΑΘΑΡΙΟΤΗΤΑΣ,,https://diavgeia.gov.gr/doc/9ΗΦ346907Κ-ΒΥΡ,category,,ΚΑΘΑΡΙΟΤΗΤ
93Φ746907Κ-ΧΜΑ,99221940,Δ.2.2,1756425600,ΠΡΑΞΗ ΔΙΟΙΚΗΤΗ ΚΑΘΕΤΗΡΕΣ ΣΙΤΙΣΗΣ ΝΕΟΓΝΩΝ ,,https://diavgeia.gov.gr/doc/93Φ746907Κ-ΧΜΑ,category,,ΣΙΤΙΣΗ
9Τ6Ψ46907Κ-ΧΓ6,99221940,Δ.2.1,1755734400,ΔΗΜΟΣΙΑ ΑΝΟΙΚΤΗ ΔΙΑΔΙΚΑΣΙΑ ΣΥΛΛΟΓΗΣ ΠΡΟΣΦΟΡΩΝ ΓΙΑ ΚΑΘΕΤΗΡΕΣ ΣΙΤΙΣΗΣ ΝΕΟΓΝΩΝ ,,https://diavgeia.gov.gr/doc/9Τ6Ψ46907Κ-ΧΓ6,category,,ΣΙΤΙΣΗ
ΨΦΣ446907Κ-97Ρ,99221940,Δ.2.1,1755043200,ΠΡΟΜΗΘΕΙΑ ΥΛΙΚΩΝ ΚΑΘΑΡΙΟΤΗΤΑΣ,,https://diavgeia.gov.gr/doc/ΨΦΣ446907Κ-97Ρ,category,,ΚΑΘΑΡΙΟΤΗΤ
6ΗΦ146907Κ-2ΞΩ,99221940,Δ.2.1,1755043200,ΠΡΟΜΗΘΕΙΑ ΥΛΙΚΩΝ ΚΑΘΑΡΙΟΤΗΤΑΣ,,https://diavgeia.gov.gr/doc/6ΗΦ146907Κ-2ΞΩ,category,,ΚΑΘΑΡΙΟΤΗΤ
62ΟΦ46907Κ-Α4Δ,99221940,Δ.2.1,1755043200,ΠΡΟΜΗΘΕΙΑ ΥΛΙΚΩΝ ΚΑΘΑΡΙΟΤΗΤΑΣ 3,,https://diavgeia.gov.gr/doc/62ΟΦ46907Κ-Α4Δ,category,,ΚΑΘΑΡΙΟΤΗΤ
6ΞΥΙ46907Κ-Τ8Π,99221940,Δ.2.1,1754956800,ΔΗΜΟΣΙΑ ΑΝΟΙΚΤΗ ΔΙΑΔΙΚΑΣΙΑ ΣΥΛΛΟΓΗΣ ΠΡΟΣΦΟΡΩΝ ΠΕΤΑΛΟΥΔΕΣ ΑΙΜΟΛΗΨΙΑΣ ΑΣΦΑΛΕΙΑΣ  ,,https://diavgeia.gov.gr/doc/6ΞΥΙ46907Κ-Τ8Π,category,,ΑΣΦΑΛΕΙΑ
ΨΤ0Υ46907Κ-9ΕΠ,99221940,Δ.2.1,1753228800,ΠΕΡΙΛΗΨΗ ΔΙΑΚΗΡΥΞΗΣ ΔΙΑΓΩΝΙΣΜΟΥ ΑΝΑΘΕΣΗΣ ΤΩΝ ΥΠΗΡΕΣΙΩΝ ΚΑΘΑΡΙΟΤΗΤΑΣ ΤΟΥ ΓΝ ΡΟΔΟΥ,,https://diavgeia.gov.gr/doc/ΨΤ0Υ46907Κ-9ΕΠ,category,,ΚΑΘΑΡΙΟΤΗΤ
9ΗΟΔ46907Κ-15Τ,99221940,Δ.2.2,1753142400,"ΠΡΟΓΕΜΙΣΜΕΝΕΣ ΣΥΣΚΕΥΕΣ ΑΣΦΑΛΕΙΑΣ ΜΕ ΦΥΣΙΟΛΟΓΙΚΟ ΟΡΟ ΓΙΑ ΕΚΠΛΥΣΗ ΚΑΘΕΤΗΡΩΝ,
BD-POSIFLUSHTM XS & BD-POSIFLUSH SP
",,https://diavgeia.gov.gr/doc/9ΗΟΔ46907Κ-15Τ,category,,ΑΣΦΑΛΕΙΑ
ΨΟΝΞ46907Κ-Α3Κ,99221940,Δ.2.2,1752624000,ΠΡΑΞΗ ΔΙΟΙΚΗΤΗ ΓΙΑ ΥΛΙΚΑ ΚΑΘΑΡΙΟΤΗΤΑΣ,,https://diavgeia.gov.gr/doc/ΨΟΝΞ46907Κ-Α3Κ,category,,ΚΑΘΑΡΙΟΤΗΤ
Ρ4Γ946907Κ-ΛΨΛ,99221940,Δ.2.1,1751414400,ΑΝΑΘΕΣΗ ΥΠΗΡΕΣΙΩΝ ΤΡΑΠΕΖΟΚΟΜΙΑΣ ΚΑΙ ΚΑΘΑΡΙΣΜΟΥ ΙΜΑΤΙΣΜΟΥ,,https://diavgeia.gov.gr/doc/Ρ4Γ946907Κ-ΛΨΛ,category,,ΚΑΘΑΡΙΣΜ
ΨΕ5546907Κ-96Χ,99221940,Δ.2.2,1751414400,ΠΡΟΪΟΝ ΚΑΘΑΡΙΣΜΟΥ ΚΑΙ ΑΠΟΛΥΜΑΝΣΗΣ ΜΕΓΑΛΩΝ ΕΠΙΦΑΝΕΙΩΝ ΚΑΙ ΔΑΠΕΔΩΝ ΧΩΡΙΣ ΑΛΔΕΫΔΕΣ,"{'amount': 2226.0, 'currency': 'EUR'}",https://diavgeia.gov.gr/doc/ΨΕ5546907Κ-96Χ,category,,ΚΑΘΑΡΙΣΜ
9Η8Ρ46907Κ-Β41,99221940,Δ.2.2,1750982400,ΟΥΡΟΔΟΧΕΙΑ ΑΝΔΡΙΚΑ  ΠΛΑΣΤΙΚΑ ΜΕ ΚΑΠΑΚΙ ΑΣΦΑΛΕΙΑΣ ΠΟΛΛΑΠΛΩΝ ΧΡΗΣΕΩΝ.,{'currency': 'EUR'},https://diavgeia.gov.gr/doc/9Η8Ρ46907Κ-Β41,category,,ΑΣΦΑΛΕΙΑ
ΨΝΓ846907Κ-ΘΛΜ,99221940,Δ.1,1750118400,ΑΠΟΦΑΣΗ ΑΝΑΠΛΗΡΩΤΗ ΔΙΟΙΚΗΤΗ ΕΓΚΡΙΣΗΣ ΑΠΟΤΕΛΕΣΜΑΤΩΝ ΑΞΙΟΛΟΓΗΣΗ ΔΙΚΑΙΟΛΟΓΗΤΙΚΩΝ ΣΥΜΜΕΤΟΧΗΣ ΔΙΑΓΩΝΙΣΜΟΥ ΓΙΑ ΤΗΝ ΑΝΑΘΕΣΗ ΤΩΝ ΥΠΗΡΕΣΙΩΝ ΤΡΑΠΕΖΟΚΟΜΙΑΣ ΚΑΙ ΚΑΘΑΡΙΣΜΟΥ ,{'currency': 'EUR'},https://diavgeia.gov.gr/doc/ΨΝΓ846907Κ-ΘΛΜ,category,,ΚΑΘΑΡΙΣΜ
68ΥΒ46907Κ-ΥΞΦ,99221940,Δ.2.1,1749686400,ΟΥΡΟΔΟΧΕΙΑ ΑΝΔΡΙΚΑ  ΠΛΑΣΤΙΚΑ ΜΕ ΚΑΠΑΚΙ ΑΣΦΑΛΕΙΑΣ ΠΟΛΛΑΠΛΩΝ ΧΡΗΣΕΩΝ.,,https://diavgeia.gov.gr/doc/68ΥΒ46907Κ-ΥΞΦ,category,,ΑΣΦΑΛΕΙΑ
ΨΕ0Φ46907Κ-1Ι8,99221940,Δ.2.1,1748995200,ΠΡΟΪΟΝ ΚΑΘΑΡΙΣΜΟΥ ΚΑΙ ΑΠΟΛΥΜΑΝΣΗΣ ΜΕΓΑΛΩΝ ΕΠΙΦΑΝΕΙΩΝ ΚΑΙ ΔΑΠΕΔΩΝ ΧΩΡΙΣ ΑΛΔΕΫΔΕΣ,,https://diavgeia.gov.gr/doc/ΨΕ0Φ46907Κ-1Ι8,category,,ΚΑΘΑΡΙΣΜ
Ψ31Π46907Κ-Ξ1Ω,99221940,Δ.2.1,1746576000,ΑΝΑΘΕΣΗ ΥΠΗΡΕΣΙΩΝ ΤΡΑΠΕΖΟΚΟΜΙΑΣ ΚΑΙ ΚΑΘΑΡΙΣΜΟΥ ΙΜΑΤΙΣΜΟΥ ΤΟΥ ΓΝ ΡΟΔΟΥ,,https://diavgeia.gov.gr/doc/Ψ31Π46907Κ-Ξ1Ω,category,,ΚΑΘΑΡΙΣΜ
Ψ1Φ246907Κ-2Α9,99221940,Δ.2.1,1746403200,ΣΥΣΤΗΜΑ ΤΡΙΩΝ ΑΥΛΩΝ ΜΕ ΑΝΤΙΜΙΚΡΟΒΙΑΚΑ ΠΩΜΑΤΑ ΑΣΦΑΛΕΙΑΣ ΣΕ ΚΑΘΕ ΑΥΛΟ,,https://diavgeia.gov.gr/doc/Ψ1Φ246907Κ-2Α9,category,,ΑΣΦΑΛΕΙΑ
992746907Κ-350,99221940,Δ.2.2,1771459200,ΠΡΑΞΗ ΔΙΟΙΚΗΤΗ   ΑΙΤ 405 & 406 ΠΕΤΑΛΟΥΔΕΣ ΑΙΜΟΛΗΨΙΑΣ ΑΣΦΑΛΕΙΑΣ  ,,https://diavgeia.gov.gr/doc/992746907Κ-350,category,,ΑΣΦΑΛΕΙΑ
9ΤΩΟ46907Κ-ΛΡΒ,99221940,Δ.2.2,1770854400,ΠΡΑΞΗ ΔΙΟΙΚΗΤΗ ΑΙΤ 379 ΒΟΥΡΤΣΕΣ (ΨΗΚΤΡΕΣ) ΚΑΘΑΡΙΣΜΟΥ ΕΝΔΟΣΚΟΠΙΚΩΝ ,,https://diavgeia.gov.gr/doc/9ΤΩΟ46907Κ-ΛΡΒ,category,,ΚΑΘΑΡΙΣΜ
6Υ0Ν46907Κ-Λ27,99221940,Δ.2.1,1770076800,ΔΗΜΟΣΙΑ ΑΝΟΙΚΤΗ ΔΙΑΔΙΚΑΣΙΑ ΣΥΛΛΟΓΗΣ ΠΡΟΣΦΟΡΩΝ ΠΕΤΑΛΟΥΔΕΣ ΑΙΜΟΛΗΨΙΑΣ ΑΣΦΑΛΕΙΑΣ,,https://diavgeia.gov.gr/doc/6Υ0Ν46907Κ-Λ27,category,,ΑΣΦΑΛΕΙΑ
9ΟΤΨ46907Κ-ΑΣΟ,99221940,Δ.2.1,1770076800,ΜΑΝΤΗΛΑΚΙΑ ΚΑΘΑΡΙΣΜΟΥ ΓΙΑ ΙΑΤΡΙΚΕΣ ΕΠΙΦΑΝΕΙΕΣ,,https://diavgeia.gov.gr/doc/9ΟΤΨ46907Κ-ΑΣΟ,category,,ΚΑΘΑΡΙΣΜ
ΨΝΞΕ46907Κ-ΦΒΝ,99221940,Δ.1,1769558400,ΑΠΟΦΑΣΗ ΕΓΚΡΙΣΗΣ ΚΑΤΑΚΥΡΩΣΗΣ ΑΠΟΤΕΛΕΣΜΑΤΩΝ ΔΙΑΓΩΝΙΣΜΟΥ ΑΝΑΘΕΣΗΣ ΥΠΗΡΕΣΙΩΝ ΚΑΘΑΡΙΟΤΗΤΑΣ ΓΝ ΡΟΔΟΥ,{'currency': 'EUR'},https://diavgeia.gov.gr/doc/ΨΝΞΕ46907Κ-ΦΒΝ,category,,ΚΑΘΑΡΙΟΤΗΤ
9ΜΨ546907Κ-ΘΧ1,99221940,Δ.2.2,1769472000,ΠΡΟΜΗΘΕΙΑ ΥΛΙΚΩΝ ΚΑΘΑΡΙΟΤΗΤΑΣ,"{'amount': 3034.28, 'currency': 'EUR'}",https://diavgeia.gov.gr/doc/9ΜΨ546907Κ-ΘΧ1,category,,ΚΑΘΑΡΙΟΤΗΤ
94ΖΚ46907Κ-ΒΡΡ,99221940,Δ.2.1,1769472000,"Μαντιλάκια καθαρισμού και απολύμανσης εμποτισμένα με Υπεροξείδιο του Υδρογόνου Η2O2 κατάλληλα για όλες τις  ιατρικές επιφάνειες (π.χ. κεφαλές υπερήχων, μόνιτορ)",,https://diavgeia.gov.gr/doc/94ΖΚ46907Κ-ΒΡΡ,category,,ΚΑΘΑΡΙΣΜ
ΨΛΨΠ46907Κ-3Ψ1,99221940,Δ.2.2,1769472000,ΠΡΑΞΗ ΔΙΟΙΚΗΤΗ ΥΛΙΚΑ ΚΑΘΑΡΙΟΤΗΤΑΣ,,https://diavgeia.gov.gr/doc/ΨΛΨΠ46907Κ-3Ψ1,category,,ΚΑΘΑΡΙΟΤΗΤ
Ρ9ΑΑ46907Κ-ΛΣΕ,99221940,Δ.2.1,1767830400,ΠΡΟΜΗΘΕΙΑ ΥΛΙΚΩΝ ΚΑΘΑΡΙΟΤΗΤΑΣ,,https://diavgeia.gov.gr/doc/Ρ9ΑΑ46907Κ-ΛΣΕ,category,,ΚΑΘΑΡΙΟΤΗΤ
ΨΒΙΛ46907Κ-ΩΦ5,99221940,Δ.2.2,1764720000,ΠΡΑΞΗ ΔΙΟΙΚΗΤΗ ΓΙΑ ΥΛΙΚΑ ΚΑΘΑΡΙΟΤΗΤΑΣ,,https://diavgeia.gov.gr/doc/ΨΒΙΛ46907Κ-ΩΦ5,category,,ΚΑΘΑΡΙΟΤΗΤ
Ψ0ΓΙ46907Κ-84Θ,99221940,Δ.2.2,1764115200,ΠΡΑΞΗ ΥΛΙΚΩΝ ΚΑΘΑΡΙΟΤΗΤΑΣ,,https://diavgeia.gov.gr/doc/Ψ0ΓΙ46907Κ-84Θ,category,,ΚΑΘΑΡΙΟΤΗΤ
631Ω46907Κ-ΦΔ2,99221940,Δ.1,1764028800,ΕΓΚΡΙΣΗ ΑΣΚΗΣΗΣ ΤΟΥ ΔΙΚΑΙΩΜΑΤΟΣ ΠΡΟΑΙΡΕΣΗΣ ΤΗΣ  ΑΡΙΘΜ. 65/2024  ΥΠΟΓΕΓΡΑΜΜΕΝΗΣ ΣΥΜΒΑΣΗΣ  ΓΙΑ ΕΝΑ (1) ΕΠΙΠΛΕΟΝ ΕΤΟΣ ΚΑΙ ΣΥΓΚΕΚΡΙΜΕΝΑ ΑΠΟ 01/12/2025  ΕΩΣ ΚΑΙ  30/,"{'amount': 527246.7, 'currency': 'EUR'}",https://diavgeia.gov.gr/doc/631Ω46907Κ-ΦΔ2,afm,094180805,ΑΦΟΙ ΚΟΜΠΑΤΣΙΑΡΗ
6ΔΜ246907Κ-Χ14,99221940,Δ.2.1,1763510400,ΠΡΟΜΗΘΕΙΑ ΥΛΙΚΩΝ ΚΑΘΑΡΙΟΤΗΤΑΣ,,https://diavgeia.gov.gr/doc/6ΔΜ246907Κ-Χ14,category,,ΚΑΘΑΡΙΟΤΗΤ
9ΖΔΜ46907Κ-Β34,99221940,Δ.2.1,1763424000,ΠΡΟΜΗΘΕΙΑ ΥΛΙΚΩΝ ΚΑΘΑΡΙΟΤΗΤΑΣ,,https://diavgeia.gov.gr/doc/9ΖΔΜ46907Κ-Β34,category,,ΚΑΘΑΡΙΟΤΗΤ
Ψ95Λ46907Κ-ΔΛΙ,99221940,Δ.2.1,1763424000,ΠΡΟΜΗΘΕΙΑ ΥΛΙΚΩΝ ΚΑΘΑΡΙΟΤΗΤΑΣ,,https://diavgeia.gov.gr/doc/Ψ95Λ46907Κ-ΔΛΙ,category,,ΚΑΘΑΡΙΟΤΗΤ
ΡΠΚΞ46907Κ-343,99221940,Δ.2.2,1762992000,ΠΡΑΞΗ ΔΙΟΙΚΗΤΗ ΓΙΑ ΑΙΤ.1329/10-09-2025 ΚΑΘΕΤΗΡΕΣ ΣΙΤΙΣΗΣ ΠΟΛΥΟΥΡΕΘΑΝΗΣ ΜΑΚΡΑΣ ΔΙΑΡΚΕΙΑΣ  LEVIN ΑΙΤ.ΥΠΕΥΘ.ΝΕΥΡΟΛΟΓ.,,https://diavgeia.gov.gr/doc/ΡΠΚΞ46907Κ-343,category,,ΣΙΤΙΣΗ
93Σ646907Κ-ΓΦ8,99221940,Δ.2.2,1762819200,Κρέμες ενζυματικού καθαρισμού ελκών και τραυμάτων,,https://diavgeia.gov.gr/doc/93Σ646907Κ-ΓΦ8,category,,ΚΑΘΑΡΙΣΜ
ΨΟΝΖ46907Κ-Ζ7Χ,99221940,Δ.2.1,1761264000,ΜΑΝΤΗΛΑΚΙΑ ΑΝΤΙΣΗΨΙΑΣ ΚΑΙ ΚΑΘΑΡΙΣΜΟΥ ΣΩΜΑΤΟΣ . ΝΑ ΠΕΡΙΕΧΟΥΝ ΔΙΑΛΥΜΑ  ΧΛΩΡΕΞΙΔΙΝΗΣ 2% .,,https://diavgeia.gov.gr/doc/ΨΟΝΖ46907Κ-Ζ7Χ,category,,ΚΑΘΑΡΙΣΜ
96ΠΔ46907Κ-9Υ1,99221940,Δ.2.2,1761004800,"ΠΡΟΪΟΝ ΚΑΘΑΡΙΣΜΟΥ ΚΑΙ ΑΠΟΛΥΜΑΝΣΗΣ ΜΕΓΑΛΩΝ ΕΠΙΦΑΝΕΙΩΝ ΚΑΙ ΔΑΠΕΔΩΝ ΧΩΡΙΣ ΑΛΔΕΫΔΕΣ 
SURFANIOS PREMIUM ΣΥΣΚ.5LT
",,https://diavgeia.gov.gr/doc/96ΠΔ46907Κ-9Υ1,category,,ΚΑΘΑΡΙΣΜ
Ψ7ΛΛ46907Κ-ΞΝΘ,99221940,Δ.2.2,1760918400,ΠΡΑΞΗ ΔΙΟΙΚΗΤΗ ΟΥΡΟΔΟΧΕΙΑ ΑΝΔΡΙΚΑ  ΠΛΑΣΤΙΚΑ ΜΕ ΚΑΠΑΚΙ ΑΣΦΑΛΕΙΑΣ ,,https://diavgeia.gov.gr/doc/Ψ7ΛΛ46907Κ-ΞΝΘ,category,,ΑΣΦΑΛΕΙΑ
6ΧΣ846907Κ-Θ1Ψ,99221940,Δ.2.1,1760054400,ΠΡΟΪΟΝ ΚΑΘΑΡΙΣΜΟΥ ΚΑΙ ΑΠΟΛΥΜΑΝΣΗΣ ΜΕΓΑΛΩΝ ΕΠΙΦΑΝΕΙΩΝ ΚΑΙ ΔΑΠΕΔΩΝ ΧΩΡΙΣ ΑΛΔΕΫΔΕΣ,,https://diavgeia.gov.gr/doc/6ΧΣ846907Κ-Θ1Ψ,category,,ΚΑΘΑΡΙΣΜ
61Μ746907Κ-484,99221940,Δ.2.1,1759968000,ΠΡΟΜΗΘΕΙΑ ΚΑΘΕΤΗΡΕΣ ΣΙΤΙΣΗΣ,,https://diavgeia.gov.gr/doc/61Μ746907Κ-484,category,,ΣΙΤΙΣΗ
ΨΓΠ146907Κ-ΞΥΨ,99221940,Δ.2.1,1759449600,ΖΗΤΗΣΗ ΓΙΑ ΑΙΤ.1329/10-09-2025 ΚΑΘΕΤΗΡΕΣ ΣΙΤΙΣΗΣ ΠΟΛΥΟΥΡΕΘΑΝΗΣ ΜΑΚΡΑΣ ΔΙΑΡΚΕΙΑΣ  LEVIN ΑΙΤ.ΠΡΟΙΣΤ.ΝΕΥΡΟΛ.,,https://diavgeia.gov.gr/doc/ΨΓΠ146907Κ-ΞΥΨ,category,,ΣΙΤΙΣΗ
ΡΨΩΒ46907Κ-Γ54,99221940,Δ.2.1,1759363200,"ΣΥΣΚΕΥΕΣ ΕΝΤΕΡΙΚΗΣ ΣΙΤΙΣΗΣ ΜΕ ΕΝΣΩΜΑΤΩΜΕΝΟ ΣΑΚΟ 1,5L",,https://diavgeia.gov.gr/doc/ΡΨΩΒ46907Κ-Γ54,category,,ΣΙΤΙΣΗ
ΨΣ0Ρ46907Κ-ΣΕ2,99221940,Δ.2.1,1759363200,"Μαντιλάκια καθαρισμού και απολύμανσης εμποτισμένα με Υπεροξείδιο του Υδρογόνου Η2O2 κατάλληλα για όλες τις  ιατρικές επιφάνειες (π.χ. κεφαλές υπερήχων, μόνιτορ)",,https://diavgeia.gov.gr/doc/ΨΣ0Ρ46907Κ-ΣΕ2,category,,ΚΑΘΑΡΙΣΜ
9ΝΕΑ46907Κ-8Ω8,99221940,Δ.2.2,1784246400,ΠΡΑΞΗ ΔΙΟΙΚΗΤΗ ΑΙΤ 1986 ΚΑΘΕΤΗΡΕΣ ΣΙΤΙΣΗΣ ΠΟΛΥΟΥΡΕΘΑΝΗΣ ,,https://diavgeia.gov.gr/doc/9ΝΕΑ46907Κ-8Ω8,category,,ΣΙΤΙΣΗ
ΨΠΖΡ46907Κ-ΒΒ0,99221940,Δ.2.1,1784160000,ΠΡΟΪΟΝ ΚΑΘΑΡΙΣΜΟΥ ΚΑΙ ΑΠΟΛΥΜΑΝΣΗΣ ΜΕΓΑΛΩΝ ΕΠΙΦΑΝΕΙΩΝ ΚΑΙ ΔΑΠΕΔΩΝ ,,https://diavgeia.gov.gr/doc/ΨΠΖΡ46907Κ-ΒΒ0,category,,ΚΑΘΑΡΙΣΜ
ΨΥ7Ο46907Κ-ΖΕΖ,99221940,Δ.2.1,1783468800,ΔΙΑΚΗΡΥΞΗ ΣΙΤΙΣΗΣ ΝΟΣΗΛΕΥΟΜΕΝΩΝ ΚΑΙ ΕΦΗΜΕΡΕΥΟΝΤΩΝ ΙΑΤΡΩΝ ΤΟΥ Γ. Ν. ΡΟΔΟΥ 24/2026,,https://diavgeia.gov.gr/doc/ΨΥ7Ο46907Κ-ΖΕΖ,category,,ΣΙΤΙΣΗ
94ΚΨ46907Κ-ΣΦΔ,99221940,Δ.2.2,1782950400,ΠΡΑΞΗ ΔΙΟΙΚΗΤΗ ΓΙΑ ΑΙΤ.2143/05-05-2026 ΕΙΔΙΚΑ ΒΟΥΡΤΣΑΚΙΑ ΚΑΘΑΡΙΣΜΟΥ ΑΥΛΟΦΟΡΩΝ ΕΡΓΑΛΕΙΩΝ ΑΙΤ.ΠΡΟΙΣΤ.ΧΕΙΡ.,,https://diavgeia.gov.gr/doc/94ΚΨ46907Κ-ΣΦΔ,category,,ΚΑΘΑΡΙΣΜ
Ψ5ΤΒ46907Κ-Υ3Υ,99221940,Δ.2.1,1782259200,Μαντιλάκια καθαρισμού και απολύμανσης ,,https://diavgeia.gov.gr/doc/Ψ5ΤΒ46907Κ-Υ3Υ,category,,ΚΑΘΑΡΙΣΜ
Ψ2Ω846907Κ-ΗΕ9,99221940,Δ.2.2,1781654400,"ΚΑΤΑΚΥΡΩΣΗ ΤΟΥ ΥΠ’ ΑΡΙΘΜ. 784/2026 ΔΙΑΓΩΝΙΣΜΟΥ , ΚΑΤΩ ΤΩΝ ΟΡΙΩΝ, ΓΙΑ ΤΗΝ ΑΝΑΘΕΣΗ ΤΩΝ ΥΠΗΡΕΣΙΩΝ ΤΩΝ ΥΠΗΡΕΣΙΩΝ ΚΑΘΑΡΙΣΜΟΥ ΙΜΑΤΙΣΜΟΥ ΚΑΙ ΕΡΓΑΤΩΝ ΑΠΟΘΗΚΗΣ  ΓΙΑ ΤΟ Γ","{'amount': 35988.0, 'currency': 'EUR'}",https://diavgeia.gov.gr/doc/Ψ2Ω846907Κ-ΗΕ9,afm,801114586,MYSERVICES (HUMAN RESOURCES)
ΨΙΘΒ46907Κ-ΔΛ8,99221940,Δ.2.1,1779235200,ΖΗΤΗΣΗ ΓΙΑ ΑΙΤ.2143/05-05-2026 ΕΙΔΙΚΑ ΒΟΥΡΤΣΑΚΙΑ ΚΑΘΑΡΙΣΜΟΥ ΑΥΛΟΦΟΡΩΝ ΕΡΓΑΛΕΙΩΝ ΑΙΤ.ΠΡΟΙΣΤ.ΧΕΙΡ.,,https://diavgeia.gov.gr/doc/ΨΙΘΒ46907Κ-ΔΛ8,category,,ΚΑΘΑΡΙΣΜ
ΡΤΖΗ46907Κ-9ΜΒ,99221940,Δ.2.1,1778025600,ΔΗΜΟΣΙΑ ΑΝΟΙΚΤΗ ΔΙΑΔΙΚΑΣΙΑ ΣΥΛΛΟΓΗΣ ΠΡΟΣΦΟΡΩΝ 1986 ΚΑΘΕΤΗΡΕΣ ΣΙΤΙΣΗΣ,,https://diavgeia.gov.gr/doc/ΡΤΖΗ46907Κ-9ΜΒ,category,,ΣΙΤΙΣΗ
9ΗΠΕ46907Κ-1ΣΦ,99221940,Δ.2.2,1776988800,ΣΥΣΚΕΥΕΣ ΕΝΤΕΡΙΚΗΣ ΣΙΤΙΣΗΣ,,https://diavgeia.gov.gr/doc/9ΗΠΕ46907Κ-1ΣΦ,category,,ΣΙΤΙΣΗ
ΨΓ0546907Κ-ΥΕΧ,99221940,Δ.2.1,1776729600,ΣΥΣΚΕΥΕΣ ΝΕΝΤΕΡΙΚΗ ΣΙΤΙΣΗΣ,,https://diavgeia.gov.gr/doc/ΨΓ0546907Κ-ΥΕΧ,category,,ΣΙΤΙΣΗ
9ΟΣ046907Κ-ΗΕ3,99221940,Δ.2.2,1776384000,ΠΡΑΞΗ ΔΙΟΙΚΗΤΗ ΑΙΤ 1377 ΒΟΥΡΤΣΕΣ ΠΟΛΛΑΠΛΩΝ ΧΡΗΣΕΩΝ ΚΑΘΑΡΙΣΜΟ ΤΩΝ ΕΝΔΟΣΚΟΠΙΚΩΝ ΟΡΓΑΝΩΝ ,,https://diavgeia.gov.gr/doc/9ΟΣ046907Κ-ΗΕ3,category,,ΚΑΘΑΡΙΣΜ
ΨΑΓ346907Κ-8ΤΓ,99221940,Δ.2.1,1773964800,ΥΠΗΡΕΣΙΕΣ ΚΑΘΑΡΙΣΜΟΥ ΙΜΑΤΙΣΜΟΥ,,https://diavgeia.gov.gr/doc/ΨΑΓ346907Κ-8ΤΓ,category,,ΚΑΘΑΡΙΣΜ
ΡΝΦ746907Κ-49Ξ,99221940,Δ.2.2,1773705600,ΠΑΡΑΤΑΣΗ -ΠΡΑΞΗ ΚΑΘΑΡΙΣΜΟΣ ΦΡΕΑΤΙΩΝ ΛΥΜΑΤΩΝ ΚΑΙ ΥΔΡΟΣΥΛΛΟΓΗΣ,,https://diavgeia.gov.gr/doc/ΡΝΦ746907Κ-49Ξ,category,,ΚΑΘΑΡΙΣΜ
ΨΧΘΛ46907Κ-ΗΜΚ,99221940,Δ.2.1,1773360000,ΠΡΟΪΟΝ ΚΑΘΑΡΙΣΜΟΥ ΚΑΙ ΑΠΟΛΥΜΑΝΣΗΣ ΜΕΓΑΛΩΝ ΕΠΙΦΑΝΕΙΩΝ ΚΑΙ ΔΑΠΕΔΩΝ ΧΩΡΙΣ ΑΛΔΕΫΔΕΣ,,https://diavgeia.gov.gr/doc/ΨΧΘΛ46907Κ-ΗΜΚ,category,,ΚΑΘΑΡΙΣΜ
ΨΕΦΨ46907Κ-4ΝΩ,99221940,Δ.2.2,1772582400,ΠΡΑΞΗ ΔΙΟΙΚΗΤΗ ΓΙΑ ΥΛΙΑΚ ΚΑΘΑΡΙΟΤΗΤΑΣ,,https://diavgeia.gov.gr/doc/ΨΕΦΨ46907Κ-4ΝΩ,category,,ΚΑΘΑΡΙΟΤΗΤ
90ΔΤ46907Κ-ΘΧ8,99221940,Δ.2.2,1772582400,ΠΡΑΞΗ ΔΙΟΙΚΗΤΗ ΓΙΑ ΥΛΙΚΑ ΚΑΘΑΡΙΟΤΗΤΑΣ,,https://diavgeia.gov.gr/doc/90ΔΤ46907Κ-ΘΧ8,category,,ΚΑΘΑΡΙΟΤΗΤ
90Ζ146907Κ-ΙΜΦ,99221940,Δ.2.2,1772582400,ΠΡΑΞΗ ΥΛΙΚΩΝ ΚΑΘΑΡΙΟΤΗΤΑΣ,,https://diavgeia.gov.gr/doc/90Ζ146907Κ-ΙΜΦ,category,,ΚΑΘΑΡΙΟΤΗΤ
991546907Κ-ΑΗ5,99221940,Δ.2.2,1771977600,ΜΑΝΤΗΛΑΚΙΑ ΚΑΘΑΡΙΣΜΟΥ ΜΕΘ,,https://diavgeia.gov.gr/doc/991546907Κ-ΑΗ5,category,,ΚΑΘΑΡΙΣΜ
9ΗΕΡ46907Κ-Π5Χ,99221940,Δ.2.1,1785974400,ΣΥΣΚΕΥΕΣ ΕΝΤΕΡΙΚΗΣ ΣΙΤΙΣΗΣ,,https://diavgeia.gov.gr/doc/9ΗΕΡ46907Κ-Π5Χ,category,,ΣΙΤΙΣΗ
9ΜΧ846907Κ-4ΛΧ,99221940,Δ.2.2,1785369600,ΣΥΣΚΕΥΕΣ ΕΝΤΕΡΙΚΗΣ ΣΙΤΙΣΗΣ ,,https://diavgeia.gov.gr/doc/9ΜΧ846907Κ-4ΛΧ,category,,ΣΙΤΙΣΗ
ΨΞ5Ο46907Κ-Ι6Β,99221940,Δ.2.1,1784764800,ΣΥΣΚΕΥΕΣ ΕΝΤΕΡΙΚΗΣ ΣΙΤΙΣΗΣ ,,https://diavgeia.gov.gr/doc/ΨΞ5Ο46907Κ-Ι6Β,category,,ΣΙΤΙΣΗ
ΡΕΡΙ46907Κ-Γ1Σ,99221940,Δ.2.2,1784592000,ΜΑΝΤΗΛΑΚΙΑ ΚΑΘΑΡΙΣΜΟΥ,,https://diavgeia.gov.gr/doc/ΡΕΡΙ46907Κ-Γ1Σ,category,,ΚΑΘΑΡΙΣΜ
