org,stratum,ada,api_amount,supplier,issue_date,doc_url
99221929,Μυτιλήνη (DDQI #1 band),9ΟΠ846907Ο-ΝΞΦ,1146.6,ΑΝΑΝΙΑΔΗΣ ΓΕΩΡΓΙΟΣ ΕΕ,2026-01-29,https://diavgeia.gov.gr/doc/9%CE%9F%CE%A0846907%CE%9F-%CE%9D%CE%9E%CE%A6
99221929,Μυτιλήνη (DDQI #1 band),6ΟΗΡ46907Ο-ΗΟΗ,5037.76,ΒΟΚΑΤΕ ΦΑΡΜΑΚΕΥΤΙΚΗ ΑΝΩΝΥΜΟΣ ΕΤΑΙΡΕΙΑ,2023-10-11,https://diavgeia.gov.gr/doc/6%CE%9F%CE%97%CE%A146907%CE%9F-%CE%97%CE%9F%CE%97
99221929,Μυτιλήνη (DDQI #1 band),ΨΤ7Ω46907Ο-Υ3Λ,683.28,ΤΕΑΒΕ ΕΠΕ,2023-10-13,https://diavgeia.gov.gr/doc/%CE%A8%CE%A47%CE%A946907%CE%9F-%CE%A53%CE%9B
99221929,Μυτιλήνη (DDQI #1 band),ΨΧΡ446907Ο-ΟΚ7,9976.61,ΓΕΝΙΚΗ ΧΗΜΙΚΩΝ ΠΡΟΙΟΝΤΩΝ Α.Ε.,2026-06-09,https://diavgeia.gov.gr/doc/%CE%A8%CE%A7%CE%A1446907%CE%9F-%CE%9F%CE%9A7
99221929,Μυτιλήνη (DDQI #1 band),963Ζ46907Ο-ΘΒΡ,1122.91,DUCASCO ΔΟΥΡΜΟΥΣΟΓΛΟΥ ΑΕΒΕ,2024-01-23,https://diavgeia.gov.gr/doc/963%CE%9646907%CE%9F-%CE%98%CE%92%CE%A1
99221929,Μυτιλήνη (DDQI #1 band),92ΖΠ46907Ο-Α44,3333.0,ΣΤΟΥΜΠΟΣ ΓΕΩΡΓΙΟΣ,2024-03-04,https://diavgeia.gov.gr/doc/92%CE%96%CE%A046907%CE%9F-%CE%9144
99221929,Μυτιλήνη (DDQI #1 band),ΨΓΟΜ46907Ο-7Ι4,36.27,ΔΕΡΚΑ ΙΑΤΡΙΚΑ ΕΠΕ,2024-04-04,https://diavgeia.gov.gr/doc/%CE%A8%CE%93%CE%9F%CE%9C46907%CE%9F-7%CE%994
99221929,Μυτιλήνη (DDQI #1 band),ΩΧΠΞ46907Ο-ΠΝΟ,155.87,DUCASCO ΔΟΥΡΜΟΥΣΟΓΛΟΥ ΑΕΒΕ,2023-09-14,https://diavgeia.gov.gr/doc/%CE%A9%CE%A7%CE%A0%CE%9E46907%CE%9F-%CE%A0%CE%9D%CE%9F
99221929,Μυτιλήνη (DDQI #1 band),911Υ46907Ο-ΣΔΨ,3300.05,ΕΛΕΝΗ ΚΕΚΗ Α.Ε.,2026-06-10,https://diavgeia.gov.gr/doc/911%CE%A546907%CE%9F-%CE%A3%CE%94%CE%A8
99221929,Μυτιλήνη (DDQI #1 band),Ω81546907Ο-ΘΥΞ,685.07,ABC TOYS,2023-10-16,https://diavgeia.gov.gr/doc/%CE%A981546907%CE%9F-%CE%98%CE%A5%CE%9E
99221929,Μυτιλήνη (DDQI #1 band),94ΕΖ46907Ο-ΜΤΠ,226.89,ΙΝΕΞ ΙΑΤΡΙΚΑ Α.Ε.,2025-12-04,https://diavgeia.gov.gr/doc/94%CE%95%CE%9646907%CE%9F-%CE%9C%CE%A4%CE%A0
99221929,Μυτιλήνη (DDQI #1 band),9Β7Φ46907Ο-ΞΣΙ,413.36,RETHINK ΑΕΒΕ,2026-06-09,https://diavgeia.gov.gr/doc/9%CE%927%CE%A646907%CE%9F-%CE%9E%CE%A3%CE%99
99221929,Μυτιλήνη (DDQI #1 band),6ΧΠ246907Ο-ΟΟ6,1133.6,ΓΕΩΡΓΑΚΗ ΜΑΡΙΝΑ & ΣΙΑ Ε.Ε. (SANImed),2025-07-21,https://diavgeia.gov.gr/doc/6%CE%A7%CE%A0246907%CE%9F-%CE%9F%CE%9F6
99221929,Μυτιλήνη (DDQI #1 band),ΡΕΡ646907Ο-Ρ4Μ,47.39,ΒΑΛΤΑΣ ΙΑΤΡΙΚΑ & ΟΡΘΟΠΕΔΙΚΑ ΒΟΗΘΗΜΑΤΑ Ι.,2023-10-20,https://diavgeia.gov.gr/doc/%CE%A1%CE%95%CE%A1646907%CE%9F-%CE%A14%CE%9C
99221929,Μυτιλήνη (DDQI #1 band),ΨΑΖΓ46907Ο-ΒΥΖ,508.95,ΣΠΑΝΟΣ ΝΙΚΟΛΑΟΣ Ε.Ε.,2025-06-18,https://diavgeia.gov.gr/doc/%CE%A8%CE%91%CE%96%CE%9346907%CE%9F-%CE%92%CE%A5%CE%96
99221929,Μυτιλήνη (DDQI #1 band),63ΕΑ46907Ο-9ΝΔ,6397.47,MERCK  A.E.,2025-01-14,https://diavgeia.gov.gr/doc/63%CE%95%CE%9146907%CE%9F-9%CE%9D%CE%94
99221929,Μυτιλήνη (DDQI #1 band),ΨΥΦΞ46907Ο-Τ0Ξ,192.91,ΕΡΓΟΣΥΣΤΕΜΣ  ΕΠΕ,2024-01-10,https://diavgeia.gov.gr/doc/%CE%A8%CE%A5%CE%A6%CE%9E46907%CE%9F-%CE%A40%CE%9E
99221929,Μυτιλήνη (DDQI #1 band),6ΗΦ546907Ο-ΗΑΗ,3200.0,ΓΛΕΝΤΗΣ ΝΙΚΟΛΑΟΣ,2024-01-16,https://diavgeia.gov.gr/doc/6%CE%97%CE%A6546907%CE%9F-%CE%97%CE%91%CE%97
99221929,Μυτιλήνη (DDQI #1 band),6Η6Β46907Ο-ΝΦΤ,3403.8,ΣΑΜΑΡΑΣ ΓΕΩΡΓΙΟΣ Α.Β.Ε.Ε.,2023-10-18,https://diavgeia.gov.gr/doc/6%CE%976%CE%9246907%CE%9F-%CE%9D%CE%A6%CE%A4
99221929,Μυτιλήνη (DDQI #1 band),Ψ2ΥΤ46907Ο-Ξ3Ο,224.64,PAUL HARTMANN HELLAS A.E.,2024-04-09,https://diavgeia.gov.gr/doc/%CE%A82%CE%A5%CE%A446907%CE%9F-%CE%9E3%CE%9F
99221929,Μυτιλήνη (DDQI #1 band),6ΡΤΝ46907Ο-ΒΓΛ,24808.42,MEDICON HELLAS Α.Ε.,2024-03-28,https://diavgeia.gov.gr/doc/6%CE%A1%CE%A4%CE%9D46907%CE%9F-%CE%92%CE%93%CE%9B
99221929,Μυτιλήνη (DDQI #1 band),9ΞΒΒ46907Ο-Π57,8.1,ΓΕΝ.ΝΟΣΟΚ.ΝΟΣΗΜΑΤΩΝ ΘΩΡΑΚΟΣ ΑΘΗΝΩΝ ¨ΣΩΤΗ,2025-07-01,https://diavgeia.gov.gr/doc/9%CE%9E%CE%92%CE%9246907%CE%9F-%CE%A057
99221929,Μυτιλήνη (DDQI #1 band),6Σ7Α46907Ο-Π5Λ,218.67,ΚΑΝΕΛΛΟΣ ΛΕΩΝΙΔΑΣ & ΣΙΑ Ο.Ε.,2025-06-11,https://diavgeia.gov.gr/doc/6%CE%A37%CE%9146907%CE%9F-%CE%A05%CE%9B
99221929,Μυτιλήνη (DDQI #1 band),6ΗΗΜ46907Ο-ΝΤΞ,2480.4,ΕΠΙΜΕΝΤ (ΝΕΑ) ΜΕΠΕ,2024-01-17,https://diavgeia.gov.gr/doc/6%CE%97%CE%97%CE%9C46907%CE%9F-%CE%9D%CE%A4%CE%9E
99221929,Μυτιλήνη (DDQI #1 band),Ψ0Α846907Ο-ΘΤΕ,1033.62,ΕΡΓΟΣΥΣΤΕΜΣ  ΕΠΕ,2025-07-09,https://diavgeia.gov.gr/doc/%CE%A80%CE%91846907%CE%9F-%CE%98%CE%A4%CE%95
99221929,Μυτιλήνη (DDQI #1 band),952046907Ο-Μ3Θ,2122.66,MEDINOR E.E.,2024-05-01,https://diavgeia.gov.gr/doc/952046907%CE%9F-%CE%9C3%CE%98
99221929,Μυτιλήνη (DDQI #1 band),ΨΘΔΞ46907Ο-ΚΝΥ,136.25,ΚΟΝΤΟΠΟΥΛΟΣ.Φ.&ΣΙΑ Ο.Ε,2026-06-29,https://diavgeia.gov.gr/doc/%CE%A8%CE%98%CE%94%CE%9E46907%CE%9F-%CE%9A%CE%9D%CE%A5
99221929,Μυτιλήνη (DDQI #1 band),Ψ9ΖΡ46907Ο-Ω7Ε,7640.14,ΜΙΧΑΛΑΚΗΣ Σ. - ΜΙΧΑΛΑΚΗ Β. Ο.Ε.,2026-01-26,https://diavgeia.gov.gr/doc/%CE%A89%CE%96%CE%A146907%CE%9F-%CE%A97%CE%95
99221929,Μυτιλήνη (DDQI #1 band),96ΚΟ46907Ο-Δ9Β,131.85,ΑΤΛΑΣ ΜΕΝΤΙΚΑΛ Α.Ε. ΙΑΤΡΟΤΕΧΝΟΛΟΓΙΚΑ ΠΡΟ,2025-09-23,https://diavgeia.gov.gr/doc/96%CE%9A%CE%9F46907%CE%9F-%CE%949%CE%92
99221929,Μυτιλήνη (DDQI #1 band),ΨΝΜΙ46907Ο-Β4Ξ,4421.28,VERMA DRUGS PHARMACEUTICALS Α.Β.Ε.Ε.,2025-07-21,https://diavgeia.gov.gr/doc/%CE%A8%CE%9D%CE%9C%CE%9946907%CE%9F-%CE%924%CE%9E
99221929,Μυτιλήνη (DDQI #1 band),ΨΟΚΕ46907Ο-7ΛΝ,3578.45,ΙΩΝΙΚΗ   ΑΒΕΕ,2025-01-20,https://diavgeia.gov.gr/doc/%CE%A8%CE%9F%CE%9A%CE%9546907%CE%9F-7%CE%9B%CE%9D
99221929,Μυτιλήνη (DDQI #1 band),Ψ7ΑΣ46907Ο-ΖΣΟ,53544.62,ΚΑΛΤΕΚ Α.Ε.ΧΧΧΧΧΧΧΧΧΧΧΧΧ,2024-04-08,https://diavgeia.gov.gr/doc/%CE%A87%CE%91%CE%A346907%CE%9F-%CE%96%CE%A3%CE%9F
99221929,Μυτιλήνη (DDQI #1 band),68ΜΣ46907Ο-ΙΙΗ,356.85,ΚΕΦΑΛΑΣ Π. ΘΕΜΙΣΤΟΚΛΗΣ,2024-12-16,https://diavgeia.gov.gr/doc/68%CE%9C%CE%A346907%CE%9F-%CE%99%CE%99%CE%97
99221929,Μυτιλήνη (DDQI #1 band),96ΡΝ46907Ο-ΘΓΗ,1057.06,Γ.Ν.Α ΕΥΑΓΓΕΛΙΣΜΟΣ,2025-06-18,https://diavgeia.gov.gr/doc/96%CE%A1%CE%9D46907%CE%9F-%CE%98%CE%93%CE%97
99221929,Μυτιλήνη (DDQI #1 band),6ΘΦΥ46907Ο-1ΓΒ,1432.08,ΚΟΥΜΑΡΑΣ ΑΝΤΩΝΙΟΣ,2024-01-22,https://diavgeia.gov.gr/doc/6%CE%98%CE%A6%CE%A546907%CE%9F-1%CE%93%CE%92
99221929,Μυτιλήνη (DDQI #1 band),ΨΥΘΛ46907Ο-196,83.0,Δ.Ε.Υ.Α.Λ,2026-02-20,https://diavgeia.gov.gr/doc/%CE%A8%CE%A5%CE%98%CE%9B46907%CE%9F-196
99221929,Μυτιλήνη (DDQI #1 band),Ρ4Δ646907Ο-Ξ3Ν,1225.76,ΜΥΣΤΑΚΕΛΛΗ   Ι.Κ.Ε.,2023-08-02,https://diavgeia.gov.gr/doc/%CE%A14%CE%94646907%CE%9F-%CE%9E3%CE%9D
99221929,Μυτιλήνη (DDQI #1 band),ΡΨΡ546907Ο-ΧΥ1,500.0,ΛΑΓΑΡΗΣ ΚΩΝΣΤΑΝΤΙΝΟΣ,2026-05-27,https://diavgeia.gov.gr/doc/%CE%A1%CE%A8%CE%A1546907%CE%9F-%CE%A7%CE%A51
99221929,Μυτιλήνη (DDQI #1 band),9ΤΕΓ46907Ο-ΣΒ2,2.83,ROCHE HELLAS AE,2026-02-26,https://diavgeia.gov.gr/doc/9%CE%A4%CE%95%CE%9346907%CE%9F-%CE%A3%CE%922
99221929,Μυτιλήνη (DDQI #1 band),626Ν46907Ο-Π7Ν,1669.27,ΠΑΠΑΕΛΛΗΝΑΣ Κ. ΕΛΛΑΣ Α.Ε.Β.Ε.,2024-06-11,https://diavgeia.gov.gr/doc/626%CE%9D46907%CE%9F-%CE%A07%CE%9D
99221929,Μυτιλήνη (DDQI #1 band),6ΦΝ946907Ο-ΟΒ4,433.27,ΓΕΝΙΚΗ ΕΜΠΟΡΙΚΗ Ο.Ε.,2025-10-21,https://diavgeia.gov.gr/doc/6%CE%A6%CE%9D946907%CE%9F-%CE%9F%CE%924
99221929,Μυτιλήνη (DDQI #1 band),Ρ90546907Ο-ΧΝΟ,16500.35,ΞΕΝΟΦΩΝ ΓΕΡΜΑΝΟΣ Α.Ε.,2025-01-14,https://diavgeia.gov.gr/doc/%CE%A190546907%CE%9F-%CE%A7%CE%9D%CE%9F
99221929,Μυτιλήνη (DDQI #1 band),9ΕΑΠ46907Ο-Ω63,3196.44,DUCASCO ΔΟΥΡΜΟΥΣΟΓΛΟΥ ΑΕΒΕ,2024-06-28,https://diavgeia.gov.gr/doc/9%CE%95%CE%91%CE%A046907%CE%9F-%CE%A963
99221929,Μυτιλήνη (DDQI #1 band),ΨΘΩ646907Ο-ΟΔ2,64.35,ΔΕΡΚΑ ΙΑΤΡΙΚΑ ΕΠΕ,2024-01-22,https://diavgeia.gov.gr/doc/%CE%A8%CE%98%CE%A9646907%CE%9F-%CE%9F%CE%942
99221929,Μυτιλήνη (DDQI #1 band),9ΠΡΧ46907Ο-Α0Χ,1755.0,KLINIKUM PLUS ΜΟΝΟΠΡΟΣΩΠΗ Ι.Κ.Ε.,2024-06-12,https://diavgeia.gov.gr/doc/9%CE%A0%CE%A1%CE%A746907%CE%9F-%CE%910%CE%A7
99221929,Μυτιλήνη (DDQI #1 band),9ΡΝΩ46907Ο-5ΦΚ,697.6,ΧΑΤΖΗΠΑΡΑΣΚΕΥΑΣ   ΙΩΑΝΝΗΣ,2024-04-18,https://diavgeia.gov.gr/doc/9%CE%A1%CE%9D%CE%A946907%CE%9F-5%CE%A6%CE%9A
99221929,Μυτιλήνη (DDQI #1 band),Ψ4ΚΕ46907Ο-ΕΞ0,2939.57,ΔΙΝΑΚΗ ΚΩΝΣΤΑΝΤΙΝΑ,2026-05-20,https://diavgeia.gov.gr/doc/%CE%A84%CE%9A%CE%9546907%CE%9F-%CE%95%CE%9E0
99221929,Μυτιλήνη (DDQI #1 band),65Μ446907Ο-ΧΚ4,2000.0,ΑΡΚΟΥΜΑΝΗ ΕΛΙΣΣΑΒΕΤ,2024-07-04,https://diavgeia.gov.gr/doc/65%CE%9C446907%CE%9F-%CE%A7%CE%9A4
99221929,Μυτιλήνη (DDQI #1 band),ΨΩΡ346907Ο-Λ7Δ,8.06,KAS GROUP ΣΩΤΗΡΑΚΗΣ- ΣΩΤΗΡΑΚΗΣ ΚΩΝΣΤΑΝΤΙ,2023-10-16,https://diavgeia.gov.gr/doc/%CE%A8%CE%A9%CE%A1346907%CE%9F-%CE%9B7%CE%94
99221929,Μυτιλήνη (DDQI #1 band),9Η8Ζ46907Ο-Φ5Ξ,2304.9,ΚΑΛΑΛΕΣ ΑΛΕΞΑΝΔΡΟΣ,2023-10-18,https://diavgeia.gov.gr/doc/9%CE%978%CE%9646907%CE%9F-%CE%A65%CE%9E
99221929,Μυτιλήνη (DDQI #1 band),9ΒΕ246907Ο-ΞΑΗ,6200.0,SPARK ΜΟΝ. ΙΚΕ,2025-03-12,https://diavgeia.gov.gr/doc/9%CE%92%CE%95246907%CE%9F-%CE%9E%CE%91%CE%97
99221929,Μυτιλήνη (DDQI #1 band),Ρ4ΔΕ46907Ο-2ΑΠ,843.2,ELINCO Α.Ε.,2023-10-17,https://diavgeia.gov.gr/doc/%CE%A14%CE%94%CE%9546907%CE%9F-2%CE%91%CE%A0
99221929,Μυτιλήνη (DDQI #1 band),ΨΟΝΕ46907Ο-9ΞΑ,1123.98,ΤΡΙΑΝΤΑΦΥΛΛΟΠΟΥΛΟΣ  Α. Ε.Ε. MEDICIN  EQU,2025-04-09,https://diavgeia.gov.gr/doc/%CE%A8%CE%9F%CE%9D%CE%9546907%CE%9F-9%CE%9E%CE%91
99221929,Μυτιλήνη (DDQI #1 band),Ψ9Π546907Ο-2Μ8,3928.78,ΜΥΣΤΑΚΕΛΛΗ   Ι.Κ.Ε.,2026-07-15,https://diavgeia.gov.gr/doc/%CE%A89%CE%A0546907%CE%9F-2%CE%9C8
99221929,Μυτιλήνη (DDQI #1 band),957Α46907Ο-ΦΦΓ,2000.0,ΑΡΚΟΥΜΑΝΗ ΕΛΙΣΣΑΒΕΤ,2024-06-20,https://diavgeia.gov.gr/doc/957%CE%9146907%CE%9F-%CE%A6%CE%A6%CE%93
99221929,Μυτιλήνη (DDQI #1 band),9Ρ8Ο46907Ο-Ζ25,726.88,Ο.Τ.Ε. Α.Ε.,2025-06-10,https://diavgeia.gov.gr/doc/9%CE%A18%CE%9F46907%CE%9F-%CE%9625
99221929,Μυτιλήνη (DDQI #1 band),9ΨΘΓ46907Ο-ΞΤΛ,9305.5,OPTIMUM ORTHOPEDICS  ΑΕ,2024-02-01,https://diavgeia.gov.gr/doc/9%CE%A8%CE%98%CE%9346907%CE%9F-%CE%9E%CE%A4%CE%9B
99221929,Μυτιλήνη (DDQI #1 band),9ΕΟ846907Ο-ΩΧΓ,5952.0,PAYROLL SOFTWARE & SERVICES REAL SOLUTIO,2026-02-25,https://diavgeia.gov.gr/doc/9%CE%95%CE%9F846907%CE%9F-%CE%A9%CE%A7%CE%93
99221929,Μυτιλήνη (DDQI #1 band),6ΕΥΓ46907Ο-11Η,117716.04,MSD,2023-11-14,https://diavgeia.gov.gr/doc/6%CE%95%CE%A5%CE%9346907%CE%9F-11%CE%97
99221929,Μυτιλήνη (DDQI #1 band),6ΝΦΩ46907Ο-Γ4Μ,356.66,ΔΙΓΚΑΣ ΑΝΑΣΤΑΣΙΟΣ ΙΚΕ,2026-06-05,https://diavgeia.gov.gr/doc/6%CE%9D%CE%A6%CE%A946907%CE%9F-%CE%934%CE%9C
99221917,Κέρκυρα (DDQI last),ΨΩΦΟ4690Β3-ΤΨ3,114.66,SMK ΚΕΡΚΥΡΑΣ Α.Ε. (801520202),2024-08-16,https://diavgeia.gov.gr/doc/%CE%A8%CE%A9%CE%A6%CE%9F4690%CE%923-%CE%A4%CE%A83
99221917,Κέρκυρα (DDQI last),6ΣΟΝ4690Β3-ΣΡ1,621.5,Ι. Γ. ΡΟΔΟΠΟΥΛΟΣ   ΣΙΑ Ε.Ε. (800407176),2024-12-05,https://diavgeia.gov.gr/doc/6%CE%A3%CE%9F%CE%9D4690%CE%923-%CE%A3%CE%A11
99221917,Κέρκυρα (DDQI last),ΨΛΣΕ4690Β3-ΡΜΟ,254.72,ΑΝΑΒΙΩΣΙΣ Ι.Κ.Ε. (099914610),2022-10-19,https://diavgeia.gov.gr/doc/%CE%A8%CE%9B%CE%A3%CE%954690%CE%923-%CE%A1%CE%9C%CE%9F
99221917,Κέρκυρα (DDQI last),Ψ0ΖΘ4690Β3-Θ4Λ,372.0,ΣΩΤΗΡΑΚΟΠΟΥΛΟΣ ΕΥΑΓΓΕΛΟΣ   ΣΙΑ Ε.Ε. (997,2024-04-17,https://diavgeia.gov.gr/doc/%CE%A80%CE%96%CE%984690%CE%923-%CE%984%CE%9B
99221917,Κέρκυρα (DDQI last),6Β874690Β3-Ν62,1643.99,BBD ΝΙΚ.ΛΑΪΝΙΩΤΗΣ ΑΕΒΕ (093628458),2022-05-09,https://diavgeia.gov.gr/doc/6%CE%92874690%CE%923-%CE%9D62
99221917,Κέρκυρα (DDQI last),ΨΒΡΝ4690Β3-ΚΞΒ,3599.14,VIRCO MEDICAL Ι.Κ.Ε. (800731007),2025-08-22,https://diavgeia.gov.gr/doc/%CE%A8%CE%92%CE%A1%CE%9D4690%CE%923-%CE%9A%CE%9E%CE%92
99221917,Κέρκυρα (DDQI last),ΨΣ9Ω4690Β3-ΚΥΒ,464.04,Ε.Ι.ΖΑΡΜΠΗ   ΣΙΑ ΕΕ (092446512),2023-04-03,https://diavgeia.gov.gr/doc/%CE%A8%CE%A39%CE%A94690%CE%923-%CE%9A%CE%A5%CE%92
99221917,Κέρκυρα (DDQI last),9ΗΛΗ4690Β3-ΘΒΛ,1240.0,ICON DYNAMICS ΙΑΤΡΙΚΑ ΜΗΧΑΝΗΜΑΤΑ I.K.E. ,2026-07-03,https://diavgeia.gov.gr/doc/9%CE%97%CE%9B%CE%974690%CE%923-%CE%98%CE%92%CE%9B
99221917,Κέρκυρα (DDQI last),Ψ02Θ4690Β3-9Υ9,5003.2,SIEMENS HEALTHINEERS ΕΛΛΑΣ ΜΟΝΟΠΡΟΣΩΠΗ Α,2025-10-22,https://diavgeia.gov.gr/doc/%CE%A802%CE%984690%CE%923-9%CE%A59
99221917,Κέρκυρα (DDQI last),ΨΩΔΓ4690Β3-ΓΕ5,724.62,EUROSUP MON. IKE (800715333),2024-05-28,https://diavgeia.gov.gr/doc/%CE%A8%CE%A9%CE%94%CE%934690%CE%923-%CE%93%CE%955
99221917,Κέρκυρα (DDQI last),ΨΟ9Ω4690Β3-ΛΟΑ,1756.67,"GE Healthcare ΦΑΡΜ/ΚΗ, ΕΜΠΟΡΙΚΗ   ΒΙΟΜΗΧ",2025-06-04,https://diavgeia.gov.gr/doc/%CE%A8%CE%9F9%CE%A94690%CE%923-%CE%9B%CE%9F%CE%91
99221917,Κέρκυρα (DDQI last),6ΡΕΣ4690Β3-Τ5Φ,3665.44,ΛΙΝΤΕ ΕΛΛΑΣ ΕΠΕ (095167018),2023-03-10,https://diavgeia.gov.gr/doc/6%CE%A1%CE%95%CE%A34690%CE%923-%CE%A45%CE%A6
99221917,Κέρκυρα (DDQI last),ΡΩΘΛ4690Β3-Β0Υ,5662.44,ΕΝΟΡΑΣΙΣ ΑΕ (094503580),2022-05-18,https://diavgeia.gov.gr/doc/%CE%A1%CE%A9%CE%98%CE%9B4690%CE%923-%CE%920%CE%A5
99221917,Κέρκυρα (DDQI last),ΩΝΦ34690Β3-ΘΝΟ,3551.0,SB BIOANALYTICA ΕΜΠΟΡΙΚΗ ΒΙΟΤΕΧΝΟΛΟΓΙΚΩΝ,2021-09-09,https://diavgeia.gov.gr/doc/%CE%A9%CE%9D%CE%A634690%CE%923-%CE%98%CE%9D%CE%9F
99221917,Κέρκυρα (DDQI last),ΨΣΝ84690Β3-ΥΔΧ,11508.75,ΝΕΟΙ ΟΡΙΖΟΝΤΕΣ-Κοι.Σ.Π.Ε. ΚΕΡΚΥΡΑΣ (9989,2026-04-02,https://diavgeia.gov.gr/doc/%CE%A8%CE%A3%CE%9D84690%CE%923-%CE%A5%CE%94%CE%A7
99221917,Κέρκυρα (DDQI last),6ΙΩΜ4690Β3-Ρ32,27379.34,ΒΙΟΣΕΡ ΑΕ (094035927),2022-11-03,https://diavgeia.gov.gr/doc/6%CE%99%CE%A9%CE%9C4690%CE%923-%CE%A132
99221917,Κέρκυρα (DDQI last),9ΝΣ54690Β3-Α1Υ,3717.52,ΛΟΥΡΑ Γ. ΖΩΗ (135432531),2023-04-05,https://diavgeia.gov.gr/doc/9%CE%9D%CE%A354690%CE%923-%CE%911%CE%A5
99221917,Κέρκυρα (DDQI last),ΨΘ4Δ4690Β3-ΑΡΛ,1054.0,Νέα ΕΠΙΜΕΝΤ Μ. Ε.Π.Ε. (999723663),2022-05-06,https://diavgeia.gov.gr/doc/%CE%A8%CE%984%CE%944690%CE%923-%CE%91%CE%A1%CE%9B
99221917,Κέρκυρα (DDQI last),ΨΚΔΒ4690Β3-ΠΑ6,2368.99,ΣΤΕΦΑΝΟΣ ΜΑΝΩΛΗΣ (301860911),2023-08-14,https://diavgeia.gov.gr/doc/%CE%A8%CE%9A%CE%94%CE%924690%CE%923-%CE%A0%CE%916
99221917,Κέρκυρα (DDQI last),6ΒΡΖ4690Β3-Ψ94,23817.0,BIOMERIEUX ΕΛΛΑΣ Α.Ε.(094499248) (094499,2022-03-23,https://diavgeia.gov.gr/doc/6%CE%92%CE%A1%CE%964690%CE%923-%CE%A894
99221917,Κέρκυρα (DDQI last),ΨΩΧ94690Β3-ΛΔΗ,43065.18,ΑΝΟΔΙΚΗ ΥΠΗΡΕΣΙΑ ΔΙΑΧΕΙΡΙΣΗΣ ΠΕΡΙΒΑΛΛΟΝΤ,2024-04-16,https://diavgeia.gov.gr/doc/%CE%A8%CE%A9%CE%A794690%CE%923-%CE%9B%CE%94%CE%97
99221917,Κέρκυρα (DDQI last),6Κ1Μ4690Β3-ΞΞΙ,87412.71,ROCHE HELLAS Α.Ε.(094159555) (094159555),2023-05-08,https://diavgeia.gov.gr/doc/6%CE%9A1%CE%9C4690%CE%923-%CE%9E%CE%9E%CE%99
99221917,Κέρκυρα (DDQI last),6Ι4Δ4690Β3-99Φ,2439.31,ΟΤΕ ΚΕΡΚΥΡΑΣ (094019245),2024-09-02,https://diavgeia.gov.gr/doc/6%CE%994%CE%944690%CE%923-99%CE%A6
99221917,Κέρκυρα (DDQI last),9Ω144690Β3-Γ2Σ,656.35,ΚΟΣΜΙΔΗΣ ΧΑΡ.ΠΕΤΡΟΣ   ΣΙΑ ΕΕ (999685389),2026-06-16,https://diavgeia.gov.gr/doc/9%CE%A9144690%CE%923-%CE%932%CE%A3
99221917,Κέρκυρα (DDQI last),94ΝΑ4690Β3-ΝΚ1,1078.8,MEDIPRIME ΙΑΤΡΟΦΑΡΜΑΚΕΥΤΙΚΩΝ ΕΙΔΩΝ Α.Ε.Ε,2024-05-22,https://diavgeia.gov.gr/doc/94%CE%9D%CE%914690%CE%923-%CE%9D%CE%9A1
99221917,Κέρκυρα (DDQI last),6Σ8Ω4690Β3-7Β1,284.0,ΣΠΥΡ. ΓΡΑΜΜΕΝΟΣ & ΣΙΑ Ο.Ε. (082558016),2022-07-25,https://diavgeia.gov.gr/doc/6%CE%A38%CE%A94690%CE%923-7%CE%921
99221917,Κέρκυρα (DDQI last),978Ξ4690Β3-ΒΚΘ,1240.0,ΣΙΑΜΟΣ ΑΝΑΣΤΑΣΙΟΣ   ΣΙΑ Ε.Ε. (801026390),2024-04-30,https://diavgeia.gov.gr/doc/978%CE%9E4690%CE%923-%CE%92%CE%9A%CE%98
99221917,Κέρκυρα (DDQI last),6Ι144690Β3-0ΛΘ,110.24,ΔΙΑΓΝΩΣΤΙΚΗ-ΑΝΑΛΥΤΙΚΗ Α.Ε. (099109774),2024-06-12,https://diavgeia.gov.gr/doc/6%CE%99144690%CE%923-0%CE%9B%CE%98
99221917,Κέρκυρα (DDQI last),90834690Β3-ΥΝΤ,4921.6,ΝΕΟΙ ΟΡΙΖΟΝΤΕΣ-Κοι.Σ.Π.Ε. ΚΕΡΚΥΡΑΣ (9989,2022-12-13,https://diavgeia.gov.gr/doc/90834690%CE%923-%CE%A5%CE%9D%CE%A4
99221917,Κέρκυρα (DDQI last),9ΤΛΡ4690Β3-ΟΙΧ,1231.57,V L VIOLAK INTERNATIONAL AE (099370337),2026-03-04,https://diavgeia.gov.gr/doc/9%CE%A4%CE%9B%CE%A14690%CE%923-%CE%9F%CE%99%CE%A7
99221917,Κέρκυρα (DDQI last),9ΡΦ74690Β3-6ΚΕ,10600.0,ABBOTT LABORATORIES (ΕΛΛΑΣ) Α.Β.Ε.Ε. (09,2023-05-30,https://diavgeia.gov.gr/doc/9%CE%A1%CE%A674690%CE%923-6%CE%9A%CE%95
99221917,Κέρκυρα (DDQI last),9Ω1Ψ4690Β3-ΔΒΤ,737.82,ΟΤΕ ΚΕΡΚΥΡΑΣ (094019245),2026-08-12,https://diavgeia.gov.gr/doc/9%CE%A91%CE%A84690%CE%923-%CE%94%CE%92%CE%A4
99221917,Κέρκυρα (DDQI last),ΨΡΗ24690Β3-ΦΝΦ,1696.32,HOSPITECNICA ΕΠΕ (095526068),2026-05-18,https://diavgeia.gov.gr/doc/%CE%A8%CE%A1%CE%9724690%CE%923-%CE%A6%CE%9D%CE%A6
99221917,Κέρκυρα (DDQI last),9ΥΥΞ4690Β3-4Β7,27698.68,NOVARTIS (HELLAS) ΑΕΒΕ (094021290) (0940,2022-05-17,https://diavgeia.gov.gr/doc/9%CE%A5%CE%A5%CE%9E4690%CE%923-4%CE%927
99221917,Κέρκυρα (DDQI last),9ΑΑΝ4690Β3-ΕΦΦ,36784.59,ΗΦΑΙΣΤΟΣ ΙΔΙΩΤΙΚΗ ΕΤΑΙΡΕΙΑ ΠΑΡΟΧΗ ΥΠΗΡΕΣ,2025-11-24,https://diavgeia.gov.gr/doc/9%CE%91%CE%91%CE%9D4690%CE%923-%CE%95%CE%A6%CE%A6
99221917,Κέρκυρα (DDQI last),6ΜΛΨ4690Β3-ΣΧΓ,940.64,ΜΑΥΡΟΥΔΗΣ Α.Ε. (997998085),2026-06-16,https://diavgeia.gov.gr/doc/6%CE%9C%CE%9B%CE%A84690%CE%923-%CE%A3%CE%A7%CE%93
99221917,Κέρκυρα (DDQI last),65ΧΝ4690Β3-ΓΨ2,6820.0,ΑΪΝΟΟΥΧΑΟΥ ΠΛΗΡΟΦΟΡΙΚΗ Α.Ε. (999506830),2022-06-24,https://diavgeia.gov.gr/doc/65%CE%A7%CE%9D4690%CE%923-%CE%93%CE%A82
99221917,Κέρκυρα (DDQI last),62ΩΓ4690Β3-Υ6Κ,2294.0,ΤΖΑΝΙΔΑΚΗΣ ΤΗΛ.ΕΜΜ.(011651035) (01165103,2024-12-10,https://diavgeia.gov.gr/doc/62%CE%A9%CE%934690%CE%923-%CE%A56%CE%9A
99221917,Κέρκυρα (DDQI last),6ΔΔ14690Β3-ΖΞΠ,111.38,ΓΟΓΓΑΚΗΣ Α.Ε.Β.Ε. (094294581),2023-07-21,https://diavgeia.gov.gr/doc/6%CE%94%CE%9414690%CE%923-%CE%96%CE%9E%CE%A0
99221917,Κέρκυρα (DDQI last),9Ψ4Μ4690Β3-7Κ8,4713.43,CLOUD-U ΤΗΛΕΠΙΚΟΙΝΩΝΙΕΣ Ο.Ε. (800563609),2022-07-25,https://diavgeia.gov.gr/doc/9%CE%A84%CE%9C4690%CE%923-7%CE%9A8
99221917,Κέρκυρα (DDQI last),Ψ0ΜΟ4690Β3-ΗΩ1,124.0,ΜΟΣΚΑΤ ΣΠΥΡΙΔΩΝ ΣΑΝΤΟΣ (036228538),2024-08-06,https://diavgeia.gov.gr/doc/%CE%A80%CE%9C%CE%9F4690%CE%923-%CE%97%CE%A91
99221917,Κέρκυρα (DDQI last),ΨΝΣ64690Β3-ΟΛΕ,2000.0,ΝΑΟΣ ΓΕΩΡΓΙΟΣ (074970511),2024-04-17,https://diavgeia.gov.gr/doc/%CE%A8%CE%9D%CE%A364690%CE%923-%CE%9F%CE%9B%CE%95
99221917,Κέρκυρα (DDQI last),Ψ1754690Β3-9ΧΨ,295.25,VIATRIS HELLAS Ε.Π.Ε. (ΠΡΩΗΝ UPJOHN ΕΛΛΑ,2023-05-16,https://diavgeia.gov.gr/doc/%CE%A81754690%CE%923-9%CE%A7%CE%A8
99221917,Κέρκυρα (DDQI last),ΡΧ9Β4690Β3-ΜΩΥ,1006.28,ΓΟΓΓΑΚΗΣ Α.Ε.Β.Ε. (094294581),2026-06-09,https://diavgeia.gov.gr/doc/%CE%A1%CE%A79%CE%924690%CE%923-%CE%9C%CE%A9%CE%A5
99221917,Κέρκυρα (DDQI last),Ψ05Β4690Β3-ΟΥΝ,4825.1,BIOGENESYS Ι.Κ.Ε. (099805952),2026-07-31,https://diavgeia.gov.gr/doc/%CE%A805%CE%924690%CE%923-%CE%9F%CE%A5%CE%9D
99221917,Κέρκυρα (DDQI last),9Ξ0Ψ4690Β3-ΜΗ4,1697.0,ΑΤΛΑΝΤΙΚΗ ΕΝΩΣΗ Α.Ε.Γ.Α. (094029251),2025-08-11,https://diavgeia.gov.gr/doc/9%CE%9E0%CE%A84690%CE%923-%CE%9C%CE%974
99221917,Κέρκυρα (DDQI last),ΩΜ5Υ4690Β3-ΨΒΠ,178.56,KARL STORZ ΕΝΔΟΣΚΟΠΙΑ ΕΛΛΑΔΟΣ Ε.Π.Ε. (99,2022-11-30,https://diavgeia.gov.gr/doc/%CE%A9%CE%9C5%CE%A54690%CE%923-%CE%A8%CE%92%CE%A0
99221917,Κέρκυρα (DDQI last),9ΡΗΧ4690Β3-6ΥΝ,4000.0,ΞΕΝΟΔ. ΤΟΥΡΙΣΤΙΚΑΙ Α.Ε. CAPITAL (0941685,2026-08-06,https://diavgeia.gov.gr/doc/9%CE%A1%CE%97%CE%A74690%CE%923-6%CE%A5%CE%9D
99221917,Κέρκυρα (DDQI last),9ΡΠΝ4690Β3-5Γ3,5828.0,ΩΜΕΓΑΤΕΧΝΙΚΗ Ε.Π.Ε. (095496256),2023-10-27,https://diavgeia.gov.gr/doc/9%CE%A1%CE%A0%CE%9D4690%CE%923-5%CE%933
99221917,Κέρκυρα (DDQI last),Ω5ΓΔ4690Β3-4ΕΙ,936.61,ΔΗΜΟΣΙΑ ΕΠΙΧΕΙΡΗΣΗ ΗΛΕΚΤΡΙΣΜΟΥ ΑΝΩΝΥΜΗ Ε,2021-08-10,https://diavgeia.gov.gr/doc/%CE%A95%CE%93%CE%944690%CE%923-4%CE%95%CE%99
99221917,Κέρκυρα (DDQI last),988Α4690Β3-Σ44,3640.3,AMVIS ΕΛΛΑΣ A.E (094317562),2022-11-02,https://diavgeia.gov.gr/doc/988%CE%914690%CE%923-%CE%A344
99221917,Κέρκυρα (DDQI last),Ψ8ΝΧ4690Β3-Γ5Ψ,11250.0,MEDIC PLAN HEALTH PROJECT IKE,2021-10-20,https://diavgeia.gov.gr/doc/%CE%A88%CE%9D%CE%A74690%CE%923-%CE%935%CE%A8
99221917,Κέρκυρα (DDQI last),6ΩΚΧ4690Β3-ΡΓΓ,1692.74,BOEHRINGER INGELHEIM ΕΛΛΑΣ ΜΟΝΟΠΡΟΣΩΠΗ Α,2023-11-21,https://diavgeia.gov.gr/doc/6%CE%A9%CE%9A%CE%A74690%CE%923-%CE%A1%CE%93%CE%93
99221917,Κέρκυρα (DDQI last),ΨΡΔΝ4690Β3-ΨΦΨ,35655.07,ΑΦΟΙ ΜΠΟΥΜΠΟΥΝΑ Ο.Ε. (091351642),2024-03-15,https://diavgeia.gov.gr/doc/%CE%A8%CE%A1%CE%94%CE%9D4690%CE%923-%CE%A8%CE%A6%CE%A8
99221917,Κέρκυρα (DDQI last),ΨΓΖ04690Β3-ΕΓΥ,3500.52,ΠΑΠΑΠΟΣΤΟΛΟΥ Ν. Α.Ε. (095029193),2023-05-24,https://diavgeia.gov.gr/doc/%CE%A8%CE%93%CE%9604690%CE%923-%CE%95%CE%93%CE%A5
99221917,Κέρκυρα (DDQI last),ΨΟ914690Β3-5ΧΧ,21869.73,SANOFI-AVENTIS AEBE (094076485),2022-05-20,https://diavgeia.gov.gr/doc/%CE%A8%CE%9F914690%CE%923-5%CE%A7%CE%A7
99221917,Κέρκυρα (DDQI last),Ω8ΠΖ4690Β3-091,1996.4,ΑΡΗΤΗ ΑΕ (094251753),2022-12-08,https://diavgeia.gov.gr/doc/%CE%A98%CE%A0%CE%964690%CE%923-091
99221917,Κέρκυρα (DDQI last),Ρ4ΝΗ4690Β3-ΛΣ8,684.77,V L VIOLAK INTERNATIONAL AE (099370337),2025-07-07,https://diavgeia.gov.gr/doc/%CE%A14%CE%9D%CE%974690%CE%923-%CE%9B%CE%A38
99221917,Κέρκυρα (DDQI last),ΨΛΡΞ4690Β3-0Η4,601.67,MERCK Α.Ε.(095052971) (095052971),2023-11-21,https://diavgeia.gov.gr/doc/%CE%A8%CE%9B%CE%A1%CE%9E4690%CE%923-0%CE%974
99221917,Κέρκυρα (DDQI last),96ΟΖ4690Β3-Κ30,995.21,LAVIPHARM HELLAS A.E. (094355289),2022-12-07,https://diavgeia.gov.gr/doc/96%CE%9F%CE%964690%CE%923-%CE%9A30
99221993,Ευαγγελισμός (largest),9ΑΧ24690ΩΧ-ΤΩΖ,24384.62,ΒΙΟΚΟΝ ΙΑΤΡΙΚΑ ΚΑΙ ΒΙΟΤΕΧΝΟΛΟΓΙΚΑ ΠΡΟΙΟΝ,2025-03-13,https://diavgeia.gov.gr/doc/9%CE%91%CE%A724690%CE%A9%CE%A7-%CE%A4%CE%A9%CE%96
99221993,Ευαγγελισμός (largest),Ψ1464690ΩΧ-ΓΥΩ,127635.5,EDWARDS LIFESCIENCES HELLAS  ΕΝΤΟΥΑΡΝΤΣ ,2023-10-05,https://diavgeia.gov.gr/doc/%CE%A81464690%CE%A9%CE%A7-%CE%93%CE%A5%CE%A9
99221993,Ευαγγελισμός (largest),9ΦΝΑ4690ΩΧ-ΧΘΖ,7840.66,SARSTEDT ΜΟΝΟΠΡΟΣΩΠΗ ΕΤΑΙΡΕΙΑ ΠΕΡΙΟΡΙΣΜΕ,2023-04-28,https://diavgeia.gov.gr/doc/9%CE%A6%CE%9D%CE%914690%CE%A9%CE%A7-%CE%A7%CE%98%CE%96
99221993,Ευαγγελισμός (largest),ΨΚΩΖ4690ΩΧ-ΝΤΜ,262270.6,MEDICARE HELLAS ΑΝΩΝΥΜΗ ΕΤΑΙΡΕΙΑ ΕΜΠΟΡΙΑ,2026-06-04,https://diavgeia.gov.gr/doc/%CE%A8%CE%9A%CE%A9%CE%964690%CE%A9%CE%A7-%CE%9D%CE%A4%CE%9C
99221993,Ευαγγελισμός (largest),9Ψ8Θ4690ΩΧ-3Χ6,36.6,ΟΡΓΑΝΙΣΜΟΣ ΤΗΛΕΠΙΚΟΙΝΩΝΙΩΝ ΤΗΣ ΕΛΛΑΔΟΣ Α,2026-04-08,https://diavgeia.gov.gr/doc/9%CE%A88%CE%984690%CE%A9%CE%A7-3%CE%A76
99221993,Ευαγγελισμός (largest),6ΣΜΦ4690ΩΧ-Ψ9Ρ,210286.47,ΥΠΟΥΡΓΕΙΟ ΥΓΕΙΑΣ ΠΡΟΝΟΙΑΣ,2025-04-11,https://diavgeia.gov.gr/doc/6%CE%A3%CE%9C%CE%A64690%CE%A9%CE%A7-%CE%A89%CE%A1
99221993,Ευαγγελισμός (largest),Ψ0ΗΝ4690ΩΧ-Α3Ρ,7539.6,ΚΟΠΕΡ ΦΑΡΜΑΚΟΒΙΟΜΗΧΑΝΙΑΑΝΩΝΥΜΗ ΕΤΑΙΡΕΙΑ,2023-10-30,https://diavgeia.gov.gr/doc/%CE%A80%CE%97%CE%9D4690%CE%A9%CE%A7-%CE%913%CE%A1
99221993,Ευαγγελισμός (largest),65ΥΜ4690ΩΧ-ΠΩΘ,76353.22,MEDICARE HELLAS ΑΝΩΝΥΜΗ ΕΤΑΙΡΕΙΑ ΕΜΠΟΡΙΑ,2022-04-04,https://diavgeia.gov.gr/doc/65%CE%A5%CE%9C4690%CE%A9%CE%A7-%CE%A0%CE%A9%CE%98
99221993,Ευαγγελισμός (largest),Ω3Τ34690ΩΧ-927,4262.04,FF MEAT ΕΜΠΟΡΙΑ ΚΡΕΑΤΩΝ ΜΟΝΟΠΡΟΣΩΠΗ ΕΤΑΙ,2022-07-22,https://diavgeia.gov.gr/doc/%CE%A93%CE%A434690%CE%A9%CE%A7-927
99221993,Ευαγγελισμός (largest),6Υ9Δ4690ΩΧ-ΩΛΤ,46996.0,ΑΝΑΛΥΤΙΚΕΣ ΣΥΣΚΕΥΕΣ ΑΝΩΝΥΜΗ ΕΤΑΙΡΕΙΑ,2022-04-07,https://diavgeia.gov.gr/doc/6%CE%A59%CE%944690%CE%A9%CE%A7-%CE%A9%CE%9B%CE%A4
99221993,Ευαγγελισμός (largest),ΨΘΠΘ4690ΩΧ-Ε0Κ,1911.53,ΡΕΚΛΕΙΤΗΣ ΠΟΛΥΔΙΑΝΟΜΕΣ ΑΝΩΝΥΜΗ ΕΜΠΟΡΙΚΗ ,2022-08-05,https://diavgeia.gov.gr/doc/%CE%A8%CE%98%CE%A0%CE%984690%CE%A9%CE%A7-%CE%950%CE%9A
99221993,Ευαγγελισμός (largest),61164690ΩΧ-ΨΛΔ,7043.2,EUROFINS ΕΡΓΑΣΤΗΡΙΑ ΒΙΟΛΟΓΙΚΩΝ - ΧΗΜΙΚΩΝ,2025-07-30,https://diavgeia.gov.gr/doc/61164690%CE%A9%CE%A7-%CE%A8%CE%9B%CE%94
99221993,Ευαγγελισμός (largest),631Μ4690ΩΧ-Γ39,170815.5,ΜΕΝΤΙΓΟΥΕΙ ΕΙΣΑΓΩΓΗ ΚΑΙ ΕΜΠΟΡΙΑ ΙΑΤΡΙΚΩΝ,2024-04-15,https://diavgeia.gov.gr/doc/631%CE%9C4690%CE%A9%CE%A7-%CE%9339
99221993,Ευαγγελισμός (largest),6ΔΜΨ4690ΩΧ-ΨΔΟ,80322.24,"ΣΠΑΝΟΣ,,ΑΝΔΡΕΑΣ ΛΕΩΝΙΔΑΣ,ΣΤΑΜΑΤΙΟΣ",2024-05-08,https://diavgeia.gov.gr/doc/6%CE%94%CE%9C%CE%A84690%CE%A9%CE%A7-%CE%A8%CE%94%CE%9F
99221993,Ευαγγελισμός (largest),6Ω844690ΩΧ-ΛΚΚ,8615.79,DALCOCHEM ΑΕ ΑΝΩΝΥΜΟΣ ΒΙΟΜΗΧΑΝΙΚΗ ΚΑΙ ΕΜ,2022-07-25,https://diavgeia.gov.gr/doc/6%CE%A9844690%CE%A9%CE%A7-%CE%9B%CE%9A%CE%9A
99221993,Ευαγγελισμός (largest),9ΣΣΞ4690ΩΧ-ΛΛ4,362.16,ΕΝΙΑΙΑ ΑΡΧΗ ΔΗΜΟΣΙΩΝ ΣΥΜΒΑΣΕΩΝ,2025-07-28,https://diavgeia.gov.gr/doc/9%CE%A3%CE%A3%CE%9E4690%CE%A9%CE%A7-%CE%9B%CE%9B4
99221993,Ευαγγελισμός (largest),Ψ9ΖΨ4690ΩΧ-4ΞΙ,29628.11,ΠΡΩΤΟΝ Α Ε ΑΝΤΙΠΡ ΙΑΤΡΙΚΩΝ ΕΠΙΣΤΗΜΟΝΙΚΩΝ,2024-03-01,https://diavgeia.gov.gr/doc/%CE%A89%CE%96%CE%A84690%CE%A9%CE%A7-4%CE%9E%CE%99
99221993,Ευαγγελισμός (largest),96Ρ34690ΩΧ-ΝΟΨ,2498.2,MEDIPRIME ΙΑΤΡΟΦΑΡΜΑΚΕΥΤΙΚΩΝ ΕΙΔΩΝ ΑΝΩΝΥ,2023-03-30,https://diavgeia.gov.gr/doc/96%CE%A134690%CE%A9%CE%A7-%CE%9D%CE%9F%CE%A8
99221993,Ευαγγελισμός (largest),ΨΙΣΛ4690ΩΧ-ΠΜΦ,87865.07,ΙΑΜΕΞ ΙΑΤΡΙΚΑ ΕΙΔΗ ΑΝΩΝΥΜΟΣ ΕΤΑΙΡΙΑ,2026-05-18,https://diavgeia.gov.gr/doc/%CE%A8%CE%99%CE%A3%CE%9B4690%CE%A9%CE%A7-%CE%A0%CE%9C%CE%A6
99221993,Ευαγγελισμός (largest),ΨΟΣΘ4690ΩΧ-ΤΧΧ,286088.24,AOP ORPHAN  ΦΑΡΜΑΚΕΥΤΙΚΗ ΕΛΛΑΔΑΣ ΜΟΝΟΠΡΟ,2024-03-04,https://diavgeia.gov.gr/doc/%CE%A8%CE%9F%CE%A3%CE%984690%CE%A9%CE%A7-%CE%A4%CE%A7%CE%A7
99221993,Ευαγγελισμός (largest),ΨΨΕ54690ΩΧ-ΚΦΦ,1931.88,ΕΘΝΙΚΗ FACTORS ΑΝΩΝΥΜΗ ΕΤΑΙΡΕΙΑ ΠΡΑΚΤΟΡΕ,2023-04-27,https://diavgeia.gov.gr/doc/%CE%A8%CE%A8%CE%9554690%CE%A9%CE%A7-%CE%9A%CE%A6%CE%A6
99221993,Ευαγγελισμός (largest),6ΞΠΣ4690ΩΧ-ΥΚ9,6500.0,ΧΑΛΒΑΔΑΚΗΣ ΙΩΑΝΝΗΣ ΚΑΙ ΑΦΟΙ ΧΑΛΒΑΔΑΚΗ ΟΕ,2023-07-26,https://diavgeia.gov.gr/doc/6%CE%9E%CE%A0%CE%A34690%CE%A9%CE%A7-%CE%A5%CE%9A9
99221993,Ευαγγελισμός (largest),ΨΜΒΒ4690ΩΧ-ΚΘΧ,1252.4,ΑΝΩΝΥΜΟΣ ΕΜΠΟΡΙΚΗ ΚΑΙ ΒΙΟΜΗΧΑΝΙΚΗ ΕΤΑΙΡΕ,2022-09-02,https://diavgeia.gov.gr/doc/%CE%A8%CE%9C%CE%92%CE%924690%CE%A9%CE%A7-%CE%9A%CE%98%CE%A7
99221993,Ευαγγελισμός (largest),91Ω94690ΩΧ-ΖΣΓ,1898.1,ΑΝΑΣΤΑΣΙΟΣ ΔΙΓΚΑΣ  ΕΕ,2022-04-07,https://diavgeia.gov.gr/doc/91%CE%A994690%CE%A9%CE%A7-%CE%96%CE%A3%CE%93
99221993,Ευαγγελισμός (largest),6ΡΖΕ4690ΩΧ-ΒΞ1,296136.46,ΒΙΟΚΟΣΜΟΣ ΙΑΤΡΙΚΟΣ ΕΠΙΣΤΗΜΟΝΙΚΟΣ ΕΞΟΠΛΙΣ,2023-10-04,https://diavgeia.gov.gr/doc/6%CE%A1%CE%96%CE%954690%CE%A9%CE%A7-%CE%92%CE%9E1
99221993,Ευαγγελισμός (largest),ΨΤ5Γ4690ΩΧ-9ΩΘ,13062.16,ΧΑΤΖΗΑΝΑΣΤΑΣΙΟΥ Χ ΚΑΙ ΣΙΑ ΟΕ,2023-10-05,https://diavgeia.gov.gr/doc/%CE%A8%CE%A45%CE%934690%CE%A9%CE%A7-9%CE%A9%CE%98
99221993,Ευαγγελισμός (largest),67844690ΩΧ-Ρ6Υ,56498.04,Κ ΤΕΛΙΔΗΣ ΙΑΤΡΙΚΟΣ ΚΑΙ ΝΟΣΟΚΟΜΕΙΑΚΟΣ ΚΑΙ,2021-08-05,https://diavgeia.gov.gr/doc/67844690%CE%A9%CE%A7-%CE%A16%CE%A5
99221993,Ευαγγελισμός (largest),60ΠΖ4690ΩΧ-ΘΧΔ,2984.18,UNI PHARMA ΚΛΕΩΝ ΤΣΕΤΗΣ ΦΑΡΜΑΚΕΥΤΙΚΑ ΕΡΓ,2025-07-17,https://diavgeia.gov.gr/doc/60%CE%A0%CE%964690%CE%A9%CE%A7-%CE%98%CE%A7%CE%94
99221993,Ευαγγελισμός (largest),6ΣΞΥ4690ΩΧ-8ΨΘ,620.0,ΕΥΑΓΓΕΛΟΣ ΓΕΡ ΑΡΑΒΑΝΤΙΝΟΣ ΑΝΩΝΥΜΗ ΕΤΑΙΡΙ,2021-11-16,https://diavgeia.gov.gr/doc/6%CE%A3%CE%9E%CE%A54690%CE%A9%CE%A7-8%CE%A8%CE%98
99221993,Ευαγγελισμός (largest),Ψ67Φ4690ΩΧ-ΑΗΗ,48816.91,BOSTON SCIENTIFIC ΕΛΛΑΣ ΜΟΝΟΠΡΟΣΩΠΗ ΑΝΩΝ,2025-09-16,https://diavgeia.gov.gr/doc/%CE%A867%CE%A64690%CE%A9%CE%A7-%CE%91%CE%97%CE%97
99221993,Ευαγγελισμός (largest),6ΡΜΝ4690ΩΧ-4Ρ3,508031.08,JANSSEN CILAG ΦΑΡΜΑΚΕΥΤΙΚΗ ΑΕΒΕ,2022-05-13,https://diavgeia.gov.gr/doc/6%CE%A1%CE%9C%CE%9D4690%CE%A9%CE%A7-4%CE%A13
99221993,Ευαγγελισμός (largest),ΨΞ4Β4690ΩΧ-ΛΒ9,22664.48,ZERONO ΑΝΩΝΥΜΗ ΕΤΑΙΡΕΙΑ ΕΙΣΑΓΩΓΗΣ ΕΞΑΓΩΓ,2022-03-23,https://diavgeia.gov.gr/doc/%CE%A8%CE%9E4%CE%924690%CE%A9%CE%A7-%CE%9B%CE%929
99221993,Ευαγγελισμός (largest),ΡΩΡ34690ΩΧ-Ο4Λ,64872.6,ΑΝΑΣΤΑΣΙΟΣ ΜΑΥΡΟΓΕΝΗΣ ΙΑΤΡΟΤΕΧΝΟΛΟΓΙΚΑ Ε,2024-07-17,https://diavgeia.gov.gr/doc/%CE%A1%CE%A9%CE%A134690%CE%A9%CE%A7-%CE%9F4%CE%9B
99221993,Ευαγγελισμός (largest),66184690ΩΧ-Α0Ε,450.4,ΤΑΡΓΚΕΤ ΦΑΡΜΑ ΜΟΝΟΠΡΟΣΩΠΗ ΕΤΑΙΡΕΙΑ ΠΕΡΙΟ,2022-03-04,https://diavgeia.gov.gr/doc/66184690%CE%A9%CE%A7-%CE%910%CE%95
99221993,Ευαγγελισμός (largest),99Δ54690ΩΧ-7ΤΦ,76602.24,UNISON FACILITY SERVICES ΜΟΝΟΠΡΟΣΩΠΗ ΑΝΩ,2025-04-30,https://diavgeia.gov.gr/doc/99%CE%9454690%CE%A9%CE%A7-7%CE%A4%CE%A6
99221993,Ευαγγελισμός (largest),ΨΨΧΛ4690ΩΧ-5Δ5,16950.0,BOSTON SCIENTIFIC ΕΛΛΑΣ ΜΟΝΟΠΡΟΣΩΠΗ ΑΝΩΝ,2025-02-10,https://diavgeia.gov.gr/doc/%CE%A8%CE%A8%CE%A7%CE%9B4690%CE%A9%CE%A7-5%CE%945
99221993,Ευαγγελισμός (largest),Ψ2ΣΝ4690ΩΧ-Α6Ν,3261.2,COMPUTER STUDIO ΣΥΣΤΗΜΑΤΑ ΠΛΗΡΟΦΟΡΙΚΗΣ Ε,2023-04-04,https://diavgeia.gov.gr/doc/%CE%A82%CE%A3%CE%9D4690%CE%A9%CE%A7-%CE%916%CE%9D
99221993,Ευαγγελισμός (largest),97Π74690ΩΧ-0ΨΞ,10.8,ΜΕΤΟΧΙΚΟ ΤΑΜΕΙΟ ΠΟΛΙΤΙΚΩΝ ΥΠΑΛΛΗΛΩΝ,2024-02-13,https://diavgeia.gov.gr/doc/97%CE%A074690%CE%A9%CE%A7-0%CE%A8%CE%9E
99221993,Ευαγγελισμός (largest),9ΘΜΕ4690ΩΧ-3ΥΤ,38905.95,ΦΑΡΑΝ ΑΝΩΝΥΜΗ ΒΙΟΜΗΧΑΝΙΚΗ ΚΑΙ ΕΜΠΟΡΙΚΗ Ε,2021-10-19,https://diavgeia.gov.gr/doc/9%CE%98%CE%9C%CE%954690%CE%A9%CE%A7-3%CE%A5%CE%A4
99221993,Ευαγγελισμός (largest),6ΦΝΧ4690ΩΧ-Λ36,39152.93,MILIMED  ΑΝΩΝΥΜΗ ΕΤΑΙΡΕΙΑ ΑΝΤΙΠΡΟΣΩΠΕΥΣΗ,2023-05-15,https://diavgeia.gov.gr/doc/6%CE%A6%CE%9D%CE%A74690%CE%A9%CE%A7-%CE%9B36
99221993,Ευαγγελισμός (largest),9Ο2Σ4690ΩΧ-1ΒΔ,952.12,ΑΝΩΝΥΜΟΣ ΕΤΑΙΡΕΙΑ ΜΕΤΑΦΟΡΩΝ ΕΚΜΕΤΑΛΛΕΥΣΕ,2023-05-19,https://diavgeia.gov.gr/doc/9%CE%9F2%CE%A34690%CE%A9%CE%A7-1%CE%92%CE%94
99221993,Ευαγγελισμός (largest),92ΨΖ4690ΩΧ-7ΝΣ,2527.36,STYLE RENTALS ΙΔΙΩΤΙΚΗ ΚΕΦΑΛΑΙΟΥΧΙΚΗ ΕΤΑ,2024-02-14,https://diavgeia.gov.gr/doc/92%CE%A8%CE%964690%CE%A9%CE%A7-7%CE%9D%CE%A3
99221993,Ευαγγελισμός (largest),6Θ734690ΩΧ-74Φ,6265.72,ΑΝΑΝΙΑΔΗΣ Γ ΕΕ,2023-10-17,https://diavgeia.gov.gr/doc/6%CE%98734690%CE%A9%CE%A7-74%CE%A6
99221993,Ευαγγελισμός (largest),ΡΠΚ24690ΩΧ-3Λ5,2014.97,HALEON ΕΛΛΑΣ ΜΟΝΟΠΡΟΣΩΠΗ ΑΝΩΝΥΜΗ ΕΤΑΙΡΙΑ,2024-05-27,https://diavgeia.gov.gr/doc/%CE%A1%CE%A0%CE%9A24690%CE%A9%CE%A7-3%CE%9B5
99221993,Ευαγγελισμός (largest),6Τ964690ΩΧ-Ρ6Ψ,4798.8,Π ΑΡΑΠΗΣ ΚΑΙ ΣΙΑ ΟΕ,2022-08-03,https://diavgeia.gov.gr/doc/6%CE%A4964690%CE%A9%CE%A7-%CE%A16%CE%A8
99221993,Ευαγγελισμός (largest),ΡΠΒ84690ΩΧ-ΦΙΕ,5048.04,ELEKTRA HELLAS AE,2024-04-18,https://diavgeia.gov.gr/doc/%CE%A1%CE%A0%CE%9284690%CE%A9%CE%A7-%CE%A6%CE%99%CE%95
99221993,Ευαγγελισμός (largest),97ΚΑ4690ΩΧ-Ρ15,62580.39,ΜΕΝΤΙΓΟΥΕΙ ΕΙΣΑΓΩΓΗ ΚΑΙ ΕΜΠΟΡΙΑ ΙΑΤΡΙΚΩΝ,2025-09-17,https://diavgeia.gov.gr/doc/97%CE%9A%CE%914690%CE%A9%CE%A7-%CE%A115
99221993,Ευαγγελισμός (largest),ΨΧ994690ΩΧ-ΥΘΝ,6758.0,ΙΤΟ ΔΙΕΘΝΗΣ ΕΤΑΙΡΕΙΑ ΕΜΠΟΡΙΟΥ ΕΠΕ,2026-03-06,https://diavgeia.gov.gr/doc/%CE%A8%CE%A7994690%CE%A9%CE%A7-%CE%A5%CE%98%CE%9D
99221993,Ευαγγελισμός (largest),ΨΦΨΨ4690ΩΧ-Τ2Θ,14230.5,ΛΕΝΚΟ ΕΛΛΑΣ ΑΝΩΝΥΜΗ ΕΤΑΙΡΕΙΑ ΕΜΠΟΡΙΟ ΕΡΕ,2021-12-16,https://diavgeia.gov.gr/doc/%CE%A8%CE%A6%CE%A8%CE%A84690%CE%A9%CE%A7-%CE%A42%CE%98
99221993,Ευαγγελισμός (largest),94234690ΩΧ-Χ92,9735.6,ΕΛΛΗΝΙΚΗ ΕΠΙΤΡΟΠΗ ΑΤΟΜΙΚΗΣ ΕΝΕΡΓΕΙΑΣ,2025-02-10,https://diavgeia.gov.gr/doc/94234690%CE%A9%CE%A7-%CE%A792
99221993,Ευαγγελισμός (largest),Ψ0ΘΡ4690ΩΧ-Φ22,1204.04,"ΛΑΣΚΑΡΙΔΗΣ,,ΕΜΜΑΝΟΥΗΛ,ΙΩΑΝΝΗΣ",2024-11-29,https://diavgeia.gov.gr/doc/%CE%A80%CE%98%CE%A14690%CE%A9%CE%A7-%CE%A622
99221993,Ευαγγελισμός (largest),ΨΙΙΜ4690ΩΧ-Ω15,1000.0,ΕΛΛΗΝΙΚΑ ΤΑΧΥΔΡΟΜΕΙΑ,2022-05-06,https://diavgeia.gov.gr/doc/%CE%A8%CE%99%CE%99%CE%9C4690%CE%A9%CE%A7-%CE%A915
99221993,Ευαγγελισμός (largest),9Θ0Ξ4690ΩΧ-Θ3Τ,4616.52,CARDIO INNOVATION ΕΙΣΑΓΩΓΗ ΚΑΙ ΕΜΠΟΡΙΑ Ι,2025-02-07,https://diavgeia.gov.gr/doc/9%CE%980%CE%9E4690%CE%A9%CE%A7-%CE%983%CE%A4
99221993,Ευαγγελισμός (largest),ΨΤΡ14690ΩΧ-Ο54,72763.24,MILIMED  ΑΝΩΝΥΜΗ ΕΤΑΙΡΕΙΑ ΑΝΤΙΠΡΟΣΩΠΕΥΣΗ,2026-06-04,https://diavgeia.gov.gr/doc/%CE%A8%CE%A4%CE%A114690%CE%A9%CE%A7-%CE%9F54
99221993,Ευαγγελισμός (largest),9ΚΔΙ4690ΩΧ-ΜΨΩ,62155.2,ADVANCED NEURO ΙΚΕ,2024-05-15,https://diavgeia.gov.gr/doc/9%CE%9A%CE%94%CE%994690%CE%A9%CE%A7-%CE%9C%CE%A8%CE%A9
99221993,Ευαγγελισμός (largest),ΨΗ7Ν4690ΩΧ-Υ35,20460.0,SPARK ΣΥΜΒΟΥΛΟΙ ΕΠΙΧΕΙΡΗΣΕΩΝ ΜΟΝΟΠΡΟΣΩΠΗ,2025-07-24,https://diavgeia.gov.gr/doc/%CE%A8%CE%977%CE%9D4690%CE%A9%CE%A7-%CE%A535
99221993,Ευαγγελισμός (largest),6Γ644690ΩΧ-46Σ,49972.0,ΠΑΠΑΠΟΣΤΟΛΟΥ Ν ΑΝΩΝΥΜΗ ΕΤΑΙΡΕΙΑ  ΕΤΑΙΡΕΙ,2022-07-20,https://diavgeia.gov.gr/doc/6%CE%93644690%CE%A9%CE%A7-46%CE%A3
99221993,Ευαγγελισμός (largest),ΨΨΒΩ4690ΩΧ-ΡΩ0,223.2,GEON ΠΕΡΙΒΑΛΛΟΝΤΙΚΗ ΕΝΕΡΓΕΙΑΚΗ ΜΟΝΟΠΡΟΣΩ,2025-07-09,https://diavgeia.gov.gr/doc/%CE%A8%CE%A8%CE%92%CE%A94690%CE%A9%CE%A7-%CE%A1%CE%A90
99221993,Ευαγγελισμός (largest),ΨΖ9Θ4690ΩΧ-ΥΔ7,3080.07,ΑΡΗΤΗ ΑΝΩΝΥΜΗ ΕΤΑΙΡΕΙΑ ΦΑΡΜΑΚΕΥΤΙΚΩΝ ΚΑΙ,2024-06-17,https://diavgeia.gov.gr/doc/%CE%A8%CE%969%CE%984690%CE%A9%CE%A7-%CE%A5%CE%947
99221993,Ευαγγελισμός (largest),ΨΞ1Τ4690ΩΧ-Ξ9Ω,26244.65,CHIESI ΕΛΛΑΣ ΑΝΩΝΥΜΟΣ ΕΜΠΟΡΙΚΗ ΚΑΙ ΒΙΟΜΗ,2022-11-24,https://diavgeia.gov.gr/doc/%CE%A8%CE%9E1%CE%A44690%CE%A9%CE%A7-%CE%9E9%CE%A9
99221940,Ρόδος (known-bad),6ΖΖ646907Κ-Ε93,1950.0,Φ ΑΛΑΒΕΡΑΣ ΤΕΧΝΙΚΗ ΚΑΤΑΣΚΕΥΑΣΤΙΚΗ ΕΜΠΟΡΙ,2022-01-28,https://diavgeia.gov.gr/doc/6%CE%96%CE%96646907%CE%9A-%CE%9593
99221940,Ρόδος (known-bad),60ΠΠ46907Κ-ΨΧΒ,612.0,THE RIGHT CHOICE ΜΟΝΟΠΡΟΣΩΠΗ ΙΔΙΩΤΙΚΗ ΚΕ,2023-09-25,https://diavgeia.gov.gr/doc/60%CE%A0%CE%A046907%CE%9A-%CE%A8%CE%A7%CE%92
99221940,Ρόδος (known-bad),Ψ0ΜΣ46907Κ-Ε6Ι,15376.0,BAYER ΕΛΛΑΣ ΑΒΕΕ,2024-12-12,https://diavgeia.gov.gr/doc/%CE%A80%CE%9C%CE%A346907%CE%9A-%CE%956%CE%99
99221940,Ρόδος (known-bad),ΨΖΧΨ46907Κ-Α8Λ,126.23,ΕΝΟΡΑΣΙΣ ΑΝΩΝΥΜΗ ΕΜΠ  ΙΑΤΡΙΚΩΝ ΥΛΙΚΩΝ ΚΑ,2023-02-07,https://diavgeia.gov.gr/doc/%CE%A8%CE%96%CE%A7%CE%A846907%CE%9A-%CE%918%CE%9B
99221940,Ρόδος (known-bad),ΨΑΝ146907Κ-ΛΤΜ,1051.52,EUROSUP ΑΕ,2024-11-15,https://diavgeia.gov.gr/doc/%CE%A8%CE%91%CE%9D146907%CE%9A-%CE%9B%CE%A4%CE%9C
99221940,Ρόδος (known-bad),66Ω946907Κ-ΤΝΔ,40732.51,ECOPRIME SOLUTIONS ΕΤΑΙΡΕΙΑ ΠΕΡΙΩΡΙΣΜΕΝΗ,2021-12-22,https://diavgeia.gov.gr/doc/66%CE%A9946907%CE%9A-%CE%A4%CE%9D%CE%94
99221940,Ρόδος (known-bad),96ΛΖ46907Κ-8ΟΘ,1800.56,INNOVIS  PHARMA ΑΝΩΝΥΜΗ ΕΜΠΟΡΙΚΗ ΚΑΙ ΒΙΟ,2023-09-25,https://diavgeia.gov.gr/doc/96%CE%9B%CE%9646907%CE%9A-8%CE%9F%CE%98
99221940,Ρόδος (known-bad),61Φ246907Κ-Μ3Ι,926.28,"ΚΑΜΠΟΥΡΟΠΟΥΛΟΥ,,ΑΝΑΣΤΑΣΙΑ,ΑΠΟΣΤΟΛΟΣ",2025-12-18,https://diavgeia.gov.gr/doc/61%CE%A6246907%CE%9A-%CE%9C3%CE%99
99221940,Ρόδος (known-bad),68ΗΓ46907Κ-Ν7Γ,14101.7,ASTRAZENECA ΜΟΝΟΠΡΟΣΩΠΗ ΑΝΩΝΥΜΗ ΦΑΡΜΑΚΕΥ,2022-11-11,https://diavgeia.gov.gr/doc/68%CE%97%CE%9346907%CE%9A-%CE%9D7%CE%93
99221940,Ρόδος (known-bad),974546907Κ-ΘΝΘ,11451.4,ICON DYNAMICS ΙΑΤΡΙΚΑ ΜΗΧΑΝΗΜΑΤΑ ΙΔΙΩΤΙΚ,2025-12-05,https://diavgeia.gov.gr/doc/974546907%CE%9A-%CE%98%CE%9D%CE%98
99221940,Ρόδος (known-bad),ΩΣΘΤ46907Κ-Α5Λ,745.8,ΒΙΟΠΡΟΜΗΘΕΥΤΙΚΗ ΑΝΤΙΠΡΟΣΩΠΕΙΑ ΕΙΣΑΓΩΓΗ Ε,2022-02-25,https://diavgeia.gov.gr/doc/%CE%A9%CE%A3%CE%98%CE%A446907%CE%9A-%CE%915%CE%9B
99221940,Ρόδος (known-bad),9ΠΑΕ46907Κ-ΤΣ5,10329.2,ΠΑΠΑΠΟΣΤΟΛΟΥ Ν ΑΝΩΝΥΜΗ ΕΤΑΙΡΕΙΑ  ΕΤΑΙΡΕΙ,2023-09-13,https://diavgeia.gov.gr/doc/9%CE%A0%CE%91%CE%9546907%CE%9A-%CE%A4%CE%A35
99221940,Ρόδος (known-bad),ΨΛΗΖ46907Κ-1ΓΗ,329.66,Π ΚΑΛΑΘΙΑΝΑΚΗΣ ΕΜΠΟΡΙΑ ΕΙΣΑΓΩΓΕΣ ΚΑΙ ΕΞΑ,2023-07-12,https://diavgeia.gov.gr/doc/%CE%A8%CE%9B%CE%97%CE%9646907%CE%9A-1%CE%93%CE%97
99221940,Ρόδος (known-bad),ΨΒΤΘ46907Κ-ΘΛΦ,5928.58,ΑΡΗΤΗ ΑΝΩΝΥΜΗ ΕΤΑΙΡΕΙΑ ΦΑΡΜΑΚΕΥΤΙΚΩΝ ΚΑΙ,2023-02-14,https://diavgeia.gov.gr/doc/%CE%A8%CE%92%CE%A4%CE%9846907%CE%9A-%CE%98%CE%9B%CE%A6
99221940,Ρόδος (known-bad),90ΞΔ46907Κ-4Ι1,44049.37,ΘΕΡΑΣΥΣ ΙΑΤΡΙΚΑ ΕΕ,2024-08-02,https://diavgeia.gov.gr/doc/90%CE%9E%CE%9446907%CE%9A-4%CE%991
99221940,Ρόδος (known-bad),Ψ6ΜΔ46907Κ-ΩΥΜ,475.5,ΓΕΝΙΚΟ ΝΟΣΟΚΟΜΕΙΟ ΑΘΗΝΩΝ Ο ΕΥΑΓΓΕΛΙΣΜΟΣ ,2023-02-02,https://diavgeia.gov.gr/doc/%CE%A86%CE%9C%CE%9446907%CE%9A-%CE%A9%CE%A5%CE%9C
99221940,Ρόδος (known-bad),6ΙΓΞ46907Κ-ΥΣΑ,1835.26,"ΣΗΜΑΝΤΗΡΑΚΗΣ,,ΓΕΩΡΓΙΟΣ,ΑΠΟΛΛΩΝ",2025-09-23,https://diavgeia.gov.gr/doc/6%CE%99%CE%93%CE%9E46907%CE%9A-%CE%A5%CE%A3%CE%91
99221940,Ρόδος (known-bad),97ΜΓ46907Κ-ΝΧΞ,2450.45,SIDAPHARM  I K E,2025-10-09,https://diavgeia.gov.gr/doc/97%CE%9C%CE%9346907%CE%9A-%CE%9D%CE%A7%CE%9E
99221940,Ρόδος (known-bad),ΩΦΤ546907Κ-ΦΕ9,1398.0,ΓΕΝΙΚΗ ΚΛΙΝΙΚΗ ΔΩΔΕΚΑΝΗΣΟΥ ΑΝΩΝΥΜΗ ΕΤΑΙΡ,2021-09-09,https://diavgeia.gov.gr/doc/%CE%A9%CE%A6%CE%A4546907%CE%9A-%CE%A6%CE%959
99221940,Ρόδος (known-bad),9ΑΤΘ46907Κ-8Ν0,28257.12,MYSERVICES HUMAN RESOURCES AND SECURITY ,2024-04-25,https://diavgeia.gov.gr/doc/9%CE%91%CE%A4%CE%9846907%CE%9A-8%CE%9D0
99221940,Ρόδος (known-bad),6ΘΝ246907Κ-ΥΞ2,17129.68,ΔΙΑΓΝΩΣΤΙΚΑ ΧΗΜΙΚΗ ΟΡΓΑΝΟΛΟΓΙΑ ΑΝΩΝΥΜΗ Ε,2025-05-23,https://diavgeia.gov.gr/doc/6%CE%98%CE%9D246907%CE%9A-%CE%A5%CE%9E2
99221940,Ρόδος (known-bad),ΩΧΜ546907Κ-7ΒΡ,88865.1,AMGEN ΕΛΛΑΣ ΦΑΡΜΑΚΕΥΤΙΚΑ ΕΠΕ,2021-12-06,https://diavgeia.gov.gr/doc/%CE%A9%CE%A7%CE%9C546907%CE%9A-7%CE%92%CE%A1
99221940,Ρόδος (known-bad),60ΟΟ46907Κ-Υ9Ι,210.8,Α ΚΑΙ Λ ΙΑΤΡΙΚΕΣ ΠΡΟΜΗΘΕΙΕΣ ΑΝΩΝΥΜΗ ΕΤΑΙ,2022-01-28,https://diavgeia.gov.gr/doc/60%CE%9F%CE%9F46907%CE%9A-%CE%A59%CE%99
99221940,Ρόδος (known-bad),9ΥΑΞ46907Κ-ΗΤΑ,759.79,ΜΕΝΤΙΠΛΑΤ ΕΜΠΟΡΙΑ ΙΑΤΡΙΚΩΝ ΕΙΔΩΝ ΕΤΑΙΡΕΙ,2024-10-21,https://diavgeia.gov.gr/doc/9%CE%A5%CE%91%CE%9E46907%CE%9A-%CE%97%CE%A4%CE%91
99221940,Ρόδος (known-bad),ΨΔΙΨ46907Κ-Φ8Π,123806.74,TAKEDA ΕΛΛΑΣ ΦΑΡΜΑΚΕΥΤΙΚΗ ΑΝΩΝΥΜΗ ΕΤΑΙΡΕ,2023-09-07,https://diavgeia.gov.gr/doc/%CE%A8%CE%94%CE%99%CE%A846907%CE%9A-%CE%A68%CE%A0
99221940,Ρόδος (known-bad),9Κ6Υ46907Κ-467,434.0,"ΠΑΠΑΓΕΩΡΓΙΟΥ,,ΜΑΡΙΑ,ΑΠΟΣΤΟΛΟΣ",2023-05-08,https://diavgeia.gov.gr/doc/9%CE%9A6%CE%A546907%CE%9A-467
99221940,Ρόδος (known-bad),ΩΙ6Λ46907Κ-ΔΞ1,1087.98,"ΣΙΨΑΣ,,ΓΡΗΓΟΡΙΟΣ,ΘΕΟΦΑΝΗΣ",2021-09-23,https://diavgeia.gov.gr/doc/%CE%A9%CE%996%CE%9B46907%CE%9A-%CE%94%CE%9E1
99221940,Ρόδος (known-bad),9ΒΤΧ46907Κ-459,87048.21,HEALTH AND IASIS MEDICAL PRODUCTS  P C,2023-05-05,https://diavgeia.gov.gr/doc/9%CE%92%CE%A4%CE%A746907%CE%9A-459
99221940,Ρόδος (known-bad),Ψ9ΜΣ46907Κ-ΩΑΑ,473.28,ATLAS MEDICAL ΑΕ (998413964),2026-03-09,https://diavgeia.gov.gr/doc/%CE%A89%CE%9C%CE%A346907%CE%9A-%CE%A9%CE%91%CE%91
99221940,Ρόδος (known-bad),ΨΜΥΨ46907Κ-828,29708.92,ΠΦΑΙΖΕΡ ΕΛΛΑΣ ΑΝΩΝΥΜΗ ΒΙΟΜΗΧΑΝΙΚΗ ΚΑΙ ΕΜ,2022-05-12,https://diavgeia.gov.gr/doc/%CE%A8%CE%9C%CE%A5%CE%A846907%CE%9A-828
99221940,Ρόδος (known-bad),6ΒΥΙ46907Κ-9ΡΣ,44869.8,ΑΡΗΤΗ ΑΝΩΝΥΜΗ ΕΤΑΙΡΕΙΑ ΦΑΡΜΑΚΕΥΤΙΚΩΝ ΚΑΙ,2022-05-05,https://diavgeia.gov.gr/doc/6%CE%92%CE%A5%CE%9946907%CE%9A-9%CE%A1%CE%A3
99221940,Ρόδος (known-bad),9ΓΦ346907Κ-ΧΗΟ,112.18,"ΘΑΝΟΠΟΥΛΟΥ,,ΑΝΑΣΤΑΣΙΑ,ΗΛΙΑΣ",2025-05-28,https://diavgeia.gov.gr/doc/9%CE%93%CE%A6346907%CE%9A-%CE%A7%CE%97%CE%9F
99221940,Ρόδος (known-bad),ΩΙΗΥ46907Κ-Κ63,2239.44,ΓΕΩΡΓΙΟΣ ΨΑΘΑΣ ΚΥΠΑΡΙΣΣΙΑ ΧΡΥΣΟΥ ΚΑΙ ΣΙΑ,2021-08-26,https://diavgeia.gov.gr/doc/%CE%A9%CE%99%CE%97%CE%A546907%CE%9A-%CE%9A63
99221940,Ρόδος (known-bad),ΨΜ5846907Κ-ΔΛΑ,3698.92,ΕΜΠΟΡΟΧΑΡΤΙΚΗ ΑΝΩΝΥΜΗ ΕΜΠΟΡΙΚΗ ΒΙΟΤΕΧΝΙΚ,2025-10-02,https://diavgeia.gov.gr/doc/%CE%A8%CE%9C5846907%CE%9A-%CE%94%CE%9B%CE%91
99221940,Ρόδος (known-bad),Ψ1ΚΟ46907Κ-ΝΝΨ,9826.01,Γ ΣΑΜΑΡΑΣ ΑΝΩΝΥΜΟΣ ΒΙΟΤΕΧΝΙΚΗ ΕΜΠΟΡΙΚΗ Ε,2022-08-23,https://diavgeia.gov.gr/doc/%CE%A81%CE%9A%CE%9F46907%CE%9A-%CE%9D%CE%9D%CE%A8
99221940,Ρόδος (known-bad),ΨΠΑΝ46907Κ-Μ01,167577.09,ΕΛΛΗΝΙΚΑ ΚΑΥΣΙΜΑ ΟΡΥΚΤΕΛΑΙΑ ΜΟΝΟΠΡΟΣΩΠΗ ,2022-08-03,https://diavgeia.gov.gr/doc/%CE%A8%CE%A0%CE%91%CE%9D46907%CE%9A-%CE%9C01
99221940,Ρόδος (known-bad),Ψ2ΥΞ46907Κ-ΣΗ3,927.77,GLAXOSMITHKLINE ΜΟΝΟΠΡΟΣΩΠΗ ΑΝΩΝΥΜΗ ΕΜΠΟ,2025-07-04,https://diavgeia.gov.gr/doc/%CE%A82%CE%A5%CE%9E46907%CE%9A-%CE%A3%CE%973
99221940,Ρόδος (known-bad),931446907Κ-0ΣΒ,1734.69,ΔΙΑΓΝΩΣΤΙΚΗ ΑΝΑΛΥΤΙΚΗ AE (099109774),2026-07-01,https://diavgeia.gov.gr/doc/931446907%CE%9A-0%CE%A3%CE%92
99221940,Ρόδος (known-bad),ΡΟΨΙ46907Κ-ΗΞΔ,16.35,IASIS PHARMACEUTICALS HELLAS ΒΙΟΜΗΧΑΝΙΑ ,2023-01-27,https://diavgeia.gov.gr/doc/%CE%A1%CE%9F%CE%A8%CE%9946907%CE%9A-%CE%97%CE%9E%CE%94
99221940,Ρόδος (known-bad),ΨΘΓΡ46907Κ-ΡΘ2,3500.0,"ΤΣΟΛΕΡΙΔΗ,,ΠΟΛΥΞΕΝΗ,ΘΕΟΦΙΛΟΣ",2023-11-08,https://diavgeia.gov.gr/doc/%CE%A8%CE%98%CE%93%CE%A146907%CE%9A-%CE%A1%CE%982
99221940,Ρόδος (known-bad),6ΑΩΚ46907Κ-8ΘΔ,30068.4,MYSERVICES HUMAN RESOURCES AND SECURITY ,2025-10-16,https://diavgeia.gov.gr/doc/6%CE%91%CE%A9%CE%9A46907%CE%9A-8%CE%98%CE%94
99221940,Ρόδος (known-bad),Ψ8ΨΣ46907Κ-ΣΜΠ,2442.8,DEPLOYMED ΕΜΠΟΡΙΑ ΙΑΤΡΙΚΩΝ ΕΙΔΩΝ  ΑΝΩΝΥΜ,2025-02-10,https://diavgeia.gov.gr/doc/%CE%A88%CE%A8%CE%A346907%CE%9A-%CE%A3%CE%9C%CE%A0
99221940,Ρόδος (known-bad),9ΛΖ346907Κ-ΞΛ0,192.1,Y LOGIMED ΜΟΝΟΠΡΟΣΩΠΗ ΑΝΩΝΥΜΗ ΕΤΑΙΡΕΙΑ Ε,2023-06-28,https://diavgeia.gov.gr/doc/9%CE%9B%CE%96346907%CE%9A-%CE%9E%CE%9B0
99221940,Ρόδος (known-bad),6ΔΤΜ46907Κ-1ΛΓ,2881.5,SIDAPHARM  I K E,2025-09-23,https://diavgeia.gov.gr/doc/6%CE%94%CE%A4%CE%9C46907%CE%9A-1%CE%9B%CE%93
99221940,Ρόδος (known-bad),9ΦΦ046907Κ-ΞΡΖ,852.53,ΙΝΕΞ ΑΝΩΝΥΜΗ ΕΜΠΟΡΙΚΗ ΕΤΑΙΡ ΙΑΤΡΙΚΩΝ ΝΟΣ,2023-07-11,https://diavgeia.gov.gr/doc/9%CE%A6%CE%A6046907%CE%9A-%CE%9E%CE%A1%CE%96
99221940,Ρόδος (known-bad),9ΩΗΗ46907Κ-ΝΡΤ,1102.8,ROCHE DIAGNOSTICS HELLAS  ΜΟΝΟΠΡΟΣΩΠΗ  Α,2023-08-28,https://diavgeia.gov.gr/doc/9%CE%A9%CE%97%CE%9746907%CE%9A-%CE%9D%CE%A1%CE%A4
99221940,Ρόδος (known-bad),9ΕΣΟ46907Κ-ΔΘ4,570.4,ΜΑΜΑΛΙΓΚΑΣ Γ    ΣΙΑ Ε Ε,2025-04-08,https://diavgeia.gov.gr/doc/9%CE%95%CE%A3%CE%9F46907%CE%9A-%CE%94%CE%984
99221940,Ρόδος (known-bad),6Ω2546907Κ-ΣΛ2,744.0,ΝΟΜΙΚΗ ΒΑΣΗ ΠΛΗΡΟΦΟΡΙΩΝ ΕΠΕ,2024-09-16,https://diavgeia.gov.gr/doc/6%CE%A92546907%CE%9A-%CE%A3%CE%9B2
99221940,Ρόδος (known-bad),630646907Κ-ΔΧ2,544.15,"ΠΛΑΤΩΝΗ,,ΚΑΛΛΙΟΠΗ,ΣΩΚΡΑΤΗΣ",2024-12-11,https://diavgeia.gov.gr/doc/630646907%CE%9A-%CE%94%CE%A72
99221940,Ρόδος (known-bad),ΨΚΤ446907Κ-5ΧΘ,1442.54,ΒΙΟΠΡΟΜΗΘΕΥΤΙΚΗ ΑΝΤΙΠΡΟΣΩΠΕΙΑ ΕΙΣΑΓΩΓΗ Ε,2025-11-10,https://diavgeia.gov.gr/doc/%CE%A8%CE%9A%CE%A4446907%CE%9A-5%CE%A7%CE%98
99221940,Ρόδος (known-bad),ΨΘΟΗ46907Κ-ΟΩΜ,1001.7,ΑΝΩΝΥΜΗ ΕΙΣΑΓΩΓΙΚΗ ΕΜΠΟΡΙΚΗ ΕΤΑΙΡΕΙΑ ΙΑΤ,2024-11-18,https://diavgeia.gov.gr/doc/%CE%A8%CE%98%CE%9F%CE%9746907%CE%9A-%CE%9F%CE%A9%CE%9C
99221940,Ρόδος (known-bad),63ΧΧ46907Κ-ΓΓΕ,6169.0,ΚΟΜΠΙΟΥΤΕΡ ΚΟΝΤΡΟΛ ΣΥΣΤΕΜΣ ΕΝΤΖΙΝΙΕΡΙΝΓΚ,2022-09-21,https://diavgeia.gov.gr/doc/63%CE%A7%CE%A746907%CE%9A-%CE%93%CE%93%CE%95
99221940,Ρόδος (known-bad),ΩΧΨΩ46907Κ-ΨΨΞ,186.0,"ΤΕΧΝΙΤΗΣ,,ΜΙΧΑΗΛ,ΕΜΜΑΝΟΥΗΛ",2023-05-02,https://diavgeia.gov.gr/doc/%CE%A9%CE%A7%CE%A8%CE%A946907%CE%9A-%CE%A8%CE%A8%CE%9E
99221940,Ρόδος (known-bad),ΨΤ0Ε46907Κ-ΧΦΑ,723.2,Κ ΒΕΛΙΣΣΑΡΙΟΣ ΚΑΙ ΣΙΑ ΕΕ,2023-05-29,https://diavgeia.gov.gr/doc/%CE%A8%CE%A40%CE%9546907%CE%9A-%CE%A7%CE%A6%CE%91
99221940,Ρόδος (known-bad),94Λ246907Κ-7ΙΨ,657.2,"ΔΗΜΗΤΡΑΣ,,ΧΡΗΣΤΟΣ,ΣΤΕΦΑΝΟΣ",2021-09-03,https://diavgeia.gov.gr/doc/94%CE%9B246907%CE%9A-7%CE%99%CE%A8
99221940,Ρόδος (known-bad),9ΦΩΔ46907Κ-ΥΕ7,972.16,ΥΓΕΙΟΔΥΝΑΜΙΚΗ ΑΝΩΝΥΜΗ ΕΤΑΙΡΕΙΑ ΙΑΤΡΙΚΩΝ ,2024-03-21,https://diavgeia.gov.gr/doc/9%CE%A6%CE%A9%CE%9446907%CE%9A-%CE%A5%CE%957
99221940,Ρόδος (known-bad),ΨΞΚΒ46907Κ-ΨΘΑ,76737.36,SPECIFAR ΑΒΕΕ ΒΙΟΜΗΧΑΝΙΑ ΧΗΜΙΚΩΝ ΚΑΙ ΦΑΡ,2021-12-03,https://diavgeia.gov.gr/doc/%CE%A8%CE%9E%CE%9A%CE%9246907%CE%9A-%CE%A8%CE%98%CE%91
99221940,Ρόδος (known-bad),9Ξ5Λ46907Κ-ΥΩ1,1532.64,Ν. ΚΟΛΥΤΟΣ   ΣΙΑ Ε.Ε. (082325792),2026-04-20,https://diavgeia.gov.gr/doc/9%CE%9E5%CE%9B46907%CE%9A-%CE%A5%CE%A91
99221940,Ρόδος (known-bad),633Κ46907Κ-20Ω,876.25,NUMIL HELLAS EΜΠΟΡΙΚΗ ΚΑΙ BΙΟΜΗΧΑΝΙΚΗ AE,2023-05-17,https://diavgeia.gov.gr/doc/633%CE%9A46907%CE%9A-20%CE%A9
99221940,Ρόδος (known-bad),93ΞΟ46907Κ-Β2Ψ,600.0,"ΚΩΝΣΤΑΝΤΙΝΙΔΟΥ,,ΕΙΡΗΝΗ,ΠΑΥΛΟΣ",2023-06-02,https://diavgeia.gov.gr/doc/93%CE%9E%CE%9F46907%CE%9A-%CE%922%CE%A8
99221923,Λαμία (known-clean),6ΕΗΝ4690ΒΜ-ΜΑ1,490.68,ΑΝΤΩΝΙΟΥ ΚΟΛΙΟΝΙΚΑ Ο.Ε,2021-12-15,https://diavgeia.gov.gr/doc/6%CE%95%CE%97%CE%9D4690%CE%92%CE%9C-%CE%9C%CE%911
99221923,Λαμία (known-clean),6ΞΙΦ4690ΒΜ-ΖΦΨ,17360.0,ΤΖΑΝΙΔΑΚΗΣ ΕΜΜΑΝΟΥΗΛ - INTER MEDICA -,2021-08-05,https://diavgeia.gov.gr/doc/6%CE%9E%CE%99%CE%A64690%CE%92%CE%9C-%CE%96%CE%A6%CE%A8
99221923,Λαμία (known-clean),ΨΨΚ74690ΒΜ-ΞΜΚ,1945.79,SIDAPHARM Ι.Κ.Ε.,2025-11-28,https://diavgeia.gov.gr/doc/%CE%A8%CE%A8%CE%9A74690%CE%92%CE%9C-%CE%9E%CE%9C%CE%9A
99221923,Λαμία (known-clean),ΡΟ2Φ4690ΒΜ-ΧΛΘ,167.0,ΕΛΛΗΝΙΚΟ ΙΝΣΤΙΤΟΥΤΟ ΠΑΣΤΕΡ,2025-12-23,https://diavgeia.gov.gr/doc/%CE%A1%CE%9F2%CE%A64690%CE%92%CE%9C-%CE%A7%CE%9B%CE%98
99221923,Λαμία (known-clean),6ΕΙΖ4690ΒΜ-ΞΚ7,290.16,MEDTRONIC HELLAS Α.Ε.Ε.,2021-08-31,https://diavgeia.gov.gr/doc/6%CE%95%CE%99%CE%964690%CE%92%CE%9C-%CE%9E%CE%9A7
99221923,Λαμία (known-clean),Ψ3Β04690ΒΜ-ΞΝ2,71.0,ΟΡΓΑΝΙΣΜΟΣ ΤΗΛΕΠΙΚΟΙΝΩΝΙΩΝ ΤΗΣ ΕΛΛΑΔΟΣ Α,2022-12-19,https://diavgeia.gov.gr/doc/%CE%A83%CE%9204690%CE%92%CE%9C-%CE%9E%CE%9D2
99221923,Λαμία (known-clean),Ω1ΗΧ4690ΒΜ-ΛΛΝ,76.54,Ε.Ι. ΖΑΡΜΠΗ & ΣΙΑ Ε.Ε.,2021-08-06,https://diavgeia.gov.gr/doc/%CE%A91%CE%97%CE%A74690%CE%92%CE%9C-%CE%9B%CE%9B%CE%9D
99221923,Λαμία (known-clean),6ΤΨΩ4690ΒΜ-5ΥΚ,30.0,ΛΥΚΟΣ ΣΤΑΥΡΟΣ,2021-10-14,https://diavgeia.gov.gr/doc/6%CE%A4%CE%A8%CE%A94690%CE%92%CE%9C-5%CE%A5%CE%9A
99221923,Λαμία (known-clean),9ΒΝΜ4690ΒΜ-ΟΦΙ,8863.1,ECOSTER Α.Ε.,2023-04-25,https://diavgeia.gov.gr/doc/9%CE%92%CE%9D%CE%9C4690%CE%92%CE%9C-%CE%9F%CE%A6%CE%99
99221923,Λαμία (known-clean),ΩΙΑΟ4690ΒΜ-85Π,2728.0,MEDIPRIME Α.Ε.Ε.,2021-08-05,https://diavgeia.gov.gr/doc/%CE%A9%CE%99%CE%91%CE%9F4690%CE%92%CE%9C-85%CE%A0
99221923,Λαμία (known-clean),ΨΨΝΘ4690ΒΜ-ΚΦΔ,37.2,ΛΙΝΤΕ ΕΛΛΑΣ ΜΟΝ. Ε.Π.Ε.,2024-06-19,https://diavgeia.gov.gr/doc/%CE%A8%CE%A8%CE%9D%CE%984690%CE%92%CE%9C-%CE%9A%CE%A6%CE%94
99221923,Λαμία (known-clean),Ψ0Δ84690ΒΜ-ΥΦ5,285.2,BTs Medical ΜΠΑΤΣΙΑΜΗΣ ΕΩΡΓΙΟΣ & ΣΙΑ Ο.Ε,2022-12-06,https://diavgeia.gov.gr/doc/%CE%A80%CE%9484690%CE%92%CE%9C-%CE%A5%CE%A65
99221923,Λαμία (known-clean),ΨΟΗΥ4690ΒΜ-ΩΛΧ,111.6,ΜΑΓΕΙΡΑΣ ΔΙΑΓΝΩΣΤΙΚΑ ΜΗΧΑΝΗΜΑΤΑ Α.Ε.,2023-07-25,https://diavgeia.gov.gr/doc/%CE%A8%CE%9F%CE%97%CE%A54690%CE%92%CE%9C-%CE%A9%CE%9B%CE%A7
99221923,Λαμία (known-clean),6ΘΙΒ4690ΒΜ-1ΛΚ,4687.2,L&B ΝΤΑΓΙΑΝΤΑΣ - ΜΑΝΩΛΙΟΣ ΙΑΤΡΙΚΑ ΕΙΔΗ Ι,2025-12-12,https://diavgeia.gov.gr/doc/6%CE%98%CE%99%CE%924690%CE%92%CE%9C-1%CE%9B%CE%9A
99221923,Λαμία (known-clean),9ΗΟΞ4690ΒΜ-ΡΟΞ,1467.55,RONTIS HELLAS Α.Ε.Β.Ε.,2024-10-08,https://diavgeia.gov.gr/doc/9%CE%97%CE%9F%CE%9E4690%CE%92%CE%9C-%CE%A1%CE%9F%CE%9E
99221923,Λαμία (known-clean),9Α7Θ4690ΒΜ-ΔΡΞ,328.6,ΜΗΧΑΝΟΛΟΓΙΚΕΣ ΕΦΑΡΜΟΓΕΣ ΕΠΕ,2023-03-01,https://diavgeia.gov.gr/doc/9%CE%917%CE%984690%CE%92%CE%9C-%CE%94%CE%A1%CE%9E
99221923,Λαμία (known-clean),ΨΡ3Π4690ΒΜ-Ζ36,34250.61,UNISON FACILITY SERVICES AE,2024-12-17,https://diavgeia.gov.gr/doc/%CE%A8%CE%A13%CE%A04690%CE%92%CE%9C-%CE%9636
99221923,Λαμία (known-clean),6ΜΜΑ4690ΒΜ-ΜΑ1,2705.78,BIOMERIEUX ΕΛΛΑΣ Α.Ε.,2022-10-11,https://diavgeia.gov.gr/doc/6%CE%9C%CE%9C%CE%914690%CE%92%CE%9C-%CE%9C%CE%911
99221923,Λαμία (known-clean),9ΝΙΑ4690ΒΜ-ΞΓΙ,775.0,ΕΛΕΝΗ ΦΙΛΟΥ-ΣΤΡΙΦΤΑΡΑ,2026-07-03,https://diavgeia.gov.gr/doc/9%CE%9D%CE%99%CE%914690%CE%92%CE%9C-%CE%9E%CE%93%CE%99
99221923,Λαμία (known-clean),ΡΛΦΕ4690ΒΜ-ΞΔ5,25982.96,SPINE ACTION Ε.Π.Ε.,2025-07-23,https://diavgeia.gov.gr/doc/%CE%A1%CE%9B%CE%A6%CE%954690%CE%92%CE%9C-%CE%9E%CE%945
99221923,Λαμία (known-clean),6ΞΗ94690ΒΜ-ΛΔΑ,84120.35,ΜΑΥΡΟΓΕΝΗΣ ΑΝΑΣΤΑΣΙΟΣ- ΙΑΤΡΟΤΕΧΝΟΛΟΓΙΚΑ ,2025-07-21,https://diavgeia.gov.gr/doc/6%CE%9E%CE%9794690%CE%92%CE%9C-%CE%9B%CE%94%CE%91
99221923,Λαμία (known-clean),ΡΡ774690ΒΜ-ΘΓΡ,148.78,MILONAS HEALTH Α.Ε.,2024-10-24,https://diavgeia.gov.gr/doc/%CE%A1%CE%A1774690%CE%92%CE%9C-%CE%98%CE%93%CE%A1
99221923,Λαμία (known-clean),ΩΥΘ84690ΒΜ-ΖΟΡ,1388.8,Χ.ΖΩΓΡΑΦΟΣ & ΣΥΝΕΡΓΑΤΕΣ Ο.Ε. - ZeN clima,2022-12-02,https://diavgeia.gov.gr/doc/%CE%A9%CE%A5%CE%9884690%CE%92%CE%9C-%CE%96%CE%9F%CE%A1
99221923,Λαμία (known-clean),Ρ6ΖΕ4690ΒΜ-ΙΑΔ,5948.52,V & L VIOLAK Α.Ε.,2026-03-20,https://diavgeia.gov.gr/doc/%CE%A16%CE%96%CE%954690%CE%92%CE%9C-%CE%99%CE%91%CE%94
99221923,Λαμία (known-clean),60Υ64690ΒΜ-5ΣΜ,2850.35,ΑΦΟΙ ΖΥΡΙΧΙΔΗ Ο.Ε.,2024-10-24,https://diavgeia.gov.gr/doc/60%CE%A564690%CE%92%CE%9C-5%CE%A3%CE%9C
99221923,Λαμία (known-clean),ΨΖΤ74690ΒΜ-Χ5Ζ,659.35,BIOMERIEUX ΕΛΛΑΣ Α.Ε.,2026-02-10,https://diavgeia.gov.gr/doc/%CE%A8%CE%96%CE%A474690%CE%92%CE%9C-%CE%A75%CE%96
99221923,Λαμία (known-clean),ΨΖΔΨ4690ΒΜ-ΘΤ3,36238.27,COMPUTER TEAM A.E.B.E.,2024-04-23,https://diavgeia.gov.gr/doc/%CE%A8%CE%96%CE%94%CE%A84690%CE%92%CE%9C-%CE%98%CE%A43
99221923,Λαμία (known-clean),6Π7Φ4690ΒΜ-Π3Ρ,413.4,GREEN ONE MON IKE,2022-06-23,https://diavgeia.gov.gr/doc/6%CE%A07%CE%A64690%CE%92%CE%9C-%CE%A03%CE%A1
99221923,Λαμία (known-clean),ΨΖΟ34690ΒΜ-ΙΦΗ,17.2,ΓΕΩΡΓΙΟΣ ΚΥΤΕΑΣ & ΣΙΑ Ο.Ε.,2022-04-19,https://diavgeia.gov.gr/doc/%CE%A8%CE%96%CE%9F34690%CE%92%CE%9C-%CE%99%CE%A6%CE%97
99221923,Λαμία (known-clean),ΩΝΥΝ4690ΒΜ-Δ8Β,3999.0,MEDIVIBE M.A.E.,2022-04-12,https://diavgeia.gov.gr/doc/%CE%A9%CE%9D%CE%A5%CE%9D4690%CE%92%CE%9C-%CE%948%CE%92
99221923,Λαμία (known-clean),9ΑΓΓ4690ΒΜ-ΘΙΠ,886.49,ΕΛΛΗΝΙΚΑ ΤΑΧΥΔΡΟΜΕΙΑ Α.Ε.,2025-12-18,https://diavgeia.gov.gr/doc/9%CE%91%CE%93%CE%934690%CE%92%CE%9C-%CE%98%CE%99%CE%A0
99221923,Λαμία (known-clean),Ψ8ΣΥ4690ΒΜ-ΝΔΥ,920.13,MILONAS HEALTH Α.Ε.,2024-03-04,https://diavgeia.gov.gr/doc/%CE%A88%CE%A3%CE%A54690%CE%92%CE%9C-%CE%9D%CE%94%CE%A5
99221923,Λαμία (known-clean),ΨΧ5Β4690ΒΜ-ΧΕΑ,558.0,ISMART P.C.,2023-11-08,https://diavgeia.gov.gr/doc/%CE%A8%CE%A75%CE%924690%CE%92%CE%9C-%CE%A7%CE%95%CE%91
99221923,Λαμία (known-clean),63ΛΘ4690ΒΜ-ΔΜ8,1227.6,EDWARDS LIFESCIENCES HELLAS Ε.Π.Ε.,2024-03-28,https://diavgeia.gov.gr/doc/63%CE%9B%CE%984690%CE%92%CE%9C-%CE%94%CE%9C8
99221923,Λαμία (known-clean),62974690ΒΜ-Α2Β,12439.36,ΜΠΑΞΤΕΡ ΕΛΛΑΣ ΕΠΕ,2024-04-17,https://diavgeia.gov.gr/doc/62974690%CE%92%CE%9C-%CE%912%CE%92
99221923,Λαμία (known-clean),9ΗΚΣ4690ΒΜ-634,846.37,ΙΑΤΡΙΚΑ ΠΕΝΥ Ε.Π.Ε.,2024-11-04,https://diavgeia.gov.gr/doc/9%CE%97%CE%9A%CE%A34690%CE%92%CE%9C-634
99221923,Λαμία (known-clean),99ΖΚ4690ΒΜ-ΙΩΩ,111.6,MEDIA-ΕΠΙΚΟΙΝΩΝΙΑ Α.Ε.,2026-06-25,https://diavgeia.gov.gr/doc/99%CE%96%CE%9A4690%CE%92%CE%9C-%CE%99%CE%A9%CE%A9
99221923,Λαμία (known-clean),Ψ6Ψ04690ΒΜ-ΗΛΝ,235.6,ΙΑΤΡΙΚΑ ΠΕΝΥ Ε.Π.Ε.,2021-09-08,https://diavgeia.gov.gr/doc/%CE%A86%CE%A804690%CE%92%CE%9C-%CE%97%CE%9B%CE%9D
99221923,Λαμία (known-clean),6ΥΙΣ4690ΒΜ-66Θ,8266.75,ICON DYNAMICS ΙΑΤΡΙΚΑ ΜΗΧΑΝΗΜΑΤΑ Ι.Κ.Ε,2025-12-12,https://diavgeia.gov.gr/doc/6%CE%A5%CE%99%CE%A34690%CE%92%CE%9C-66%CE%98
99221923,Λαμία (known-clean),6Ι9Θ4690ΒΜ-Ι2Φ,5414.83,ΑΦΟΙ ΖΥΡΙΧΙΔΗ Ο.Ε.,2025-12-18,https://diavgeia.gov.gr/doc/6%CE%999%CE%984690%CE%92%CE%9C-%CE%992%CE%A6
99221923,Λαμία (known-clean),ΡΥ4Ε4690ΒΜ-ΘΨΕ,361.6,TELEFLEX MEDICAL ΕΛΛΑΣ Α.Ε.Ε.,2025-12-21,https://diavgeia.gov.gr/doc/%CE%A1%CE%A54%CE%954690%CE%92%CE%9C-%CE%98%CE%A8%CE%95
99221923,Λαμία (known-clean),ΨΗΥΓ4690ΒΜ-2ΝΥ,14799.4,ELINCO Α.Ε.,2022-03-21,https://diavgeia.gov.gr/doc/%CE%A8%CE%97%CE%A5%CE%934690%CE%92%CE%9C-2%CE%9D%CE%A5
99221923,Λαμία (known-clean),6Δ0Ο4690ΒΜ-ΑΤΑ,3348.0,L&B ΝΤΑΓΙΑΝΤΑΣ - ΜΑΝΩΛΙΟΣ ΙΑΤΡΙΚΑ ΕΙΔΗ Ι,2021-08-19,https://diavgeia.gov.gr/doc/6%CE%940%CE%9F4690%CE%92%CE%9C-%CE%91%CE%A4%CE%91
99221923,Λαμία (known-clean),ΨΘΧΡ4690ΒΜ-ΣΙ2,1679.0,ΠΑΣΧΑΛΗΣ Ν. ΚΩΝΣΤΑΝΤΙΝΟΣ,2024-04-29,https://diavgeia.gov.gr/doc/%CE%A8%CE%98%CE%A7%CE%A14690%CE%92%CE%9C-%CE%A3%CE%992
99221923,Λαμία (known-clean),ΨΜΝΙ4690ΒΜ-ΦΡ7,1000.0,ΠΩΠΟΤΟΝΑΣΙΟΣ ΚΩΝΣΤΑΝΤΙΝΟΣ,2026-06-25,https://diavgeia.gov.gr/doc/%CE%A8%CE%9C%CE%9D%CE%994690%CE%92%CE%9C-%CE%A6%CE%A17
99221923,Λαμία (known-clean),63ΛΜ4690ΒΜ-ΥΤΩ,6271.5,Γ. ΠΥΡΡΟΣ & ΣΙΑ Ο.Ε.,2023-04-04,https://diavgeia.gov.gr/doc/63%CE%9B%CE%9C4690%CE%92%CE%9C-%CE%A5%CE%A4%CE%A9
99221923,Λαμία (known-clean),ΨΙΗΓ4690ΒΜ-ΤΗ5,372.0,Fartex ΤΕΧΝΙΚΗ ΕΞΟΠΛΙΣΜΩΝ,2026-02-17,https://diavgeia.gov.gr/doc/%CE%A8%CE%99%CE%97%CE%934690%CE%92%CE%9C-%CE%A4%CE%975
99221923,Λαμία (known-clean),6ΜΛ74690ΒΜ-8ΚΧ,3977.6,IMPLANTCAST HELLAS A.E,2022-03-11,https://diavgeia.gov.gr/doc/6%CE%9C%CE%9B74690%CE%92%CE%9C-8%CE%9A%CE%A7
99221923,Λαμία (known-clean),ΩΤΘΡ4690ΒΜ-759,43632.92,ΦΑΡΜΑΣΕΡΒ -ΛΙΛΛΥ Α.Ε.Β.Ε.,2022-11-28,https://diavgeia.gov.gr/doc/%CE%A9%CE%A4%CE%98%CE%A14690%CE%92%CE%9C-759
99221923,Λαμία (known-clean),Ω3ΠΗ4690ΒΜ-ΠΔ5,466.4,ΠΕΤΡΟΣ ΧΑΡ. ΚΟΣΜΙΔΗΣ & ΣΙΑ Ε.Ε.,2022-06-21,https://diavgeia.gov.gr/doc/%CE%A93%CE%A0%CE%974690%CE%92%CE%9C-%CE%A0%CE%945
99221923,Λαμία (known-clean),ΨΦΞΧ4690ΒΜ-Δ63,874.2,KLINIKUM PLUS ΜΟΝΟΠΡΟΣΩΠΗ Ι.Κ.Ε.,2022-06-23,https://diavgeia.gov.gr/doc/%CE%A8%CE%A6%CE%9E%CE%A74690%CE%92%CE%9C-%CE%9463
99221923,Λαμία (known-clean),66ΛΟ4690ΒΜ-ΝΝΕ,70.0,ΙΒΡΟΣ ΚΩΝΣΤΑΝΤΙΝΟΣ ΠΛΥΝΤΗΡΙΟ ΑΥΤΟΚΙΝΗΤΩΝ,2024-12-24,https://diavgeia.gov.gr/doc/66%CE%9B%CE%9F4690%CE%92%CE%9C-%CE%9D%CE%9D%CE%95
99221923,Λαμία (known-clean),6ΥΨΛ4690ΒΜ-ΝΩΦ,176.28,ΙΝΕΞ ΙΑΤΡΙΚΑ Α.Ε,2024-02-16,https://diavgeia.gov.gr/doc/6%CE%A5%CE%A8%CE%9B4690%CE%92%CE%9C-%CE%9D%CE%A9%CE%A6
99221923,Λαμία (known-clean),ΨΓΗΡ4690ΒΜ-7Β5,3472.0,PAUL HARTMANN HELLAS Α.Ε.,2022-09-16,https://diavgeia.gov.gr/doc/%CE%A8%CE%93%CE%97%CE%A14690%CE%92%CE%9C-7%CE%925
99221923,Λαμία (known-clean),9Ο7Ξ4690ΒΜ-0ΝΙ,93.0,BIOMERIEUX ΕΛΛΑΣ Α.Ε.,2024-03-26,https://diavgeia.gov.gr/doc/9%CE%9F7%CE%9E4690%CE%92%CE%9C-0%CE%9D%CE%99
99221923,Λαμία (known-clean),ΩΧ604690ΒΜ-ΜΨ0,4525.76,Y- LOGIMED Α.Ε,2022-06-16,https://diavgeia.gov.gr/doc/%CE%A9%CE%A7604690%CE%92%CE%9C-%CE%9C%CE%A80
99221923,Λαμία (known-clean),6ΔΕΙ4690ΒΜ-Ο3Λ,78.12,BBD ΝΙΚ. ΛΑΪΝΙΩΤΗΣ AEBE,2023-07-25,https://diavgeia.gov.gr/doc/6%CE%94%CE%95%CE%994690%CE%92%CE%9C-%CE%9F3%CE%9B
99221923,Λαμία (known-clean),6ΥΜΕ4690ΒΜ-ΤΚΟ,116.05,ΑΝΑΓΝΩΣΤΟΥ ΧΡΙΣΤΟΔΟΥΛΟΣ & ΣΙΑ Ε.Ε. (INEL,2024-11-07,https://diavgeia.gov.gr/doc/6%CE%A5%CE%9C%CE%954690%CE%92%CE%9C-%CE%A4%CE%9A%CE%9F
99221923,Λαμία (known-clean),ΨΙ7Μ4690ΒΜ-ΛΚΒ,4930.08,UCB A.E.,2022-11-28,https://diavgeia.gov.gr/doc/%CE%A8%CE%997%CE%9C4690%CE%92%CE%9C-%CE%9B%CE%9A%CE%92
99221923,Λαμία (known-clean),ΨΚ564690ΒΜ-ΥΩ8,591.98,ΑΝΤΙ-ΣΕΛ  ΑΦΟΙ Α.ΣΕΛΙΔΗ Α.Ε.,2022-05-19,https://diavgeia.gov.gr/doc/%CE%A8%CE%9A564690%CE%92%CE%9C-%CE%A5%CE%A98
