ts,org,label,type,rc,secs,summary,stderr_tail
2026-08-15T12:44:59,99221993,ΠΕΡ.ΓΕΝ. ΝΟΣΟΚΟΜΕΙΟ ΑΘΗΝΩΝ 'Ο ΕΥΑΓΓΕΛΙΣΜΟΣ',Β.2.2,0,833,"VERIFIED TOTAL (EUR)   : 1,219,776,855.44",
2026-08-15T12:45:30,99221993,ΠΕΡ.ΓΕΝ. ΝΟΣΟΚΟΜΕΙΟ ΑΘΗΝΩΝ 'Ο ΕΥΑΓΓΕΛΙΣΜΟΣ',Β.2.1,0,32,"VERIFIED TOTAL (EUR)   : 1,172,349.90",
2026-08-15T15:14:05,99221986,Π.Γ.Ν. «ΑΤΤΙΚΟΝ» - Γ.Ν.Δ.Α. «Η ΑΓΙΑ ΒΑΡΒΑΡΑ» ΟΡΓΑΝΙΚΗ ΜΟΝΑΔΑ ΕΔΡΑΣ Π.Γ.Ν. «ΑΤΤΙΚΟΝ»,Β.2.2,0,8915,"VERIFIED TOTAL (EUR)   : 575,152,441.98",
2026-08-15T15:14:37,99221986,Π.Γ.Ν. «ΑΤΤΙΚΟΝ» - Γ.Ν.Δ.Α. «Η ΑΓΙΑ ΒΑΡΒΑΡΑ» ΟΡΓΑΝΙΚΗ ΜΟΝΑΔΑ ΕΔΡΑΣ Π.Γ.Ν. «ΑΤΤΙΚΟΝ»,Β.2.1,0,32,"VERIFIED TOTAL (EUR)   : 285,827.59",
2026-08-15T16:39:05,99222000,ΠΕΡ.ΓΕΝ. ΝΟΣΟΚΟΜΕΙΟ ΘΕΣΣΑΛΟΝΙΚΗΣ 'ΙΠΠΟΚΡΑΤΕΙO',Β.2.2,0,5068,"VERIFIED TOTAL (EUR)   : 227,214,023.11",
2026-08-15T16:39:39,99222000,ΠΕΡ.ΓΕΝ. ΝΟΣΟΚΟΜΕΙΟ ΘΕΣΣΑΛΟΝΙΚΗΣ 'ΙΠΠΟΚΡΑΤΕΙO',Β.2.1,0,34,"VERIFIED TOTAL (EUR)   : 195,324.56",
2026-08-15T16:40:34,99222013,ΠΕΡΙΦ. ΠΑΝΕΠΙΣΤ. ΓΕΝ. ΝΟΣΟΚ. ΠΑΤΡΩΝ,Β.2.2,0,55,"VERIFIED TOTAL (EUR)   : 141,937,197.66",
2026-08-15T16:41:03,99222013,ΠΕΡΙΦ. ΠΑΝΕΠΙΣΤ. ΓΕΝ. ΝΟΣΟΚ. ΠΑΤΡΩΝ,Β.2.1,0,29,"VERIFIED TOTAL (EUR)   : 526,230.72",
2026-08-15T16:42:23,99221992,ΠΕΡ.ΓΕΝ. ΝΟΣΟΚΟΜΕΙΟ ΑΘΗΝΩΝ 'Γ. ΓΕΝΝΗΜΑΤΑΣ',Β.2.2,0,80,"VERIFIED TOTAL (EUR)   : 540,050,225.33",
2026-08-15T16:42:58,99221992,ΠΕΡ.ΓΕΝ. ΝΟΣΟΚΟΜΕΙΟ ΑΘΗΝΩΝ 'Γ. ΓΕΝΝΗΜΑΤΑΣ',Β.2.1,0,35,"VERIFIED TOTAL (EUR)   : 602,863.52",
2026-08-15T16:47:24,99221988,ΠΕΡ.ΓΕΝ. ΝΟΣΟΚΟΜΕΙO ΑΘΗΝΩΝ 'ΙΠΠΟΚΡΑΤΕΙΟ',Β.2.2,0,266,"VERIFIED TOTAL (EUR)   : 424,352,935.12",
2026-08-15T16:47:55,99221988,ΠΕΡ.ΓΕΝ. ΝΟΣΟΚΟΜΕΙO ΑΘΗΝΩΝ 'ΙΠΠΟΚΡΑΤΕΙΟ',Β.2.1,0,32,"VERIFIED TOTAL (EUR)   : 1,354,836.61",
2026-08-15T16:54:23,99221998,ΠΑΝΕΠΙΣΤΗΜΙΑΚΟ ΓΕΝΙΚΟ ΝΟΣΟΚΟΜΕΙΟ ΘΕΣΣΑΛΟΝΙΚΗΣ ΑΧΕΠΑ,Β.2.2,0,387,"VERIFIED TOTAL (EUR)   : 306,746,562.75",
2026-08-15T16:54:57,99221998,ΠΑΝΕΠΙΣΤΗΜΙΑΚΟ ΓΕΝΙΚΟ ΝΟΣΟΚΟΜΕΙΟ ΘΕΣΣΑΛΟΝΙΚΗΣ ΑΧΕΠΑ,Β.2.1,0,35,"VERIFIED TOTAL (EUR)   : 320,025.04",
2026-08-15T17:02:34,99221999,ΓΕΝΙΚΟ ΝΟΣΟΚΟΜΕΙΟ ΘΕΣΣΑΛΟΝΙΚΗΣ «Γ. ΠΑΠΑΝΙΚΟΛΑΟΥ»,Β.2.2,0,457,"VERIFIED TOTAL (EUR)   : 401,640,793.59",
2026-08-15T17:03:07,99221999,ΓΕΝΙΚΟ ΝΟΣΟΚΟΜΕΙΟ ΘΕΣΣΑΛΟΝΙΚΗΣ «Γ. ΠΑΠΑΝΙΚΟΛΑΟΥ»,Β.2.1,0,33,"VERIFIED TOTAL (EUR)   : 7,688.00",
2026-08-15T17:08:08,99221994,ΠΕΡ.ΓΕΝ. ΝΟΣΟΚΟΜΕΙΟ ΑΘΗΝΩΝ (ΛΑΙΚΟ),Β.2.2,0,301,"VERIFIED TOTAL (EUR)   : 535,788,183.34",
2026-08-15T17:08:40,99221994,ΠΕΡ.ΓΕΝ. ΝΟΣΟΚΟΜΕΙΟ ΑΘΗΝΩΝ (ΛΑΙΚΟ),Β.2.1,0,32,"VERIFIED TOTAL (EUR)   : 141,500.66",
2026-08-15T17:09:13,99221996,ΓΕΝΙΚΟ ΝΟΣΟΚΟΜΕΙΟ ΑΤΤΙΚΗΣ (ΚΑΤ),Β.2.2,0,33,"VERIFIED TOTAL (EUR)   : 248,555,788.17",
2026-08-15T17:09:44,99221996,ΓΕΝΙΚΟ ΝΟΣΟΚΟΜΕΙΟ ΑΤΤΙΚΗΣ (ΚΑΤ),Β.2.1,0,32,VERIFIED TOTAL (EUR)   : 0.00,
2026-08-15T17:10:34,99222011,ΠΕΡΙΦ. ΠΑΝΕΠΙΣΤ. ΓΕΝ. ΝΟΣΟΚ. ΙΩΑΝΝΙΝΩΝ,Β.2.2,0,49,"VERIFIED TOTAL (EUR)   : 366,924,664.58",
2026-08-15T17:11:04,99222011,ΠΕΡΙΦ. ΠΑΝΕΠΙΣΤ. ΓΕΝ. ΝΟΣΟΚ. ΙΩΑΝΝΙΝΩΝ,Β.2.1,0,30,"VERIFIED TOTAL (EUR)   : 5,140,648.03",
2026-08-15T17:16:10,99222004,ΠΕΡ.ΓΕΝ. ΝΟΣΟΚΟΜΕΙΟ ΝΟΣΗΜΑΤΩΝ ΘΩΡΑΚΑ ΑΘΗΝΩΝ 'Η ΣΩΤΗΡΙΑ,Β.2.2,0,306,"VERIFIED TOTAL (EUR)   : 1,126,115,319.20",
2026-08-15T17:16:41,99222004,ΠΕΡ.ΓΕΝ. ΝΟΣΟΚΟΜΕΙΟ ΝΟΣΗΜΑΤΩΝ ΘΩΡΑΚΑ ΑΘΗΝΩΝ 'Η ΣΩΤΗΡΙΑ,Β.2.1,0,31,"VERIFIED TOTAL (EUR)   : 112,109.06",
2026-08-15T17:19:30,99221483,ΑΝΤΙΚΑΡΚΙΝΙΚΟ  ΓΕΝ.ΝΟΣΟΚΟΜΕΙΟ ΘΕΣ/ΝΙΚΗΣ 'ΘΕΑΓΕΝΕΙΟ,Β.2.2,0,169,"VERIFIED TOTAL (EUR)   : 272,994,904.94",
2026-08-15T17:20:06,99221483,ΑΝΤΙΚΑΡΚΙΝΙΚΟ  ΓΕΝ.ΝΟΣΟΚΟΜΕΙΟ ΘΕΣ/ΝΙΚΗΣ 'ΘΕΑΓΕΝΕΙΟ,Β.2.1,0,36,"VERIFIED TOTAL (EUR)   : 58,143,017.72",
2026-08-15T17:24:05,99222003,ΓΕΝΙΚΟ ΝΟΣΟΚΟΜΕΙΟ ΝΙΚΑΙΑΣ ΠΕΙΡΑΙΑ ΑΓΙΟΣ ΠΑΝΤΕΛΕΗΜΩΝ,Β.2.2,0,239,"VERIFIED TOTAL (EUR)   : 204,595,340.01",
2026-08-15T17:24:37,99222003,ΓΕΝΙΚΟ ΝΟΣΟΚΟΜΕΙΟ ΝΙΚΑΙΑΣ ΠΕΙΡΑΙΑ ΑΓΙΟΣ ΠΑΝΤΕΛΕΗΜΩΝ,Β.2.1,0,32,"VERIFIED TOTAL (EUR)   : 1,158,098.23",
2026-08-15T17:27:20,99221905,ΝΟΜ.ΓΕΝ. ΝΟΣΟΚΟΜΕΙΟ ΕΔΕΣΣΑΣ,Β.2.2,0,163,"VERIFIED TOTAL (EUR)   : 33,898,900.09",
2026-08-15T17:29:09,99221905,ΝΟΜ.ΓΕΝ. ΝΟΣΟΚΟΜΕΙΟ ΕΔΕΣΣΑΣ,Β.2.1,0,108,"VERIFIED TOTAL (EUR)   : 16,989.55",
2026-08-15T17:34:18,99221985,ΠΑΝΕΠΙΣΤΗΜΙΑΚΟ ΓΕΝΙΚΟ ΝΟΣΟΚΟΜΕΙΟ ΕΒΡΟΥ,Β.2.2,0,309,"VERIFIED TOTAL (EUR)   : 247,275,390.33",
2026-08-15T17:34:50,99221985,ΠΑΝΕΠΙΣΤΗΜΙΑΚΟ ΓΕΝΙΚΟ ΝΟΣΟΚΟΜΕΙΟ ΕΒΡΟΥ,Β.2.1,0,32,"VERIFIED TOTAL (EUR)   : 7,198,900.24",
2026-08-15T17:35:45,99221891,ΝΟΜ.ΓΕΝ. ΝΟΣΟΚΟΜΕΙΟ ΑΘΗΝΩΝ 'ΚΟΡΓΙΑΛΕΝΕΙΟ ΜΠΕΝΑΚΕΙΟ',Β.2.2,0,55,"VERIFIED TOTAL (EUR)   : 55,433,509.59",
2026-08-15T17:36:35,99221891,ΝΟΜ.ΓΕΝ. ΝΟΣΟΚΟΜΕΙΟ ΑΘΗΝΩΝ 'ΚΟΡΓΙΑΛΕΝΕΙΟ ΜΠΕΝΑΚΕΙΟ',Β.2.1,0,50,"VERIFIED TOTAL (EUR)   : 31,329,041.15",
2026-08-15T17:39:51,99222007,ΠΕΡ.ΓΕΝ. ΝΟΣΟΚΟΜΕΙΟ ΠΑΤΡΩΝ 'ΑΓΙΟΣ ΑΝΔΡΕΑΣ',Β.2.2,0,196,"VERIFIED TOTAL (EUR)   : 156,273,442.71",
2026-08-15T17:40:22,99222007,ΠΕΡ.ΓΕΝ. ΝΟΣΟΚΟΜΕΙΟ ΠΑΤΡΩΝ 'ΑΓΙΟΣ ΑΝΔΡΕΑΣ',Β.2.1,0,31,"VERIFIED TOTAL (EUR)   : 128,523.38",
2026-08-15T17:42:42,99221484,Γ. ΑΝΤΙΚΑΡΚΙΝΙΚΟ ΝΟΣΟΚΟΜΕΙΟ«ΑΓ. ΣΑΒΒΑΣ»,Β.2.2,0,140,"VERIFIED TOTAL (EUR)   : 115,518,411.53",
2026-08-15T17:43:12,99221484,Γ. ΑΝΤΙΚΑΡΚΙΝΙΚΟ ΝΟΣΟΚΟΜΕΙΟ«ΑΓ. ΣΑΒΒΑΣ»,Β.2.1,0,30,"VERIFIED TOTAL (EUR)   : 353,010.24",
2026-08-15T17:46:33,99222006,ΠΕΡ.ΓΕΝ. ΝΟΣΟΚΟΜΕΙΟ ΠΑΙΔΩΝ 'Η ΑΓΙΑ ΣΟΦΙΑ',Β.2.2,0,202,"VERIFIED TOTAL (EUR)   : 167,210,547.82",
2026-08-15T17:47:05,99222006,ΠΕΡ.ΓΕΝ. ΝΟΣΟΚΟΜΕΙΟ ΠΑΙΔΩΝ 'Η ΑΓΙΑ ΣΟΦΙΑ',Β.2.1,0,32,"VERIFIED TOTAL (EUR)   : 5,087,739.22",
2026-08-15T17:50:47,99222002,ΓΕΝΙΚΟ ΝΟΣΟΚΟΜΕΙΟ ΛΑΡΙΣΑΣ ΚΟΥΤΛΙΜΠΑΝΕΙΟ ΚΑΙ ΤΡΙΑΝΤΑΦΥΛΛΕΙΟ,Β.2.2,0,222,"VERIFIED TOTAL (EUR)   : 134,547,588.94",
2026-08-15T17:51:20,99222002,ΓΕΝΙΚΟ ΝΟΣΟΚΟΜΕΙΟ ΛΑΡΙΣΑΣ ΚΟΥΤΛΙΜΠΑΝΕΙΟ ΚΑΙ ΤΡΙΑΝΤΑΦΥΛΛΕΙΟ,Β.2.1,0,33,"VERIFIED TOTAL (EUR)   : 2,509,024.70",
2026-08-15T17:54:15,99221911,ΝΟΜ.ΓΕΝ. ΝΟΣΟΚΟΜΕΙΟ ΚΑΒΑΛΑΣ,Β.2.2,0,175,"VERIFIED TOTAL (EUR)   : 119,035,048.78",
2026-08-15T17:54:46,99221911,ΝΟΜ.ΓΕΝ. ΝΟΣΟΚΟΜΕΙΟ ΚΑΒΑΛΑΣ,Β.2.1,0,31,"VERIFIED TOTAL (EUR)   : 702,046.79",
2026-08-15T17:57:28,99221897,ΝΟΜ.ΓΕΝ. ΝΟΣΟΚΟΜΕΙΟ ΑΡΤΑΣ,Β.2.2,0,162,"VERIFIED TOTAL (EUR)   : 73,461,243.08",
2026-08-15T17:58:31,99221897,ΝΟΜ.ΓΕΝ. ΝΟΣΟΚΟΜΕΙΟ ΑΡΤΑΣ,Β.2.1,0,63,"VERIFIED TOTAL (EUR)   : 5,744,040.00",
2026-08-15T17:59:35,99221899,ΝΟΜ.ΓΕΝ. ΝΟΣΟΚΟΜΕΙΟ ΒΟΛΟΥ 'ΑΧΙΛΛΟΠΟΥΛΕIO',Β.2.2,0,63,"VERIFIED TOTAL (EUR)   : 34,147,083.81",
2026-08-15T18:00:03,99221899,ΝΟΜ.ΓΕΝ. ΝΟΣΟΚΟΜΕΙΟ ΒΟΛΟΥ 'ΑΧΙΛΛΟΠΟΥΛΕIO',Β.2.1,0,29,"VERIFIED TOTAL (EUR)   : 2,521,548.74",
2026-08-15T18:03:50,99222001,ΠΕΡ.ΓΕΝ. ΝΟΣΟΚΟΜΕΙΟ ΙΩΑΝ.'Γ.ΧΑΤΖΗΚΩΣΤΑ',Β.2.2,0,226,"VERIFIED TOTAL (EUR)   : 98,334,740.88",
2026-08-15T18:05:38,99222001,ΠΕΡ.ΓΕΝ. ΝΟΣΟΚΟΜΕΙΟ ΙΩΑΝ.'Γ.ΧΑΤΖΗΚΩΣΤΑ',Β.2.1,0,108,"VERIFIED TOTAL (EUR)   : 41,926,806.34",
2026-08-15T18:08:08,99221900,ΝΟΜ.ΓΕΝ. ΝΟΣΟΚΟΜΕΙΟ ΓΙΑΝΝΙΤΣΩΝ,Β.2.2,0,149,"VERIFIED TOTAL (EUR)   : 32,309,067,126,319.44",
2026-08-15T18:08:41,99221900,ΝΟΜ.ΓΕΝ. ΝΟΣΟΚΟΜΕΙΟ ΓΙΑΝΝΙΤΣΩΝ,Β.2.1,0,33,"VERIFIED TOTAL (EUR)   : 6,446,966.36",
2026-08-15T18:11:49,99221872,ΓΕΝΙΚΟ ΝΟΣΟΚΟΜΕΙΟ ΘΕΣΣΑΛΟΝΙΚΗΣ «Γ. ΓΕΝΝΗΜΑΤΑΣ»,Β.2.2,0,188,"VERIFIED TOTAL (EUR)   : 72,752,057.46",
2026-08-15T18:12:19,99221872,ΓΕΝΙΚΟ ΝΟΣΟΚΟΜΕΙΟ ΘΕΣΣΑΛΟΝΙΚΗΣ «Γ. ΓΕΝΝΗΜΑΤΑΣ»,Β.2.1,0,30,"VERIFIED TOTAL (EUR)   : 18,447.49",
2026-08-15T18:13:15,99221887,ΝΟΜ.ΓΕΝ. ΝΟΣΟΚΟΜΕΙΟ - Κ.Υ ΦΙΛΙΑΤΩΝ,Β.2.2,0,56,"VERIFIED TOTAL (EUR)   : 12,359,537.77",
2026-08-15T18:15:20,99221887,ΝΟΜ.ΓΕΝ. ΝΟΣΟΚΟΜΕΙΟ - Κ.Υ ΦΙΛΙΑΤΩΝ,Β.2.1,0,125,"VERIFIED TOTAL (EUR)   : 4,265,518.26",
2026-08-15T18:16:20,99221912,ΝΟΜ.ΓΕΝ. ΝΟΣΟΚΟΜΕΙΟ ΚΑΛΑΜΑΤΑΣ,Β.2.2,0,60,"VERIFIED TOTAL (EUR)   : 20,363,441.16",
2026-08-15T18:19:55,99221912,ΝΟΜ.ΓΕΝ. ΝΟΣΟΚΟΜΕΙΟ ΚΑΛΑΜΑΤΑΣ,Β.2.1,0,215,"VERIFIED TOTAL (EUR)   : 50,752,082.81",
2026-08-15T18:23:53,99221917,ΝΟΜ.ΓΕΝ. ΝΟΣΟΚΟΜΕΙΟ ΚΕΡΚΥΡΑΣ,Β.2.2,0,238,"VERIFIED TOTAL (EUR)   : 61,621,397.29",
2026-08-15T18:24:24,99221917,ΝΟΜ.ΓΕΝ. ΝΟΣΟΚΟΜΕΙΟ ΚΕΡΚΥΡΑΣ,Β.2.1,0,31,VERIFIED TOTAL (EUR)   : 0.00,
2026-08-15T18:26:23,99221485,Γ. ΟΓΚΟΛΟΓΙΚΟ ΝΟΣ. ΚΗΦΙΣΙΑΣ «ΟΙ ΑΓΙΟΙ ΑΝΑΡΓΥΡΟΙ»,Β.2.2,0,119,"VERIFIED TOTAL (EUR)   : 122,731,237.34",
2026-08-15T18:26:53,99221485,Γ. ΟΓΚΟΛΟΓΙΚΟ ΝΟΣ. ΚΗΦΙΣΙΑΣ «ΟΙ ΑΓΙΟΙ ΑΝΑΡΓΥΡΟΙ»,Β.2.1,0,30,VERIFIED TOTAL (EUR)   : 0.00,
2026-08-15T18:27:34,99221950,ΝΟΜ.ΓΕΝ. ΝΟΣΟΚΟΜΕΙΟ ΧΑΝΙΩΝ 'ΑΓΙΟΣ ΓΕΩΡΓΙΟΣ',Β.2.2,0,41,"VERIFIED TOTAL (EUR)   : 14,360,017.77",
2026-08-15T18:28:08,99221950,ΝΟΜ.ΓΕΝ. ΝΟΣΟΚΟΜΕΙΟ ΧΑΝΙΩΝ 'ΑΓΙΟΣ ΓΕΩΡΓΙΟΣ',Β.2.1,0,34,"VERIFIED TOTAL (EUR)   : 3,527,928.83",
2026-08-15T18:31:14,99221870,ΓΕΝΙΚΟ ΝΟΣΟΚΟΜΕΙΟ «ΕΛΕΝΑ ΒΕΝΙΖΕΛΟΥ-ΑΛΕΞΑΝΔΡΑ» ΥΠΟΚΑΤΑΣΤΗΜΑ ΕΛΕΝΑ ΒΕΝΙΖΕΛΟΥ,Β.2.2,0,186,"VERIFIED TOTAL (EUR)   : 52,760,088.27",
2026-08-15T18:31:45,99221870,ΓΕΝΙΚΟ ΝΟΣΟΚΟΜΕΙΟ «ΕΛΕΝΑ ΒΕΝΙΖΕΛΟΥ-ΑΛΕΞΑΝΔΡΑ» ΥΠΟΚΑΤΑΣΤΗΜΑ ΕΛΕΝΑ ΒΕΝΙΖΕΛΟΥ,Β.2.1,0,31,"VERIFIED TOTAL (EUR)   : 773,882.24",
2026-08-15T18:34:47,99221916,ΝΟΜ.ΓΕΝ. ΝΟΣΟΚΟΜΕΙΟ ΚΑΤΕΡΙΝΗΣ,Β.2.2,0,182,"VERIFIED TOTAL (EUR)   : 106,882,122.38",
2026-08-15T18:35:18,99221916,ΝΟΜ.ΓΕΝ. ΝΟΣΟΚΟΜΕΙΟ ΚΑΤΕΡΙΝΗΣ,Β.2.1,0,30,"VERIFIED TOTAL (EUR)   : 941,276.72",
2026-08-15T18:37:20,99222005,ΠΕΡ.ΓΕΝ. ΝΟΣΟΚΟΜΕΙΟ ΠΑΙΔΩΝ 'ΑΓΛΑΙΑ ΚΥΡΙΑΚΟΥ',Β.2.2,0,122,"VERIFIED TOTAL (EUR)   : 40,908,130.54",
2026-08-15T18:37:51,99222005,ΠΕΡ.ΓΕΝ. ΝΟΣΟΚΟΜΕΙΟ ΠΑΙΔΩΝ 'ΑΓΛΑΙΑ ΚΥΡΙΑΚΟΥ',Β.2.1,0,31,"VERIFIED TOTAL (EUR)   : 7,296,216.20",
2026-08-15T18:40:52,99221942,ΝΟΜ.ΓΕΝ. ΝΟΣΟΚΟΜΕΙΟ ΣΕΡΡΩΝ,Β.2.2,0,181,"VERIFIED TOTAL (EUR)   : 76,676,409.44",
2026-08-15T18:41:20,99221942,ΝΟΜ.ΓΕΝ. ΝΟΣΟΚΟΜΕΙΟ ΣΕΡΡΩΝ,Β.2.1,0,28,VERIFIED TOTAL (EUR)   : 0.00,
2026-08-15T18:45:38,99221486,Γ. ΠΑΝΑΡΚΑΔΙΚΟ ΝΟΣ. ΤΡΙΠΟΛΗΣ «Η ΕΥΑΓΓΕΛΙΣΤΡΙΑ»,Β.2.2,0,258,"VERIFIED TOTAL (EUR)   : 96,906,159,279,867.53",
2026-08-15T18:46:08,99221486,Γ. ΠΑΝΑΡΚΑΔΙΚΟ ΝΟΣ. ΤΡΙΠΟΛΗΣ «Η ΕΥΑΓΓΕΛΙΣΤΡΙΑ»,Β.2.1,0,30,"VERIFIED TOTAL (EUR)   : 85,663.10",
2026-08-15T18:48:43,99221948,ΝΟΜ.ΓΕΝ. ΝΟΣΟΚΟΜΕΙΟ ΧΑΛΚΙΔΑΣ,Β.2.2,0,155,"VERIFIED TOTAL (EUR)   : 57,110,809.58",
2026-08-15T18:49:13,99221948,ΝΟΜ.ΓΕΝ. ΝΟΣΟΚΟΜΕΙΟ ΧΑΛΚΙΔΑΣ,Β.2.1,0,30,"VERIFIED TOTAL (EUR)   : 219,901.60",
2026-08-15T18:52:38,99221898,ΝΟΜ.ΓΕΝ. ΝΟΣΟΚΟΜΕΙΟ ΒΕΡΟΙΑΣ,Β.2.2,0,205,"VERIFIED TOTAL (EUR)   : 47,217,276.37",
2026-08-15T18:53:10,99221898,ΝΟΜ.ΓΕΝ. ΝΟΣΟΚΟΜΕΙΟ ΒΕΡΟΙΑΣ,Β.2.1,0,31,"VERIFIED TOTAL (EUR)   : 1,984,600.16",
2026-08-15T18:55:31,99221937,ΓΕΝΙΚΟ ΝΟΣΟΚΟΜΕΙΟ ΠΤΟΛΕΜΑΙΔΑΣ «ΜΠΟΔΟΣΑΚΕΙΟ»,Β.2.2,0,142,"VERIFIED TOTAL (EUR)   : 82,692,256.04",
2026-08-15T18:56:00,99221937,ΓΕΝΙΚΟ ΝΟΣΟΚΟΜΕΙΟ ΠΤΟΛΕΜΑΙΔΑΣ «ΜΠΟΔΟΣΑΚΕΙΟ»,Β.2.1,0,29,"VERIFIED TOTAL (EUR)   : 45,398.49",
2026-08-15T18:56:36,99222015,ΠΡΩΤΟ ΓΕΝ. ΝΟΣ. ΘΕΣ/ΝΙΚΗΣ «ΑΓΙΟΣ ΠΑΥΛΟΣ»,Β.2.2,0,36,"VERIFIED TOTAL (EUR)   : 43,336,702.63",
2026-08-15T18:57:06,99222015,ΠΡΩΤΟ ΓΕΝ. ΝΟΣ. ΘΕΣ/ΝΙΚΗΣ «ΑΓΙΟΣ ΠΑΥΛΟΣ»,Β.2.1,0,30,"VERIFIED TOTAL (EUR)   : 1,764,387.04",
2026-08-15T18:58:36,99221929,ΝΟΜ.ΓΕΝ. ΝΟΣΟΚΟΜΕΙΟ ΜΥΤΙΛΗΝΗΣ 'ΒΟΣΤΑΝΕΙΟ',Β.2.2,0,89,"VERIFIED TOTAL (EUR)   : 40,004,216.91",
2026-08-15T18:59:05,99221929,ΝΟΜ.ΓΕΝ. ΝΟΣΟΚΟΜΕΙΟ ΜΥΤΙΛΗΝΗΣ 'ΒΟΣΤΑΝΕΙΟ',Β.2.1,0,30,VERIFIED TOTAL (EUR)   : 0.00,
2026-08-15T19:01:40,99221908,ΝΟΜ.ΓΕΝ. ΝΟΣΟΚΟΜΕΙΟ ΘΕΣΣΑΛΟΝΙΚΗΣ 'ΑΓΙΟΣ ΔΗΜΗΤΡΙΟΣ',Β.2.2,0,155,"VERIFIED TOTAL (EUR)   : 40,761,861.91",
2026-08-15T19:02:09,99221908,ΝΟΜ.ΓΕΝ. ΝΟΣΟΚΟΜΕΙΟ ΘΕΣΣΑΛΟΝΙΚΗΣ 'ΑΓΙΟΣ ΔΗΜΗΤΡΙΟΣ',Β.2.1,0,29,VERIFIED TOTAL (EUR)   : 0.00,
2026-08-15T19:03:49,99221925,ΝΟΜ.ΓΕΝ. ΝΟΣΟΚΟΜΕΙΟ ΛΕΥΚΑΔΑΣ,Β.2.2,0,100,"VERIFIED TOTAL (EUR)   : 18,095,338.00",
2026-08-15T19:04:20,99221925,ΝΟΜ.ΓΕΝ. ΝΟΣΟΚΟΜΕΙΟ ΛΕΥΚΑΔΑΣ,Β.2.1,0,31,"VERIFIED TOTAL (EUR)   : 127,312.63",
2026-08-15T19:07:48,99221920,ΓΕΝΙΚΟ ΝΟΣΟΚΟΜΕΙΟ ΚΟΖΑΝΗΣ ΜΑΜΑΤΣΕΙΟ,Β.2.2,0,208,"VERIFIED TOTAL (EUR)   : 46,010,278.58",
2026-08-15T19:08:18,99221920,ΓΕΝΙΚΟ ΝΟΣΟΚΟΜΕΙΟ ΚΟΖΑΝΗΣ ΜΑΜΑΤΣΕΙΟ,Β.2.1,0,30,VERIFIED TOTAL (EUR)   : 0.00,
2026-08-15T19:09:51,99221903,ΝΟΜ.ΓΕΝ. ΝΟΣΟΚΟΜΕΙΟ ΔΡΑΜΑΣ,Β.2.2,0,93,"VERIFIED TOTAL (EUR)   : 53,059,310.72",
2026-08-15T19:10:20,99221903,ΝΟΜ.ΓΕΝ. ΝΟΣΟΚΟΜΕΙΟ ΔΡΑΜΑΣ,Β.2.1,0,29,"VERIFIED TOTAL (EUR)   : 2,931,254.33",
2026-08-15T19:12:40,99221890,ΝΟΜ.ΓΕΝ. ΝΟΣΟΚΟΜΕΙΟ ΑΘΗΝΩΝ 'Η ΕΛΠΙΣ',Β.2.2,0,139,"VERIFIED TOTAL (EUR)   : 44,634,126.40",
2026-08-15T19:13:10,99221890,ΝΟΜ.ΓΕΝ. ΝΟΣΟΚΟΜΕΙΟ ΑΘΗΝΩΝ 'Η ΕΛΠΙΣ',Β.2.1,0,31,"VERIFIED TOTAL (EUR)   : 10,630,000.48",
2026-08-15T19:15:29,99221921,ΝΟΜ.ΓΕΝ. ΝΟΣΟΚΟΜΕΙΟ ΚΟΜΟΤΗΝΗΣ,Β.2.2,0,139,"VERIFIED TOTAL (EUR)   : 50,443,919.76",
2026-08-15T19:16:01,99221921,ΝΟΜ.ΓΕΝ. ΝΟΣΟΚΟΜΕΙΟ ΚΟΜΟΤΗΝΗΣ,Β.2.1,0,32,"VERIFIED TOTAL (EUR)   : 1,062,438.37",
