rank,uid,label,ddqi,payee,kae,amount,names,recency,value_eur,rows
1,99221929,ΝΟΜ.ΓΕΝ. ΝΟΣΟΚΟΜΕΙΟ ΜΥΤΙΛΗΝΗΣ 'ΒΟΣΤΑΝΕ,99.1,35.0,25.0,20.0,9.1,10.0,40004216.91,7031
2,99221948,ΝΟΜ.ΓΕΝ. ΝΟΣΟΚΟΜΕΙΟ ΧΑΛΚΙΔΑΣ,97.4,35.0,25.0,18.0,9.4,10.0,57371010.58,9380
3,99221921,ΝΟΜ.ΓΕΝ. ΝΟΣΟΚΟΜΕΙΟ ΚΟΜΟΤΗΝΗΣ,97.2,35.0,25.0,18.0,9.2,10.0,51506358.13,7034
4,99221908,ΝΟΜ.ΓΕΝ. ΝΟΣΟΚΟΜΕΙΟ ΘΕΣΣΑΛΟΝΙΚΗΣ 'ΑΓΙΟ,91.8,35.0,25.0,20.0,1.8,10.0,40761861.91,9865
5,99221942,ΝΟΜ.ΓΕΝ. ΝΟΣΟΚΟΜΕΙΟ ΣΕΡΡΩΝ,88.7,35.0,25.0,10.0,8.7,10.0,76706573.91,10202
6,99221923,ΝΟΜ.ΓΕΝ. ΝΟΣΟΚΟΜΕΙΟ ΛΑΜΙΑΣ,88.4,34.7,25.0,10.0,8.7,10.0,118486800.96,13633
7,99222013,ΠΕΡΙΦ. ΠΑΝΕΠΙΣΤ. ΓΕΝ. ΝΟΣΟΚ. ΠΑΤΡΩΝ,85.8,35.0,25.0,6.0,9.9,10.0,142463428.38,7830
8,99221872,ΓΕΝΙΚΟ ΝΟΣΟΚΟΜΕΙΟ ΘΕΣΣΑΛΟΝΙΚΗΣ «Γ. ΓΕΝ,84.8,35.0,25.0,14.0,0.8,10.0,72770504.95,12981
9,99221912,ΝΟΜ.ΓΕΝ. ΝΟΣΟΚΟΜΕΙΟ ΚΑΛΑΜΑΤΑΣ,81.3,21.9,25.0,18.0,6.4,10.0,113846002.27,19757
10,99221900,ΝΟΜ.ΓΕΝ. ΝΟΣΟΚΟΜΕΙΟ ΓΙΑΝΝΙΤΣΩΝ,78.9,35.0,25.0,0.0,8.9,10.0,32309073573285.88,10377
11,99221486,Γ. ΠΑΝΑΡΚΑΔΙΚΟ ΝΟΣ. ΤΡΙΠΟΛΗΣ «Η ΕΥΑΓΓΕ,78.8,35.0,25.0,0.0,8.8,10.0,96906159365530.64,15702
12,99221992,ΠΕΡ.ΓΕΝ. ΝΟΣΟΚΟΜΕΙΟ ΑΘΗΝΩΝ 'Γ. ΓΕΝΝΗΜΑ,78.7,35.0,25.0,0.0,8.8,10.0,540653088.85,15104
13,99221891,ΝΟΜ.ΓΕΝ. ΝΟΣΟΚΟΜΕΙΟ ΑΘΗΝΩΝ 'ΚΟΡΓΙΑΛΕΝΕ,78.5,32.7,25.0,2.0,8.8,10.0,93007260.24,5521
14,99221994,ΠΕΡ.ΓΕΝ. ΝΟΣΟΚΟΜΕΙΟ ΑΘΗΝΩΝ (ΛΑΙΚΟ),78.5,35.0,25.0,0.0,8.5,10.0,535929684.0,16060
15,99221985,ΠΑΝΕΠΙΣΤΗΜΙΑΚΟ ΓΕΝΙΚΟ ΝΟΣΟΚΟΜΕΙΟ ΕΒΡΟΥ,78.4,35.0,24.8,0.0,8.6,10.0,254474290.57,19537
16,99221485,Γ. ΟΓΚΟΛΟΓΙΚΟ ΝΟΣ. ΚΗΦΙΣΙΑΣ «ΟΙ ΑΓΙΟΙ ,78.3,35.0,24.8,0.0,8.5,10.0,122731237.34,8923
17,99222004,ΠΕΡ.ΓΕΝ. ΝΟΣΟΚΟΜΕΙΟ ΝΟΣΗΜΑΤΩΝ ΘΩΡΑΚΑ Α,76.9,35.0,25.0,0.0,6.9,10.0,1126227428.26,20666
18,99222011,ΠΕΡΙΦ. ΠΑΝΕΠΙΣΤ. ΓΕΝ. ΝΟΣΟΚ. ΙΩΑΝΝΙΝΩΝ,76.5,35.0,22.8,0.0,8.7,10.0,372065312.61,17994
19,99221988,ΠΕΡ.ΓΕΝ. ΝΟΣΟΚΟΜΕΙO ΑΘΗΝΩΝ 'ΙΠΠΟΚΡΑΤΕΙ,75.4,33.6,23.2,0.0,8.6,10.0,443535814.2,18557
20,99221920,ΓΕΝΙΚΟ ΝΟΣΟΚΟΜΕΙΟ ΚΟΖΑΝΗΣ ΜΑΜΑΤΣΕΙΟ,73.4,35.0,25.0,2.0,1.5,10.0,46010278.58,11970
21,99221899,ΝΟΜ.ΓΕΝ. ΝΟΣΟΚΟΜΕΙΟ ΒΟΛΟΥ 'ΑΧΙΛΛΟΠΟΥΛΕ,72.6,35.0,12.1,14.0,1.5,10.0,36668632.55,4438
22,99221916,ΝΟΜ.ΓΕΝ. ΝΟΣΟΚΟΜΕΙΟ ΚΑΤΕΡΙΝΗΣ,72.0,35.0,25.0,0.0,2.0,10.0,107823399.1,10321
23,99221937,ΓΕΝΙΚΟ ΝΟΣΟΚΟΜΕΙΟ ΠΤΟΛΕΜΑΙΔΑΣ «ΜΠΟΔΟΣΑ,71.2,35.0,17.9,0.0,8.3,10.0,82737654.53,6210
24,99221999,ΓΕΝΙΚΟ ΝΟΣΟΚΟΜΕΙΟ ΘΕΣΣΑΛΟΝΙΚΗΣ «Γ. ΠΑΠ,70.8,35.0,24.5,0.0,1.3,10.0,401648481.59,40498
25,99222005,ΠΕΡ.ΓΕΝ. ΝΟΣΟΚΟΜΕΙΟ ΠΑΙΔΩΝ 'ΑΓΛΑΙΑ ΚΥΡ,69.4,23.6,14.7,12.0,9.1,10.0,71398538.32,7517
26,99222001,ΠΕΡ.ΓΕΝ. ΝΟΣΟΚΟΜΕΙΟ ΙΩΑΝ.'Γ.ΧΑΤΖΗΚΩΣΤΑ,64.7,28.9,24.6,0.0,1.1,10.0,169674718.93,23260
27,99222000,ΠΕΡ.ΓΕΝ. ΝΟΣΟΚΟΜΕΙΟ ΘΕΣΣΑΛΟΝΙΚΗΣ 'ΙΠΠΟ,64.4,20.2,25.0,0.0,9.2,10.0,393235823.22,14977
28,99221898,ΝΟΜ.ΓΕΝ. ΝΟΣΟΚΟΜΕΙΟ ΒΕΡΟΙΑΣ,62.6,35.0,0.0,10.0,7.6,10.0,49201876.53,10113
29,99221897,ΝΟΜ.ΓΕΝ. ΝΟΣΟΚΟΜΕΙΟ ΑΡΤΑΣ,61.6,25.8,25.0,0.0,0.8,10.0,107585731.19,16217
30,99221483,ΑΝΤΙΚΑΡΚΙΝΙΚΟ  ΓΕΝ.ΝΟΣΟΚΟΜΕΙΟ ΘΕΣ/ΝΙΚΗ,61.2,35.0,15.7,0.0,0.5,10.0,331160614.66,23298
31,99221998,ΠΑΝΕΠΙΣΤΗΜΙΑΚΟ ΓΕΝΙΚΟ ΝΟΣΟΚΟΜΕΙΟ ΘΕΣΣΑ,61.0,25.0,25.0,0.0,1.0,10.0,429742242.9,27381
32,99221484,Γ. ΑΝΤΙΚΑΡΚΙΝΙΚΟ ΝΟΣΟΚΟΜΕΙΟ«ΑΓ. ΣΑΒΒΑΣ,60.1,15.8,25.0,0.0,9.4,10.0,256684580.68,10907
33,99221890,ΝΟΜ.ΓΕΝ. ΝΟΣΟΚΟΜΕΙΟ ΑΘΗΝΩΝ 'Η ΕΛΠΙΣ',59.2,35.0,15.1,8.0,1.1,0.0,55264126.88,10129
34,99221993,ΠΕΡ.ΓΕΝ. ΝΟΣΟΚΟΜΕΙΟ ΑΘΗΝΩΝ 'Ο ΕΥΑΓΓΕΛΙ,58.7,35.0,5.5,0.0,8.2,10.0,1220949205.34,15917
35,99222002,ΓΕΝΙΚΟ ΝΟΣΟΚΟΜΕΙΟ ΛΑΡΙΣΑΣ ΚΟΥΤΛΙΜΠΑΝΕΙ,57.5,32.7,2.7,8.0,4.1,10.0,146531305.84,16125
36,99221925,ΝΟΜ.ΓΕΝ. ΝΟΣΟΚΟΜΕΙΟ ΛΕΥΚΑΔΑΣ,57.4,18.2,0.0,20.0,9.2,10.0,35088572.46,7494
37,99221887,ΝΟΜ.ΓΕΝ. ΝΟΣΟΚΟΜΕΙΟ - Κ.Υ ΦΙΛΙΑΤΩΝ,57.3,7.2,25.0,10.0,5.1,10.0,80780531.21,10903
38,99221870,ΓΕΝΙΚΟ ΝΟΣΟΚΟΜΕΙΟ «ΕΛΕΝΑ ΒΕΝΙΖΕΛΟΥ-ΑΛΕ,53.8,26.9,10.2,6.0,0.7,10.0,69761634.1,11977
39,99221940,ΝΟΜ.ΓΕΝ. ΝΟΣΟΚΟΜΕΙΟ ΡΟΔΟΥ,53.6,24.9,17.4,6.0,5.2,0.1,123479543.54,7734
40,99221996,ΓΕΝΙΚΟ ΝΟΣΟΚΟΜΕΙΟ ΑΤΤΙΚΗΣ (ΚΑΤ),53.5,35.0,0.0,0.0,8.5,10.0,248555788.17,13484
41,99221911,ΝΟΜ.ΓΕΝ. ΝΟΣΟΚΟΜΕΙΟ ΚΑΒΑΛΑΣ,53.3,32.4,2.5,0.0,8.4,10.0,129358952.5,12339
42,99222006,ΠΕΡ.ΓΕΝ. ΝΟΣΟΚΟΜΕΙΟ ΠΑΙΔΩΝ 'Η ΑΓΙΑ ΣΟΦ,53.1,34.0,0.0,0.0,9.0,10.0,177142699.66,15063
43,99221986,Π.Γ.Ν. «ΑΤΤΙΚΟΝ» - Γ.Ν.Δ.Α. «Η ΑΓΙΑ ΒΑ,52.9,35.0,0.0,0.0,7.9,10.0,575438269.57,13114
44,99221903,ΝΟΜ.ΓΕΝ. ΝΟΣΟΚΟΜΕΙΟ ΔΡΑΜΑΣ,52.2,33.3,0.0,0.0,9.0,10.0,58907138.74,5744
45,99222007,ΠΕΡ.ΓΕΝ. ΝΟΣΟΚΟΜΕΙΟ ΠΑΤΡΩΝ 'ΑΓΙΟΣ ΑΝΔΡ,52.2,35.0,15.9,0.0,1.3,0.0,156483657.3,11714
46,99221905,ΝΟΜ.ΓΕΝ. ΝΟΣΟΚΟΜΕΙΟ ΕΔΕΣΣΑΣ,50.9,7.2,24.7,0.0,9.0,10.0,165641326.04,16360
47,99222015,ΠΡΩΤΟ ΓΕΝ. ΝΟΣ. ΘΕΣ/ΝΙΚΗΣ «ΑΓΙΟΣ ΠΑΥΛΟ,49.1,25.2,3.1,8.0,2.8,10.0,62648032.76,9467
48,99222003,ΓΕΝΙΚΟ ΝΟΣΟΚΟΜΕΙΟ ΝΙΚΑΙΑΣ ΠΕΙΡΑΙΑ ΑΓΙΟ,46.6,35.0,0.0,0.0,1.6,10.0,205791451.07,19844
49,99221950,ΝΟΜ.ΓΕΝ. ΝΟΣΟΚΟΜΕΙΟ ΧΑΝΙΩΝ 'ΑΓΙΟΣ ΓΕΩΡ,45.5,10.5,0.0,16.0,8.9,10.0,59523263.56,2377
50,99221917,ΝΟΜ.ΓΕΝ. ΝΟΣΟΚΟΜΕΙΟ ΚΕΡΚΥΡΑΣ,36.8,22.5,1.1,0.0,3.2,10.0,95925997.48,16129
