ada,date,subject,qty,unit,total,official,discount_pct
605Σ46907Κ-Η79,2022-06-09,TYSABRI C/S.SOL.IN 300MG/VIAL (20MG/ML) BT x 1 VIAL x 1,15,985.96,14631.61,1037.85,5.0
60ΜΘ46907Κ-ΡΥΩ,2022-09-01,HERCEPTIN INJ.SOL 600MG/5ML BTx1VIALx5ML,14,1019.63,14274.79,1012.54,-0.7
61ΜΚ46907Κ-Κ8Ω,2022-03-15,TECENTRIQ C/S.SOL.IN 1200MG/VIAL (20ML) 1 VIAL x 20ML,4,3309.21,13236.86,3286.21,-0.7
61ΤΕ46907Κ-Η0Μ,2022-06-09,TYSABRI C/S.SOL.IN 300MG/VIAL (20MG/ML) BT x 1 VIAL x 1,15,985.96,14631.61,1037.85,5.0
62ΚΛ46907Κ-ΩΑΛ,2022-06-10,TECENTRIQ C/S.SOL.IN 1200MG/VIAL (20ML) 1 VIAL x 20ML,4,3309.21,13236.86,3286.21,-0.7
63ΞΘ46907Κ-Π43,2022-12-13,OPDIVO C/S.SOL.IN 10MG/ML BTx1VIALx10ML,16,921.88,14750.05,915.47,-0.7
64ΜΙ46907Κ-1ΝΖ,2022-06-22,ΒΕΛΟΝΕΣ ΧΗΜΕΙΟΘΕΡΑΠΕΙΑΣ G20X20MM,1,1.48,2.45,,
64ΝΦ46907Κ-2ΜΤ,2022-10-31,BAVENCIO C/S.SOL.IN 20MG/ML BTx1 VIAL x 10ML,21,694.85,14591.85,690.02,-0.7
65ΡΧ46907Κ-Π3Χ,2022-11-11,"HALAVEN INJ.SOL 0,44MG/ML BTx1VIALx2ML",53,279.81,14830.2,277.87,-0.7
665Σ46907Κ-ΥΥΨ,2022-03-11,ΚΑΘΕΤΗΡΕΣ,2,2.44,4.0,,
68ΞΝ46907Κ-ΘΓ0,2022-05-30,"REPLAGAL C/S.SOL.IN 1MG/ML BTx 1 VIAL x 3,5 ML",12,1207.31,14487.75,1198.92,-0.7
69ΛΣ46907Κ-ΧΩΗ,2022-05-11,PERJETA C/S.SOL.IN 420MG/VIAL (30MG/ML) BTx1 VIAL x 14M,7,2024.06,14168.42,2009.99,-0.7
6Α2Ω46907Κ-Μ89,2022-08-10,PERJETA C/S.SOL.IN 420MG/VIAL (30MG/ML) BTx1 VIAL x 14M,7,2024.06,14168.42,2009.99,-0.7
6ΑΦΗ46907Κ-ΕΙΝ,2022-02-01,MVASI® C/S.SOL.IN 25MG/ML 1 VIAL x 4ML,83,179.93,14934.3,192.5,6.5
6ΒΥΡ46907Κ-ΜΚΔ,2021-11-16,OPDIVO C/S.SOL.IN 10MG/ML BTx1VIALx24ML,6,2233.27,13399.65,2217.75,-0.7
6Γ8Κ46907Κ-6Η1,2022-08-24,VECTIBIX C/S.SOL.IN 100MG/5ML VIAL BT x 1 VIAL x 5 ML,52,268.65,13969.83,282.79,5.0
6ΓΔ046907Κ-62Ζ,2022-05-19,ZAVICEFTA PD.C.S.INF (2+0.5)G /VIAL BTx10 VIALSx20ML,16,917.19,14674.97,910.81,-0.7
6ΔΙΖ46907Κ-ΤΚΕ,2021-12-20,BAVENCIO C/S.SOL.IN 20MG/ML BTx1 VIAL x 10ML,4,747.14,2988.57,741.95,-0.7
6ΔΞΚ46907Κ-ΓΒΕ,2021-11-16,OPDIVO C/S.SOL.IN 10MG/ML BTx1VIALx24ML,6,2233.27,13399.65,2217.75,-0.7
6ΔΤΩ46907Κ-Ρ4Ψ,2022-01-17,ZAVICEFTA PD.C.S.INF (2+0.5)G /VIAL BTx10 VIALSx20ML,16,917.19,14674.97,910.81,-0.7
6Ε9Π46907Κ-8Χ6,2022-08-18,ERBITUX SOL.INF 5MG/ML BT x 1 VIAL x 20 ML,111,133.94,14867.45,133.01,-0.7
6ΕΜΕ46907Κ-ΗΑ6,2022-06-07,MVASI® C/S.SOL.IN 25MG/ML 1 VIAL x 16ML,32,455.43,14573.64,704.34,35.3
6ΗΧΖ46907Κ-ΗΙ6,2022-01-19,BAVENCIO C/S.SOL.IN 20MG/ML BTx1 VIAL x 10ML,21,694.85,14591.85,690.02,-0.7
6ΘΔΣ46907Κ-ΞΕΙ,2023-01-13,"HALAVEN INJ.SOL 0,44MG/ML BTx1VIALx2ML",53,277.4,14702.11,275.47,-0.7
6ΘΚΚ46907Κ-Ν60,2021-08-31,KEYTRUDA C/S.SOL.IN 25MG/ML BTx1 VIALx4ML,7,2009.13,14063.9,2347.25,14.4
6ΘΧ946907Κ-Υ46,2022-05-12,IMFINZI C/S.SOL.IN 50MG/ML BTx 1 VIALX10 ML,7,2067.72,14474.07,2053.35,-0.7
6ΛΡΞ46907Κ-ΦΙΤ,2022-11-01,OCREVUS C/S.SOL.IN 300MG/VIAL BTx1 VIAL x 10ML,3,4453.26,13359.77,4422.3,-0.7
6Μ5646907Κ-Ι4Υ,2022-04-13,VECTIBIX C/S.SOL.IN 100MG/5ML VIAL BT x 1 VIAL x 5 ML,52,268.65,13969.83,282.79,5.0
6ΜΣΜ46907Κ-32Τ,2022-02-14,VECTIBIX C/S.SOL.IN 100MG/5ML VIAL BT x 1 VIAL x 5 ML,52,268.65,13969.83,282.79,5.0
6ΝΒΖ46907Κ-ΠΜ3,2022-01-10,"HALAVEN INJ.SOL 0,44MG/ML BTx1VIALx2ML",53,279.81,14830.2,277.87,-0.7
6ΝΓ146907Κ-ΩΦΚ,2022-02-09,KEYTRUDA C/S.SOL.IN 25MG/ML BTx1 VIALx4ML,7,1996.28,13973.97,2332.24,14.4
6ΞΛ946907Κ-05Υ,2022-08-09,ΙMFINZI C/S.SOL.IN 50MG/ML BTx 1 VIALX10 ML,7,2067.72,14474.07,2053.35,-0.7
6ΞΨΙ46907Κ-ΔΘΝ,2021-11-03,VECTIBIX C/S.SOL.IN 100MG/5ML VIAL BT x 1 VIAL x 5 ML,50,289.13,14456.49,287.12,-0.7
6Π3446907Κ-5ΜΨ,2022-09-07,OCREVUS C/S.SOL.IN 300MG/VIAL BTx1 VIAL x 10ML,3,4453.26,13359.77,4422.3,-0.7
6ΠΒΦ46907Κ-ΜΚΘ,2022-08-11,KEYTRUDA C/S.SOL.IN 25MG/ML BTx1 VIALx4ML,7,1996.28,13973.97,2332.24,14.4
6Ρ9Ν46907Κ-7ΧΙ,2022-08-22,OPDIVO C/S.SOL.IN 10MG/ML BTx1 VIAL x 10ML,16,921.88,14750.05,915.47,-0.7
6ΡΣ346907Κ-45Π,2022-03-17,IMFINZI C/S.SOL.IN 50MG/ML BTx 1 VIALX10 ML,7,2067.72,14474.07,2053.35,-0.7
6Τ7946907Κ-3Δ1,2022-02-21,OCREVUS C/S.SOL.IN 300MG/VIAL BTx1 VIAL x 10ML,3,4453.26,13359.77,4422.3,-0.7
6ΦΥΥ46907Κ-7Α4,2021-09-06,TRUXIMA C/S.SOL.IN 100MG/10ML VIAL (10MG/ML) BTx2 VIALS,65,227.92,14815.09,226.34,-0.7
6Ω3346907Κ-8ΑΧ,2022-01-19,ERBITUX SOL.INF 5MG/ML BT x 1 VIAL x 20 ML,111,133.94,14867.45,133.01,-0.7
6ΩΣ546907Κ-ΥΞΚ,2024-05-28,ΒΕΛΟΝΕΣ ΧΗΜΕΙΟΘΕΡΑΠΕΙΑΣ G20X20MM,1,1.46,2.35,,
908Υ46907Κ-ΛΘΗ,2023-01-16,MVASI® C/S.SOL.IN 25MG/ML 1 VIAL x 4ML,132,113.46,14976.5,179.02,36.6
95ΡΛ46907Κ-ΩΔ3,2022-02-18,OCREVUS C/S.SOL.IN 300MG/VIAL BTx1 VIAL x 10ML,3,4453.26,13359.77,4422.3,-0.7
96Α046907Κ-ΓΛΩ,2022-08-29,"REPLAGAL C/S.SOL.IN 1MG/ML BTx 1 VIAL x 3,5 ML",12,1207.31,14487.75,1198.92,-0.7
96ΓΕ46907Κ-8ΣΦ,2021-08-26,TECENTRIQ C/S.SOL.IN 1200MG/VIAL (20ML) 1 VIAL x 20ML,4,3558.29,14233.18,3533.56,-0.7
99ΩΧ46907Κ-61Σ,2022-10-21,TRUXIMA C/S.SOL.IN 100MG/10ML VIAL (10MG/ML) BTx2 VIALS,65,227.92,14815.09,226.34,-0.7
9Δ3Π46907Κ-5ΨΔ,2022-02-01,TRUXIMA C/S.SOL.IN 100MG/10ML VIAL (10MG/ML) BTx2 VIALS,65,227.92,14815.09,226.34,-0.7
9Θ9046907Κ-7ΝΒ,2022-10-31,BAVENCIO C/S.SOL.IN 20MG/ML BTx1 VIAL x 10ML,21,694.85,14591.85,690.02,-0.7
9ΘΞΡ46907Κ-2Ω5,2022-08-09,ΙMFINZI C/S.SOL.IN 50MG/ML BTx 1 VIALX10 ML,7,2067.72,14474.07,2053.35,-0.7
9ΞΚΡ46907Κ-ΛΣΗ,2022-02-16,TRUXIMA C/S.SOL.IN 100MG/10ML VIAL (10MG/ML) BTx2 VIALS,65,227.92,14815.09,226.34,-0.7
9Υ3Π46907Κ-ΣΞ6,2023-01-17,TECENTRIQ C/S.SOL.IN 1200MG/VIAL (20ML) 1 VIAL x 20ML,4,3084.61,12338.45,3063.17,-0.7
9ΦΙΛ46907Κ-8Δ6,2022-11-07,ZAVICEFTA PD.C.S.INF (2+0.5)G /VIAL BTx10 VIALSx20ML,16,917.19,14674.97,910.81,-0.7
9ΧΣ546907Κ-ΘΦΔ,2022-08-09,ΙMFINZI C/S.SOL.IN 50MG/ML BTx 1 VIALX10 ML,7,2067.72,14474.07,2053.35,-0.7
Ψ0ΑΥ46907Κ-Ζ54,2022-05-16,ERBITUX SOL.INF 5MG/ML BT x 1 VIAL x 20 ML,111,133.94,14867.45,133.01,-0.7
Ψ0ΧΕ46907Κ-4Μ8,2022-01-12,OPDIVO C/S.SOL.IN 10MG/ML BTx1VIALx24ML,6,2233.27,13399.65,2217.75,-0.7
Ψ1ΑΒ46907Κ-ΖΝΞ,2022-08-10,PERJETA C/S.SOL.IN 420MG/VIAL (30MG/ML) BTx1 VIAL x 14M,7,2024.06,14168.42,2009.99,-0.7
Ψ40Ξ46907Κ-ΜΘΒ,2023-01-16,MVASI® C/S.SOL.IN 25MG/ML 1 VIAL x 16ML,33,447.29,14758.23,704.34,36.5
Ψ4ΘΞ46907Κ-ΧΜΞ,2022-01-13,OPDIVO C/S.SOL.IN 10MG/ML BTx1 VIAL x 10ML,16,921.88,14750.05,915.47,-0.7
Ψ4ΛΝ46907Κ-ΝΔΨ,2022-11-18,KEYTRUDA C/S.SOL.IN 25MG/ML BTx1 VIALx4ML,6,2348.57,14091.41,2332.24,-0.7
Ψ5ΖΖ46907Κ-ΗΘΟ,2021-10-25,OPDIVO C/S.SOL.IN 10MG/ML BTx1VIALx24ML,6,2233.27,13399.65,2217.75,-0.7
Ψ5ΚΥ46907Κ-4ΧΣ,2022-07-19,IMFINZI C/S.SOL.IN 50MG/ML BTx 1 VIALX10 ML,7,2067.72,14474.07,2053.35,-0.7
Ψ5ΟΤ46907Κ-4Φ5,2022-03-17,IMFINZI C/S.SOL.IN 50MG/ML BTx 1 VIALX10 ML,7,2067.72,14474.07,2053.35,-0.7
Ψ5Σ646907Κ-16Β,2022-11-01,OCREVUS C/S.SOL.IN 300MG/VIAL BTx1 VIAL x 10ML,3,4453.26,13359.77,4422.3,-0.7
Ψ66Ψ46907Κ-ΗΞΟ,2022-08-09,ΙMFINZI C/S.SOL.IN 50MG/ML BTx 1 VIALX10 ML,7,2067.72,14474.07,2053.35,-0.7
Ψ6Τ146907Κ-4ΓΙ,2022-05-16,ERBITUX SOL.INF 5MG/ML BT x 1 VIAL x 20 ML,111,133.94,14867.45,133.01,-0.7
Ψ7ΛΙ46907Κ-Γ1Α,2022-05-17,OPDIVO C/S.SOL.IN 10MG/ML BTx1VIALx10ML,16,921.88,14750.05,915.47,-0.7
Ψ7Υ346907Κ-ΛΥΜ,2022-03-17,IMFINZI C/S.SOL.IN 50MG/ML BTx 1 VIALX10 ML,7,2067.72,14474.07,2053.35,-0.7
Ψ9Π346907Κ-ΣΟΚ,2022-02-10,KEYTRUDA C/S.SOL.IN 25MG/ML BTx1 VIALx4ML,7,1996.28,13973.97,2332.24,14.4
ΨΑ0Μ46907Κ-ΗΘΧ,2022-05-17,OPDIVO C/S.SOL.IN 10MG/ML BTx1VIALx10ML,16,921.88,14750.05,915.47,-0.7
ΨΑΠΛ46907Κ-ΟΩΑ,2022-08-22,OPDIVO C/S.SOL.IN 10MG/ML BTx1 VIAL x 10ML,16,921.88,14750.05,915.47,-0.7
ΨΓΔΓ46907Κ-Τ6Ξ,2022-11-08,PERJETA C/S.SOL.IN 420MG/VIAL (30MG/ML) BTx1 VIAL x 14M,7,2024.06,14168.42,2009.99,-0.7
ΨΓΨΧ46907Κ-63Φ,2022-11-01,TYSABRI C/S.SOL.IN 300MG/VIAL (20MG/ML) BT x 1 VIAL x 1,15,985.96,14631.61,1037.85,5.0
ΨΔΙ446907Κ-ΥΚΔ,2023-01-18,HERCEPTIN INJ.SOL 600MG/5ML BTx1VIALx5ML,15,948.25,14223.78,941.66,-0.7
ΨΕΠΡ46907Κ-8Ψ1,2022-05-31,"REPLAGAL C/S.SOL.IN 1MG/ML BTx 1 VIAL x 3,5 ML",12,1207.31,14487.75,1198.92,-0.7
ΨΘ6Λ46907Κ-ΖΦΛ,2022-06-07,MVASI® C/S.SOL.IN 25MG/ML 1 VIAL x 16ML,32,455.43,14573.64,704.34,35.3
ΨΘΚ646907Κ-9ΞΞ,2022-08-22,OPDIVO C/S.SOL.IN 10MG/ML BTx1 VIAL x 10ML,16,921.88,14750.05,915.47,-0.7
ΨΘΝΞ46907Κ-ΝΞΟ,2022-08-09,ΙMFINZI C/S.SOL.IN 50MG/ML BTx 1 VIALX10 ML,7,2067.72,14474.07,2053.35,-0.7
ΨΘΝΟ46907Κ-ΘΕΓ,2021-10-25,OPDIVO C/S.SOL.IN 10MG/ML BTx1VIALx24ML,6,2233.27,13399.65,2217.75,-0.7
ΨΚ8946907Κ-Μ3Φ,2022-04-08,OPDIVO C/S.SOL.IN 10MG/ML BTx1VIALx10ML,16,921.88,14750.05,915.47,-0.7
ΨΛΒΜ46907Κ-63Γ,2022-10-31,TECENTRIQ C/S.SOL.IN 1200MG/VIAL (20ML) 1 VIAL x 20ML,4,3309.21,13236.86,3286.21,-0.7
ΨΜ0Λ46907Κ-ΥΕΟ,2022-06-10,"HALAVEN INJ.SOL 0,44MG/ML BTx1VIALx2ML",53,279.81,14830.2,277.87,-0.7
ΨΜ7Ρ46907Κ-3ΙΝ,2024-08-12,ΒΕΛΟΝΕΣ ΧΗΜΕΙΟΘΕΡΑΠΕΙΑΣ G20X20MM,1,1.64,2.1,,
ΨΝΑ346907Κ-ΝΡΒ,2022-05-30,"REPLAGAL C/S.SOL.IN 1MG/ML BTx 1 VIAL x 3,5 ML",12,1207.31,14487.75,1198.92,-0.7
ΨΡ6Η46907Κ-8Σ9,2022-01-18,ERBITUX SOL.INF 5MG/ML BT x 1 VIAL x 20 ML,111,133.94,14867.45,133.01,-0.7
ΨΣΕΩ46907Κ-ΦΑ2,2023-01-18,HERCEPTIN INJ.SOL 600MG/5ML BTx1VIALx5ML,15,948.25,14223.78,941.66,-0.7
ΨΤΩΞ46907Κ-Α1Κ,2022-08-18,BAVENCIO C/S.SOL.IN 20MG/ML BTx1 VIAL x 10ML,21,694.85,14591.85,690.02,-0.7
ΨΥΗΝ46907Κ-ΥΔΘ,2022-01-13,ΒΕΛΟΝΕΣ ΧΗΜΕΙΟΘΕΡΑΠΕΙΑΣ G20X20MM,1,1.67,2.2,,
ΨΥΞΘ46907Κ-ΓΙΓ,2022-01-13,OPDIVO C/S.SOL.IN 10MG/ML BTx1 VIAL x 10ML,16,921.88,14750.05,915.47,-0.7
ΨΦ9Φ46907Κ-3ΤΡ,2022-06-06,MVASI® C/S.SOL.IN 25MG/ML 1 VIAL x 4ML,127,117.74,14952.58,192.5,38.8
ΨΦΠΕ46907Κ-ΟΓΚ,2023-01-16,MVASI® C/S.SOL.IN 25MG/ML 1 VIAL x 4ML,132,113.46,14976.5,179.02,36.6
ΨΧ8Π46907Κ-Ζ9Ζ,2022-10-21,TRUXIMA C/S.SOL.IN 100MG/10ML VIAL (10MG/ML) BTx2 VIALS,65,227.92,14815.09,226.34,-0.7
Ω21Δ46907Κ-7ΥΛ,2021-08-20,"HALAVEN INJ.SOL 0,44MG/ML BTx1VIALx2ML",30,279.81,8394.46,277.87,-0.7
Ω8Ζ246907Κ-Η2Μ,2022-11-01,TYSABRI C/S.SOL.IN 300MG/VIAL (20MG/ML) BT x 1 VIAL x 1,15,985.96,14631.61,1037.85,5.0
Ω8Σ846907Κ-ΗΩΨ,2022-09-06,ZAVICEFTA PD.C.S.INF (2+0.5)G /VIAL BTx10 VIALSx20ML,16,917.19,14674.97,910.81,-0.7
ΩΑ6Υ46907Κ-ΥΝΠ,2022-01-14,ZAVICEFTA PD.C.S.INF (2+0.5)G /VIAL BTx10 VIALSx20ML,16,917.19,14674.97,910.81,-0.7
ΩΔ3Μ46907Κ-Β51,2021-09-06,PERJETA C/S.SOL.IN 420MG/VIAL (30MG/ML) BTx1 VIAL x 14M,7,2071.78,14502.47,2057.38,-0.7
ΩΖ0Ο46907Κ-Φ0Ρ,2022-09-02,HERCEPTIN INJ.SOL 600MG/5ML BTx1VIALx5ML,14,1019.63,14274.79,1012.54,-0.7
ΩΖ3Ρ46907Κ-ΖΝ3,2022-06-09,TYSABRI C/S.SOL.IN 300MG/VIAL (20MG/ML) BT x 1 VIAL x 1,15,985.96,14631.61,1037.85,5.0
ΩΖ8Σ46907Κ-ΓΧΛ,2022-05-17,OPDIVO C/S.SOL.IN 10MG/ML BTx1VIALx10ML,16,921.88,14750.05,915.47,-0.7
ΩΖΛΕ46907Κ-2ΩΑ,2022-06-10,HERCEPTIN INJ.SOL 600MG/5ML BTx1VIALx5ML,14,1019.63,14274.79,1012.54,-0.7
ΩΖΜΡ46907Κ-Η3Λ,2022-03-14,MVASI® C/S.SOL.IN 25MG/ML 1 VIAL x 4ML,87,170.93,14871.15,192.5,11.2
ΩΖΟ746907Κ-7ΓΝ,2022-10-25,MVASI® C/S.SOL.IN 25MG/ML 1 VIAL x 16ML,32,455.43,14573.64,704.34,35.3
ΩΣΞΠ46907Κ-1Υ6,2022-10-25,MVASI® C/S.SOL.IN 25MG/ML 1 VIAL x 16ML,32,455.43,14573.64,704.34,35.3
ΩΤ8Δ46907Κ-ΦΔΕ,2022-12-13,"REPLAGAL C/S.SOL.IN 1MG/ML BTx 1 VIAL x 3,5 ML",12,1207.31,14487.75,1198.92,-0.7
ΩΥΚΛ46907Κ-69Ω,2022-04-13,VECTIBIX C/S.SOL.IN 100MG/5ML VIAL BT x 1 VIAL x 5 ML,52,268.65,13969.83,282.79,5.0
