rank,uid,label,vat,all_value,named_value,anon_value,suspect_value,b21_share_pct,anon_share_pct,payments
1,99221993,ΠΕΡ.ΓΕΝ. ΝΟΣΟΚΟΜΕΙΟ ΑΘΗΝΩΝ 'Ο ΕΥΑΓΓΕΛΙΣΜΟΣ',999336270,171296367.57,171296367.57,0.0,0.0,0.3,0.0,2930
2,99221986,Π.Γ.Ν. «ΑΤΤΙΚΟΝ» - Γ.Ν.Δ.Α. «Η ΑΓΙΑ ΒΑΡΒΑΡΑ» ΟΡΓΑΝΙΚΗ ΜΟΝΑΔΑ ΕΔΡΑΣ Π.Γ.Ν. «ΑΤΤΙΚΟΝ»,999696736,133519523.82,133519523.82,0.0,0.0,0.2,0.0,3465
3,99222000,ΠΕΡ.ΓΕΝ. ΝΟΣΟΚΟΜΕΙΟ ΘΕΣΣΑΛΟΝΙΚΗΣ 'ΙΠΠΟΚΡΑΤΕΙO',999432325,106348796.46,65914480.29,40434316.17,0.0,0.2,38.0,5128
4,99222013,ΠΕΡΙΦ. ΠΑΝΕΠΙΣΤ. ΓΕΝ. ΝΟΣΟΚ. ΠΑΤΡΩΝ,999100816,105755650.29,105755650.29,0.0,0.0,0.0,0.0,5686
5,99221992,ΠΕΡ.ΓΕΝ. ΝΟΣΟΚΟΜΕΙΟ ΑΘΗΝΩΝ 'Γ. ΓΕΝΝΗΜΑΤΑΣ',999332756,99137765.14,99137765.14,0.0,0.0,0.0,0.0,3168
6,99221988,ΠΕΡ.ΓΕΝ. ΝΟΣΟΚΟΜΕΙO ΑΘΗΝΩΝ 'ΙΠΠΟΚΡΑΤΕΙΟ',999332732,97970392.44,97970392.44,0.0,0.0,0.1,0.0,6608
7,99221998,ΠΑΝΕΠΙΣΤΗΜΙΑΚΟ ΓΕΝΙΚΟ ΝΟΣΟΚΟΜΕΙΟ ΘΕΣΣΑΛΟΝΙΚΗΣ ΑΧΕΠΑ,090024750,84691410.74,69442136.87,15249273.87,0.0,0.2,18.0,7012
8,99221999,ΓΕΝΙΚΟ ΝΟΣΟΚΟΜΕΙΟ ΘΕΣΣΑΛΟΝΙΚΗΣ «Γ. ΠΑΠΑΝΙΚΟΛΑΟΥ»,999294028,79575239.95,79575239.95,0.0,0.0,0.0,0.0,10833
9,99221994,ΠΕΡ.ΓΕΝ. ΝΟΣΟΚΟΜΕΙΟ ΑΘΗΝΩΝ (ΛΑΙΚΟ),999332719,74096532.34,74096532.34,0.0,45412150.0,0.1,0.0,3587
10,99221996,ΓΕΝΙΚΟ ΝΟΣΟΚΟΜΕΙΟ ΑΤΤΙΚΗΣ (ΚΑΤ),998965064,61337473.42,61337473.42,0.0,0.0,0.0,0.0,3435
11,99222011,ΠΕΡΙΦ. ΠΑΝΕΠΙΣΤ. ΓΕΝ. ΝΟΣΟΚ. ΙΩΑΝΝΙΝΩΝ,999426853,57263422.95,57263422.95,0.0,999426109.0,0.0,0.0,3246
12,99222004,ΠΕΡ.ΓΕΝ. ΝΟΣΟΚΟΜΕΙΟ ΝΟΣΗΜΑΤΩΝ ΘΩΡΑΚΑ ΑΘΗΝΩΝ 'Η ΣΩΤΗΡΙΑ,999332720,49442795.96,49442795.96,0.0,303167158.0,0.0,0.0,3149
13,99221483,ΑΝΤΙΚΑΡΚΙΝΙΚΟ  ΓΕΝ.ΝΟΣΟΚΟΜΕΙΟ ΘΕΣ/ΝΙΚΗΣ 'ΘΕΑΓΕΝΕΙΟ,999432337,48675461.0,48675461.0,0.0,0.0,34.7,0.0,5041
14,99222003,ΓΕΝΙΚΟ ΝΟΣΟΚΟΜΕΙΟ ΝΙΚΑΙΑΣ ΠΕΙΡΑΙΑ ΑΓΙΟΣ ΠΑΝΤΕΛΕΗΜΩΝ,999516730,45416639.47,45383786.64,32852.83,0.0,0.0,0.1,3476
15,99221905,ΝΟΜ.ΓΕΝ. ΝΟΣΟΚΟΜΕΙΟ ΕΔΕΣΣΑΣ,999834338,45264555.4,9026404.39,36238151.01,1800688889.0,0.1,80.1,2132
16,99221985,ΠΑΝΕΠΙΣΤΗΜΙΑΚΟ ΓΕΝΙΚΟ ΝΟΣΟΚΟΜΕΙΟ ΕΒΡΟΥ,999387835,45093542.2,45093542.2,0.0,2092269684.0,2.3,0.0,4672
17,99221891,ΝΟΜ.ΓΕΝ. ΝΟΣΟΚΟΜΕΙΟ ΑΘΗΝΩΝ 'ΚΟΡΓΙΑΛΕΝΕΙΟ ΜΠΕΝΑΚΕΙΟ',090013225,42794796.3,42794796.3,0.0,0.0,0.0,0.0,2626
18,99222007,ΠΕΡ.ΓΕΝ. ΝΟΣΟΚΟΜΕΙΟ ΠΑΤΡΩΝ 'ΑΓΙΟΣ ΑΝΔΡΕΑΣ',999378003,41066697.06,41066697.06,0.0,0.0,0.0,0.0,3184
19,99221484,Γ. ΑΝΤΙΚΑΡΚΙΝΙΚΟ ΝΟΣΟΚΟΜΕΙΟ«ΑΓ. ΣΑΒΒΑΣ»,090158739,34494454.51,30389872.16,4104582.35,0.0,0.1,11.9,3468
20,99222006,ΠΕΡ.ΓΕΝ. ΝΟΣΟΚΟΜΕΙΟ ΠΑΙΔΩΝ 'Η ΑΓΙΑ ΣΟΦΙΑ',999332770,31787620.47,31439332.19,348288.28,996985473.0,5.6,1.1,3752
21,99222002,ΓΕΝΙΚΟ ΝΟΣΟΚΟΜΕΙΟ ΛΑΡΙΣΑΣ ΚΟΥΤΛΙΜΠΑΝΕΙΟ ΚΑΙ ΤΡΙΑΝΤΑΦΥΛΛΕΙΟ,996956397,30253836.05,28769184.05,1484652.0,0.0,0.0,4.9,4017
22,99221911,ΝΟΜ.ΓΕΝ. ΝΟΣΟΚΟΜΕΙΟ ΚΑΒΑΛΑΣ,999157568,29240722.94,29240722.94,0.0,0.0,0.1,0.0,4313
23,99221897,ΝΟΜ.ΓΕΝ. ΝΟΣΟΚΟΜΕΙΟ ΑΡΤΑΣ,999130600,25922727.28,19045197.91,6877529.37,0.0,7.4,26.5,2434
24,99221923,ΝΟΜ.ΓΕΝ. ΝΟΣΟΚΟΜΕΙΟ ΛΑΜΙΑΣ,999354460,25205816.71,25205816.71,0.0,0.0,0.0,0.0,3459
25,99221899,ΝΟΜ.ΓΕΝ. ΝΟΣΟΚΟΜΕΙΟ ΒΟΛΟΥ 'ΑΧΙΛΛΟΠΟΥΛΕIO',999501452,23791779.93,23791779.93,0.0,43205900022002.0,1.6,0.0,3453
26,99222001,ΠΕΡ.ΓΕΝ. ΝΟΣΟΚΟΜΕΙΟ ΙΩΑΝ.'Γ.ΧΑΤΖΗΚΩΣΤΑ',998980227,22739435.55,21378275.21,1361160.34,0.0,16.7,6.0,4057
27,99221900,ΝΟΜ.ΓΕΝ. ΝΟΣΟΚΟΜΕΙΟ ΓΙΑΝΝΙΤΣΩΝ,999296624,20535957.83,20535957.83,0.0,32309010000032.0,13.6,0.0,2707
28,99221872,ΓΕΝΙΚΟ ΝΟΣΟΚΟΜΕΙΟ ΘΕΣΣΑΛΟΝΙΚΗΣ «Γ. ΓΕΝΝΗΜΑΤΑΣ»,999476217,19707663.22,19707663.22,0.0,0.0,0.1,0.0,2690
29,99221887,ΝΟΜ.ΓΕΝ. ΝΟΣΟΚΟΜΕΙΟ - Κ.Υ ΦΙΛΙΑΤΩΝ,099627541,18985126.9,7264776.44,11720350.46,0.0,43.6,61.7,1029
30,99221940,ΝΟΜ.ΓΕΝ. ΝΟΣΟΚΟΜΕΙΟ ΡΟΔΟΥ,999052193,18809850.84,14337499.07,4472351.77,94472918.0,0.0,23.8,786
31,99221912,ΝΟΜ.ΓΕΝ. ΝΟΣΟΚΟΜΕΙΟ ΚΑΛΑΜΑΤΑΣ,998995401,18239168.4,18239168.4,0.0,0.0,1.6,0.0,4361
32,99221917,ΝΟΜ.ΓΕΝ. ΝΟΣΟΚΟΜΕΙΟ ΚΕΡΚΥΡΑΣ,999360466,17223376.69,10420854.85,6802521.84,0.0,0.0,39.5,1896
33,99221485,Γ. ΟΓΚΟΛΟΓΙΚΟ ΝΟΣ. ΚΗΦΙΣΙΑΣ «ΟΙ ΑΓΙΟΙ ΑΝΑΡΓΥΡΟΙ»,998965076,16683536.36,16683536.36,0.0,0.0,0.0,0.0,2343
34,99221950,ΝΟΜ.ΓΕΝ. ΝΟΣΟΚΟΜΕΙΟ ΧΑΝΙΩΝ 'ΑΓΙΟΣ ΓΕΩΡΓΙΟΣ',999444662,15998446.08,14553618.41,1444827.67,0.0,1.3,9.0,2202
35,99221870,ΓΕΝΙΚΟ ΝΟΣΟΚΟΜΕΙΟ «ΕΛΕΝΑ ΒΕΝΙΖΕΛΟΥ-ΑΛΕΞΑΝΔΡΑ» ΥΠΟΚΑΤΑΣΤΗΜΑ ΕΛΕΝΑ ΒΕΝΙΖΕΛΟΥ,999332744,14921592.26,8136410.64,6785181.62,0.0,0.9,45.5,1855
36,99221916,ΝΟΜ.ΓΕΝ. ΝΟΣΟΚΟΜΕΙΟ ΚΑΤΕΡΙΝΗΣ,999825956,14455465.86,14455465.86,0.0,0.0,0.0,0.0,2433
37,99222005,ΠΕΡ.ΓΕΝ. ΝΟΣΟΚΟΜΕΙΟ ΠΑΙΔΩΝ 'ΑΓΛΑΙΑ ΚΥΡΙΑΚΟΥ',09000980,14141512.93,10138156.41,4003356.52,0.0,13.1,28.3,1642
38,99221942,ΝΟΜ.ΓΕΝ. ΝΟΣΟΚΟΜΕΙΟ ΣΕΡΡΩΝ,999218370,13157079.29,13157079.29,0.0,0.0,0.0,0.0,2185
39,99221486,Γ. ΠΑΝΑΡΚΑΔΙΚΟ ΝΟΣ. ΤΡΙΠΟΛΗΣ «Η ΕΥΑΓΓΕΛΙΣΤΡΙΑ»,999127620,12660170.95,12660170.95,0.0,129208120000008.0,0.6,0.0,3548
40,99221948,ΝΟΜ.ΓΕΝ. ΝΟΣΟΚΟΜΕΙΟ ΧΑΛΚΙΔΑΣ,999189136,12357479.55,12317180.15,40299.4,0.0,0.0,0.3,2213
41,99221898,ΝΟΜ.ΓΕΝ. ΝΟΣΟΚΟΜΕΙΟ ΒΕΡΟΙΑΣ,999109534,12087718.04,12087718.04,0.0,0.0,0.0,0.0,2501
42,99221937,ΓΕΝΙΚΟ ΝΟΣΟΚΟΜΕΙΟ ΠΤΟΛΕΜΑΙΔΑΣ «ΜΠΟΔΟΣΑΚΕΙΟ»,996922150,12055363.23,12055363.23,0.0,24203040000002.0,0.1,0.0,1610
43,99222015,ΠΡΩΤΟ ΓΕΝ. ΝΟΣ. ΘΕΣ/ΝΙΚΗΣ «ΑΓΙΟΣ ΠΑΥΛΟΣ»,999150010,12051854.89,7432778.54,4619076.35,0.0,0.0,38.3,1605
44,99221929,ΝΟΜ.ΓΕΝ. ΝΟΣΟΚΟΜΕΙΟ ΜΥΤΙΛΗΝΗΣ 'ΒΟΣΤΑΝΕΙΟ',999145895,11209227.03,11209227.03,0.0,0.0,0.0,0.0,2059
45,99221908,ΝΟΜ.ΓΕΝ. ΝΟΣΟΚΟΜΕΙΟ ΘΕΣΣΑΛΟΝΙΚΗΣ 'ΑΓΙΟΣ ΔΗΜΗΤΡΙΟΣ',999476205,11054147.69,11054147.69,0.0,0.0,0.0,0.0,2376
46,99221925,ΝΟΜ.ΓΕΝ. ΝΟΣΟΚΟΜΕΙΟ ΛΕΥΚΑΔΑΣ,800184070,10725134.78,5098215.94,5626918.84,0.0,0.0,52.5,1717
47,99221920,ΓΕΝΙΚΟ ΝΟΣΟΚΟΜΕΙΟ ΚΟΖΑΝΗΣ ΜΑΜΑΤΣΕΙΟ,999133780,10669335.06,10669335.06,0.0,0.0,0.0,0.0,3444
48,99221903,ΝΟΜ.ΓΕΝ. ΝΟΣΟΚΟΜΕΙΟ ΔΡΑΜΑΣ,999001304,10455602.46,10455602.46,0.0,0.0,0.0,0.0,2791
49,99221890,ΝΟΜ.ΓΕΝ. ΝΟΣΟΚΟΜΕΙΟ ΑΘΗΝΩΝ 'Η ΕΛΠΙΣ',090009851,10189974.76,10189974.76,0.0,0.0,14.1,0.0,2089
50,99221921,ΝΟΜ.ΓΕΝ. ΝΟΣΟΚΟΜΕΙΟ ΚΟΜΟΤΗΝΗΣ,999227410,9810500.19,9810500.19,0.0,0.0,0.0,0.0,1272
51,99221913,ΝΟΜ.ΓΕΝ. ΝΟΣΟΚΟΜΕΙΟ ΚΑΡΔΙΤΣΑΣ,999091563,9587304.16,9587304.16,0.0,0.0,0.0,0.0,2578
52,99221946,ΝΟΜ.ΓΕΝ. ΝΟΣΟΚΟΜΕΙΟ ΤΡΙΚΑΛΩΝ,999200723,9556701.3,7675245.59,1881455.71,0.0,0.5,19.7,2375
53,99221933,ΝΟΜ.ΓΕΝ. ΝΟΣΟΚΟΜΕΙΟ ΞΑΝΘΗΣ,999389693,9233230.87,9233230.87,0.0,0.0,0.1,0.0,1614
54,99221938,ΓΕΝΙΚΟ ΝΟΣΟΚΟΜΕΙΟ ΗΛΕΙΑΣ,999181810,8656327.9,8653686.7,2641.2,0.0,7.2,0.0,2261
55,99221893,ΝΟΜ.ΓΕΝ. ΝΟΣΟΚΟΜΕΙΟ ΑΙΓΙΟΥ,999894869,7961977.95,7961977.95,0.0,0.0,1.8,0.0,1753
56,99221944,ΝΟΜ.ΓΕΝ. ΝΟΣΟΚΟΜΕΙΟ ΣΥΡΟΥ 'ΒΑΡΔΑΚΕΙΟ Κ ΠΡΩΙΟ',999392187,7777111.0,3956973.84,3820137.16,0.0,100.0,49.1,733
57,99221951,ΝΟΜ.ΓΕΝ. ΝΟΣΟΚΟΜΕΙΟ ΧΙΟΥ ΣΚΥΛΙΤΣΕΙΟ,999094381,7407283.96,7407283.96,0.0,0.0,0.0,0.0,1506
58,99221906,ΝΟΜ.ΓΕΝ. ΝΟΣΟΚΟΜΕΙΟ ΕΛΕΥΣΙΝΑΣ ΘΡΙΑΣΙΟ,999252142,7352151.76,7222830.1,129321.66,0.0,0.0,1.8,428
59,99221907,ΝΟΜ.ΓΕΝ. ΝΟΣΟΚΟΜΕΙΟ ΖΑΚΥΝΘΟΥ,999519547,6926371.67,6635450.59,290921.08,0.0,0.0,4.2,1476
60,99221930,ΓΕΝΙΚΟ ΝΟΣΟΚΟΜΕΙΟ ΝΑΟΥΣΑΣ,996822600,6915293.75,6915293.75,0.0,0.0,0.0,0.0,1538
61,99221934,ΝΟΜ.ΓΕΝ. ΝΟΣΟΚΟΜΕΙΟ ΠΑΙΔΩΝ ΠΑΤΡΩΝ 'ΚΑΡΑΜΑΝΔΑΝΕΙΟ',090023986,6341179.19,1543508.43,4797670.76,0.0,0.0,75.7,693
62,99221945,ΝΟΜ.ΓΕΝ. ΝΟΣΟΚΟΜΕΙΟ ΤΗΣ ΘΕΙΑΣ ΠΡΟΝΟΙΑΣ 'ΠΑΜΜΑΚΑΡΙΣ,090052472,6189800.83,6189800.83,0.0,0.0,0.0,0.0,2189
63,99221949,ΝΟΜ.ΓΕΝ. ΝΟΣΟΚΟΜΕΙΟ ΧΑΛΚΙΔΙΚΗΣ,999737735,6178678.87,6178678.87,0.0,0.0,0.0,0.0,1773
64,99221957,ΝΟΣΟΚ. ΑΦΡΟΔΙΣΙΩΝ & ΔΕΡΜ. ΠΑΘΗΣΕΩΝ ΑΘΗΝΩΝ «ΑΝΔΡΕΑΣ ΣΥΓΓΡΟΣ»,090009795,6074125.61,3696021.66,2378103.95,0.0,0.6,39.2,1197
65,99221896,ΓΕΝΙΚΟ ΝΟΣΟΚΟΜΕΙΟ ΑΡΓΟΛΙΔΑΣ,999007413,5851992.1,5837093.32,14898.78,0.0,0.0,0.3,2212
66,100065012,ΕΙΔΙΚΟ ΝΟΣΟΚΟΜΕΙΟ ΟΦΘΑΛΜΙΑΤΡΕΙΟ ΑΘΗΝΩΝ,999119411,5554115.81,3793502.74,1760613.07,0.0,0.0,31.7,1089
67,99221918,ΝΟΜ.ΓΕΝ. ΝΟΣΟΚΟΜΕΙΟ ΚΕΦΑΛΛΗΝΙΑΣ 'ΑΓΙΟΣ ΓΕΡΑΣΙΜΟΣ',999413697,5471246.17,1735027.84,3736218.33,0.0,0.1,68.3,514
68,99221902,ΓΕΝΙΚΟ ΝΟΣΟΚΟΜΕΙΟ ΔΙΔΥΜΟΤΕΙΧΟΥ,997162988,5375699.54,5375699.54,0.0,0.0,0.0,0.0,1608
69,99221947,ΝΟΜ.ΓΕΝ. ΝΟΣΟΚΟΜΕΙΟ ΦΛΩΡΙΝΑΣ,999669027,5111037.69,5111037.69,0.0,0.0,0.0,0.0,2251
70,99221924,ΝΟΜ.ΓΕΝ. ΝΟΣΟΚΟΜΕΙΟ ΛΕΙΒΑΔΙΑΣ,999470970,4968287.16,4968287.16,0.0,0.0,0.0,0.0,966
71,99221919,ΝΟΜ.ΓΕΝ. ΝΟΣΟΚΟΜΕΙΟ ΚΙΛΚΙΣ,999175979,4483478.6,4483478.6,0.0,0.0,1.5,0.0,1226
72,100104347,ΓΕΝΙΚΟ ΝΟΣΟΚΟΜΕΙΟ ΑΓΡΙΝΙΟΥ,999224339,4191953.34,3779479.97,412473.37,0.0,0.0,9.8,528
73,99221901,ΝΟΜ.ΓΕΝ. ΝΟΣΟΚΟΜΕΙΟ ΓΡΕΒΕΝΩΝ,999154413,4133471.99,4133471.99,0.0,0.0,0.7,0.0,2071
74,99221943,ΝΟΜ.ΓΕΝ. ΝΟΣΟΚΟΜΕΙΟ ΣΠΑΡΤΗΣ,999344780,3971453.16,3971453.16,0.0,0.0,0.1,0.0,1108
75,99221915,ΝΟΜ.ΓΕΝ. ΝΟΣΟΚΟΜΕΙΟ ΚΑΣΤΟΡΙΑΣ,999262830,3909725.61,3909725.61,0.0,0.0,0.3,0.0,1328
76,99221931,ΝΟΜ.ΓΕΝ. ΝΟΣΟΚΟΜΕΙΟ ΝΑΥΠΛΙΟΥ,999007413,3653031.65,3598141.23,54890.42,0.0,17.7,1.5,1620
77,99221910,ΓΕΝΙΚΟ ΝΟΣΟΚΟΜΕΙΟ ΛΙΒΑΔΕΙΑΣ ΓΕΝΙΚΟ ΝΟΣΟΚΟΜΕΙΟ ΘΗΒΩΝ,999470970,3213455.16,3213455.16,0.0,0.0,0.0,0.0,720
78,99221869,ΚΡΑΤΙΚΟ ΘΕΡΑΠΕΥΤΗΡΙΟ- Κ.Υ. ΛΕΡΟΥ,099591588,3097055.14,3097055.14,0.0,0.0,0.0,0.0,1005
79,99221895,ΝΟΜ.ΓΕΝ. ΝΟΣΟΚΟΜΕΙΟ ΑΜΦΙΣΣΑΣ,999918141,3017304.64,3017304.64,0.0,0.0,0.0,0.0,1023
80,99221936,ΝΟΜ.ΓΕΝ. ΝΟΣΟΚΟΜΕΙΟ ΠΡΕΒΕΖΗΣ,999852909,2496424.56,2496424.56,0.0,0.0,0.0,0.0,1507
81,99221567,ΓΕΝΙΚΟ ΝΟΣΟΚΟΜΕΙΟ ΘΕΣΣΑΛΟΝΙΚΗΣ «ΠΑΠΑΓΕΩΡΓΙΟΥ»,090074403,2348931.5,2348931.5,0.0,0.0,100.0,0.0,35
82,99221882,ΓΕΝΙΚΟ ΝΟΣΟΚΟΜΕΙΟ ΚΕΝΤΡΟ ΥΓΕΙΑΣ ΚΩ ΙΠΠΟΚΡΑΤΕΙΟΝ,997136909,2337761.1,2337761.1,0.0,0.0,0.0,0.0,1115
83,99221875,ΓΕΝΙΚΟ ΝΟΣΟΚΟΜΕΙΟ ΑΝΑΝΤΟΛΙΚΗΣ ΑΧΑΙΑΣ - ΝΟΣΗΛΕΥΤΙΚΗ ΜΟΝΑΔΑ ΚΑΛΑΒΡΥΤΩΝ,999894869,2331569.91,2331569.91,0.0,0.0,0.0,0.0,565
84,99202029,ΑΙΓΙΝΗΤΕΙΟ ΝΟΣΟΚΟΜΕΙΟ,090012726,2058662.91,2058662.91,0.0,0.0,0.0,0.0,368
85,99221914,ΝΟΜ.ΓΕΝ. ΝΟΣΟΚΟΜΕΙΟ ΚΑΡΠΕΝΗΣΙΟΥ,099703799,2000986.65,2000986.65,0.0,0.0,0.0,0.0,567
86,99221487,ΓΕΝΙΚΟ ΝΟΣΟΚΟΜΕΙΟ ΚΕΝΤΡΟ ΥΓΕΙΑΣ ΝΑΞΟΥ,997558878,1899458.52,1899458.52,0.0,0.0,0.0,0.0,870
87,99221877,ΝΟΜ.ΓΕΝ. ΝΟΣΟΚΟΜΕΙΟ - Κ.Υ ΚΑΡΥΣΤΟΥ,099190154,1673608.84,1673608.84,0.0,0.0,0.0,0.0,804
88,99221881,ΓΕΝΙΚΟ ΝΟΣΟΚΟΜΕΙΟ ΜΕΣΣΗΝΙΑΣ-ΝΟΣΗΛΕΥΤΙΚΗ ΜΟΝΑΔΑ ΚΥΠΑΡΙΣΣΙΑΣ,800171626,1647857.72,1647329.54,528.18,0.0,0.0,0.0,1124
89,99221736,ΚΕΝΤΡΟ ΥΓΕΙΑΣ ΙΚΑΡΙΑΣ,800056300,1647524.01,1601773.44,45750.57,0.0,34.3,2.8,839
90,99221888,Γ.Ν. ΛΑΣΙΘΙΟΥ,999070198,1522333.6,0.0,1522333.6,20949214.0,0,100.0,0
91,99221771,ΓΕΝΙΚΟ ΝΟΣΟΚΟΜΕΙΟ - ΚΕΝΤΡΟ ΥΓΕΙΑΣ ΛΗΜΝΟΥ,800187255,1401228.26,1401228.26,0.0,0.0,0.0,0.0,556
92,100011580,ΘΕΡΑΠΕΥΤΗΡΙΟ ΧΡΟΝΙΩΝ ΠΑΘΗΣΕΩΝ ΕΥΡΥΤΑΝΙΑΣ,997426568,1082658.19,1082658.19,0.0,0.0,12.4,0.0,456
93,99221926,ΓΕΝΙΚΟ ΝΟΣΟΚΟΜΕΙΟ ΚΕΝΤΡΟ ΥΓΕΙΑΣ ΛΗΞΟΥΡΙΟΥ ΜΑΝΤΖΑΒΙΝΑΤΕΙΟ,997628603,977037.56,977037.56,0.0,0.0,0.4,0.0,643
94,99221884,ΝΟΜ.ΓΕΝ. ΝΟΣΟΚΟΜΕΙΟ - Κ.Υ ΜΟΛΑΩΝ,999344780,881097.96,881097.96,0.0,0.0,0.0,0.0,581
95,99221880,ΝΟΜ.ΓΕΝ. ΝΟΣΟΚΟΜΕΙΟ - Κ.Υ ΚΥΜΗΣ,999550981,795441.65,795441.65,0.0,0.0,0.0,0.0,482
96,99221873,ΝΟΜ.ΓΕΝ. ΝΟΣΟΚΟΜΕΙΟ - Κ.Υ ΓΟΥΜΕΝΙΣΣΑΣ,999175979,598508.41,597203.37,1305.04,0.0,18.1,0.2,883
97,99222012,ΠΕΡΙΦ. ΠΑΝΕΠΙΣΤ. ΓΕΝ. ΝΟΣΟΚ. ΛΑΡΙΣΑΣ,999681575,278374.86,278374.86,0.0,0.0,99.7,0.0,4
98,100104300,ΓΕΝΙΚΟ ΝΟΣΟΚΟΜΕΙΟ ΜΕΣΟΛΟΓΓΙΟΥ ΧΑΤΖΗΚΩΣΤΑ,996837372,181432.01,181432.01,0.0,0.0,0.0,0.0,72
99,99221991,ΓΕΝΙΚΟ ΝΟΣΟΚΟΜΕΙΟ «ΕΛΕΝΑ ΒΕΝΙΖΕΛΟΥ-ΑΛΕΞΑΝΔΡΑ» ΟΡΓΑΝΙΚΗ ΜΟΝΑΔΑ ΑΛΕΞΑΝΔΡΑ,999332744,55074.75,55074.75,0.0,0.0,0.0,0.0,70
100,50098,ΝΟΣΗΛΕΥΤΙΚΟ ΙΔΡΥΜΑ ΜΕΤΟΧΙΚΟΥ ΤΑΜΕΙΟΥ ΣΤΡΑΤΟΥ,090158844,49005.79,49005.79,0.0,0.0,0.0,0.0,5
101,100061927,ΓΕΝΙΚΟ ΝΟΣΟΚΟΜΕΙΟ ΚΑΡΠΑΘΟΥ,996802440,13879.75,13879.75,0.0,0.0,0.0,0.0,8
102,99221876,ΓΕΝΙΚΟ ΝΟΣΟΚΟΜΕΙΟ ΚΕΝΤΡΟ ΥΓΕΙΑΣ ΚΑΛΥΜΝΟΥ ΤΟ ΒΟΥΒΑΛΕΙΟ,997136922,273.78,0.0,273.78,0.0,0,100.0,0
103,99221941,ΓΕΝΙΚΟ ΝΟΣΟΚΟΜΕΙΟ ΣΑΜΟΥ «ΑΓΙΟΣ ΠΑΝΤΕΛΕΗΜΩΝ»,999340688,0.0,0.0,0.0,0.0,0,0,0
