org,ada,issue_date,subject,doc_url
99222003,6ΗΠΘ46906Ψ-8ΕΣ,2024-10-04,ΑΝΑΛΩΣΙΜΑ ΥΛΙΚΑ ΧΕΙΡΟΥΡΓΕΙΟΥ,https://diavgeia.gov.gr/doc/6ΗΠΘ46906Ψ-8ΕΣ
99222003,69ΝΒ46906Ψ-ΕΝΦ,2024-12-18,ΑΝΑΛΩΣΙΜΑ ΥΛΙΚΑ ΧΕΙΡΟΥΡΓΕΙΟΥ,https://diavgeia.gov.gr/doc/69ΝΒ46906Ψ-ΕΝΦ
99222003,9Κ2646906Ψ-11Δ,2025-05-19,ΑΝΑΛΩΣΙΜΑ ΥΛΙΚΑ ΧΕΙΡΟΥΡΓΕΙΟΥ,https://diavgeia.gov.gr/doc/9Κ2646906Ψ-11Δ
99222003,ΨΦΝ946906Ψ-ΗΥΜ,2025-05-21,ΑΝΑΛΩΣΙΜΑ ΥΛΙΚΑ ΧΕΙΡΟΥΡΓΕΙΟΥ,https://diavgeia.gov.gr/doc/ΨΦΝ946906Ψ-ΗΥΜ
99222003,ΨΠ4Β46906Ψ-25Β,2025-05-23,ΑΝΑΛΩΣΙΜΑ ΥΛΙΚΑ ΧΕΙΡΟΥΡΓΕΙΟΥ,https://diavgeia.gov.gr/doc/ΨΠ4Β46906Ψ-25Β
99222003,ΡΟΤΠ46906Ψ-ΨΡ8,2024-09-09,ΑΝΑΛΩΣΙΜΑ ΥΛΙΚΑ ΧΕΙΡΟΥΡΓΕΙΟΥ,https://diavgeia.gov.gr/doc/ΡΟΤΠ46906Ψ-ΨΡ8
99222003,9ΗΠΘ46906Ψ-ΟΑΖ,2024-10-09,ΑΝΑΛΩΣΙΜΑ ΥΛΙΚΑ ΧΕΙΡΟΥΡΓΕΙΟΥ,https://diavgeia.gov.gr/doc/9ΗΠΘ46906Ψ-ΟΑΖ
99222003,9ΦΕ746906Ψ-ΨΞΩ,2025-07-02,ΑΝΑΛΩΣΙΜΑ ΥΛΙΚΑ ΧΕΙΡΟΥΡΓΕΙΟΥ,https://diavgeia.gov.gr/doc/9ΦΕ746906Ψ-ΨΞΩ
99222003,ΡΟ6Α46906Ψ-ΨΚΛ,2024-10-14,ΑΝΑΛΩΣΙΜΑ ΥΛΙΚΑ ΧΕΙΡ,https://diavgeia.gov.gr/doc/ΡΟ6Α46906Ψ-ΨΚΛ
99222003,6ΦΕ146906Ψ-ΓΕΜ,2025-02-27,ΑΝΑΛΩΣΙΜΑ ΥΛΙΚΑ ΧΕΙΡΟΥΡΓΕΙΟΥ,https://diavgeia.gov.gr/doc/6ΦΕ146906Ψ-ΓΕΜ
99222003,9ΡΟΑ46906Ψ-ΡΑΘ,2024-12-17,ΑΝΑΛΩΣΙΜΑ ΥΛΙΚΑ ΧΕΙΡΟΥΡΓΕΙΟΥ,https://diavgeia.gov.gr/doc/9ΡΟΑ46906Ψ-ΡΑΘ
99222003,Ψ01Ξ46906Ψ-4ΡΒ,2024-12-17,ΑΝΑΛΩΣΙΜΑ ΥΛΙΚΑ ΧΕΙΡΟΥΡΓΕΙΟΥ,https://diavgeia.gov.gr/doc/Ψ01Ξ46906Ψ-4ΡΒ
99222003,6ΘΛΝ46906Ψ-ΘΑΛ,2024-10-14,ΑΝΑΛΩΣΙΜΑ ΥΛΙΚΑ ΧΕΙΡ,https://diavgeia.gov.gr/doc/6ΘΛΝ46906Ψ-ΘΑΛ
99222003,9ΨΔ146906Ψ-ΤΦΥ,2025-05-26,ΑΝΑΛΩΣΙΜΑ ΥΛΙΚΑ ΧΕΙΡΟΥΡΓΕΙΟΥ,https://diavgeia.gov.gr/doc/9ΨΔ146906Ψ-ΤΦΥ
99222003,ΨΕΔ346906Ψ-ΙΟ0,2025-05-22,ΑΝΑΛΩΣΙΜΑ ΥΛΙΚΑ ΧΕΙΡΟΥΡΓΕΙΟΥ,https://diavgeia.gov.gr/doc/ΨΕΔ346906Ψ-ΙΟ0
99222003,6ΗΥΦ46906Ψ-ΕΧ7,2025-08-08,ΑΝΑΛΩΣΙΜΑ ΥΛΙΚΑ ΧΕΙΡΟΥΡΓΕΙΟΥ,https://diavgeia.gov.gr/doc/6ΗΥΦ46906Ψ-ΕΧ7
99222003,68ΩΠ46906Ψ-9Υ6,2024-12-18,ΑΝΑΛΩΣΙΜΑ ΥΛΙΚΑ ΧΕΙΡΟΥΡΓΕΙΟΥ,https://diavgeia.gov.gr/doc/68ΩΠ46906Ψ-9Υ6
99222003,92Ι146906Ψ-694,2026-01-30,ΑΝΑΛΩΣΙΜΑ ΥΛΙΚΑ ΠΔΧ ΧΕΙΡ/ΩΝ,https://diavgeia.gov.gr/doc/92Ι146906Ψ-694
99222003,ΡΒΥΟ46906Ψ-ΟΜΜ,2025-05-27,ΑΝΑΛΩΣΙΜΑ ΥΛΙΚΑ ΧΕΙΡΟΥΡΓΕΙΟΥ,https://diavgeia.gov.gr/doc/ΡΒΥΟ46906Ψ-ΟΜΜ
99222003,ΨΞ4Ο46906Ψ-7ΜΛ,2025-07-02,ΑΝΑΛΩΣΙΜΑ ΥΛΙΚΑ ΧΕΙΡΟΥΡΓΕΙΟΥ,https://diavgeia.gov.gr/doc/ΨΞ4Ο46906Ψ-7ΜΛ
99222003,ΨΘΟ446906Ψ-1Θ5,2025-02-27,ΑΝΑΛΩΣΙΜΑ ΥΛΙΚΑ ΧΕΙΡ,https://diavgeia.gov.gr/doc/ΨΘΟ446906Ψ-1Θ5
99222003,6ΤΡΩ46906Ψ-ΙΒΡ,2025-05-26,ΑΝΑΛΩΣΙΜΑ ΥΛΙΚΑ ΧΕΙΡΟΥΡΓΕΙΟΥ,https://diavgeia.gov.gr/doc/6ΤΡΩ46906Ψ-ΙΒΡ
99222003,9ΙΜΗ46906Ψ-ΗΗΖ,2025-02-03,ΑΝΑΛΏΣΙΜΑ ΥΛΙΚΆ ΧΕΙΡΟΥΡΓΕΊΟΥ,https://diavgeia.gov.gr/doc/9ΙΜΗ46906Ψ-ΗΗΖ
99222003,6Σ4Ξ46906Ψ-Ε1Σ,2025-05-19,ΑΝΑΛΩΣΙΜΑ ΥΛΙΚΑ ΧΕΙΡΟΥΡΓΕΙΟΥ,https://diavgeia.gov.gr/doc/6Σ4Ξ46906Ψ-Ε1Σ
99222003,Ψ93Τ46906Ψ-ΧΗΙ,2025-01-14,ΑΝΑΛΩΣΙΜΑ ΥΛΙΚΑ ΧΕΙΡΟΥΡΓΕΙΟΥ,https://diavgeia.gov.gr/doc/Ψ93Τ46906Ψ-ΧΗΙ
99222003,9ΡΑΡ46906Ψ-ΨΦΒ,2024-08-27,ΑΝΑΛΩΣΙΜΑ ΥΛΙΚΑ ΧΕΙΡΟΥΡΓΕΙΟΥ,https://diavgeia.gov.gr/doc/9ΡΑΡ46906Ψ-ΨΦΒ
99222003,Ψ14Χ46906Ψ-ΛΙ4,2025-02-26,ΑΝΑΛΩΣΙΜΑ ΥΛΙΚΑ ΧΕΙΡΟΥΡΓΕΙΟΥ,https://diavgeia.gov.gr/doc/Ψ14Χ46906Ψ-ΛΙ4
99222003,9ΗΕΖ46906Ψ-ΑΕ8,2025-04-02,ΑΝΑΛΩΣΙΜΑ ΥΛΙΚΑ ΧΕΙΡ,https://diavgeia.gov.gr/doc/9ΗΕΖ46906Ψ-ΑΕ8
99222003,9ΕΡΣ46906Ψ-ΑΝΖ,2025-05-19,ΑΝΑΛΩΣΙΜΑ ΥΛΙΚΑ ΧΕΙΡΟΥΡΓΕΙΟΥ,https://diavgeia.gov.gr/doc/9ΕΡΣ46906Ψ-ΑΝΖ
99222003,66ΟΜ46906Ψ-ΤΒΤ,2024-08-29,ΑΝΑΛΩΣΙΜΑ ΥΛΙΚΑ ΧΕΙΡΟΥΡΓΕΙΟΥ,https://diavgeia.gov.gr/doc/66ΟΜ46906Ψ-ΤΒΤ
99222003,Ψ9ΟΝ46906Ψ-0Ω9,2025-05-26,ΑΝΑΛΩΣΙΜΑ ΥΛΙΚΑ ΧΕΙΡΟΥΡΓΕΙΟΥ,https://diavgeia.gov.gr/doc/Ψ9ΟΝ46906Ψ-0Ω9
99222003,99ΡΛ46906Ψ-ΝΒΕ,2025-04-08,ΑΝΑΛΩΣΙΜΑ ΥΛΙΚΑ ΧΕΙΡ,https://diavgeia.gov.gr/doc/99ΡΛ46906Ψ-ΝΒΕ
99222003,6ΥΩΑ46906Ψ-ΚΘΝ,2024-10-09,ΑΝΑΛΩΣΙΜΑ ΥΛΙΚΑ ΧΕΙΡΟΥΡΓΕΙΟΥ,https://diavgeia.gov.gr/doc/6ΥΩΑ46906Ψ-ΚΘΝ
99222003,6ΖΘΔ46906Ψ-Π07,2024-10-14,ΑΝΑΛΩΣΙΜΑ ΥΛΙΚΑ ΧΕΙΡ,https://diavgeia.gov.gr/doc/6ΖΘΔ46906Ψ-Π07
99222003,6Ι3Ν46906Ψ-ΙΧΝ,2025-03-19,ΑΝΑΛΩΣΙΜΑ ΥΛΙΚΑ ΧΕΙΡΟΥΡΓΕΙΟΥ,https://diavgeia.gov.gr/doc/6Ι3Ν46906Ψ-ΙΧΝ
99222003,ΨΤΨ046906Ψ-ΤΟ4,2024-10-11,ΑΝΑΛΩΣΙΜΑ ΥΛΙΚΑ ΧΕΙΡΟΥΡΓΕΙΟΥ,https://diavgeia.gov.gr/doc/ΨΤΨ046906Ψ-ΤΟ4
99222003,ΡΓΓ346906Ψ-6ΟΗ,2025-03-21,ΑΝΑΛΩΣΙΜΑ ΥΛΙΚΑ ΧΕΙΡ,https://diavgeia.gov.gr/doc/ΡΓΓ346906Ψ-6ΟΗ
99222003,6ΔΥΟ46906Ψ-Γ25,2025-03-28,ΑΝΑΛΩΣΙΜΑ ΥΛΙΚΑ ΧΕΙΡ,https://diavgeia.gov.gr/doc/6ΔΥΟ46906Ψ-Γ25
99222003,6Ζ2Ο46906Ψ-2ΦΨ,2025-05-20,ΑΝΑΛΩΣΙΜΑ ΥΛΙΚΑ ΧΕΙΡ,https://diavgeia.gov.gr/doc/6Ζ2Ο46906Ψ-2ΦΨ
99222003,6Η3Σ46906Ψ-Κ9Θ,2024-12-02,ΑΝΑΛΩΣΙΜΑ ΥΛΙΚΑ ΧΕΙΡΟΥΡΓΕΙΟΥ,https://diavgeia.gov.gr/doc/6Η3Σ46906Ψ-Κ9Θ
99222003,97ΠΟ46906Ψ-ΣΩ0,2025-02-03,ΑΝΑΛΩΣΙΜΑ ΥΛΙΚΑ ΧΕΙΡΟΥΡΓΕΙΟΥ,https://diavgeia.gov.gr/doc/97ΠΟ46906Ψ-ΣΩ0
99222003,9Θ6Η46906Ψ-087,2025-07-16,ΑΝΑΛΩΣΙΜΑ ΥΛΙΚΑ ΧΕΙΡΟΥΡΓΕΙΟΥ,https://diavgeia.gov.gr/doc/9Θ6Η46906Ψ-087
99222003,9Ζ6Π46906Ψ-ΜΥΥ,2024-09-20,ΑΝΑΛΩΣΙΜΑ ΥΛΙΚΑ ΧΕΙΡΟΥΡΓΕΙΟΥ,https://diavgeia.gov.gr/doc/9Ζ6Π46906Ψ-ΜΥΥ
99222003,ΨΦΠΗ46906Ψ-ΧΙ8,2025-03-19,ΑΝΑΛΩΣΙΜΑ ΥΛΙΚΑ ΧΕΙΡΟΥΡΓΕΙΟΥ,https://diavgeia.gov.gr/doc/ΨΦΠΗ46906Ψ-ΧΙ8
99222003,ΨΝ4Ξ46906Ψ-ΕΔΦ,2024-11-19,ΑΝΑΛΩΣΙΜΑ ΥΛΙΚΑ ΧΕΙΡΟΥΡΓΕΙΟΥ,https://diavgeia.gov.gr/doc/ΨΝ4Ξ46906Ψ-ΕΔΦ
99222003,9ΑΜΒ46906Ψ-Υ21,2025-06-26,ΑΝΑΛΩΣΙΜΑ ΥΛΙΚΑ ΧΕΙΡ,https://diavgeia.gov.gr/doc/9ΑΜΒ46906Ψ-Υ21
99222003,9Α0Σ46906Ψ-ΣΘ4,2025-05-13,ΑΝΑΛΩΣΙΜΑ ΥΛΙΚΑ ΧΕΙΡ,https://diavgeia.gov.gr/doc/9Α0Σ46906Ψ-ΣΘ4
99222003,94ΥΜ46906Ψ-ΣΩΞ,2025-03-21,ΑΝΑΛΩΣΙΜΑ ΥΛΙΚΑ ΧΕΙΡΟΥΡΓΕΙΟΥ,https://diavgeia.gov.gr/doc/94ΥΜ46906Ψ-ΣΩΞ
99222003,683946906Ψ-ΝΦ1,2025-12-01,ΑΝΑΛΩΣΙΜΑ ΥΛΙΚΑ ΧΕΙΡΟΥΡΓΕΙΟΥ,https://diavgeia.gov.gr/doc/683946906Ψ-ΝΦ1
99222003,9Λ9Φ46906Ψ-ΕΧΓ,2025-05-29,ΑΝΑΛΩΣΙΜΑ ΥΛΙΚΑ ΧΕΙΡΟΥΡΓΕΙΟΥ,https://diavgeia.gov.gr/doc/9Λ9Φ46906Ψ-ΕΧΓ
99222003,6ΤΒΗ46906Ψ-ΥΜΗ,2024-11-25,ΑΝΑΛΩΣΙΜΑ ΥΛΙΚΑ ΧΕΙΡΟΥΡΓΕΙΟΥ,https://diavgeia.gov.gr/doc/6ΤΒΗ46906Ψ-ΥΜΗ
99222003,97ΩΧ46906Ψ-Ρ9Ι,2024-11-26,ΑΝΑΛΩΣΙΜΑ ΥΛΙΚΑ ΧΕΙΡ,https://diavgeia.gov.gr/doc/97ΩΧ46906Ψ-Ρ9Ι
99222003,6Γ2846906Ψ-Β1Ζ,2025-05-22,ΑΝΑΛΩΣΙΜΑ ΥΛΙΚΑ ΧΕΙΡΟΥΡΓΕΙΟΥ,https://diavgeia.gov.gr/doc/6Γ2846906Ψ-Β1Ζ
99222003,93ΚΨ46906Ψ-ΡΙΔ,2025-05-15,ΑΝΑΛΩΣΙΜΑ ΥΛΙΚΑ ΧΕΙΡΟΥΡΓΕΙΟΥ,https://diavgeia.gov.gr/doc/93ΚΨ46906Ψ-ΡΙΔ
99222003,6Λ7Ω46906Ψ-ΑΑΣ,2024-11-15,ΑΝΑΛΩΣΙΜΑ ΥΛΙΚΑ ΧΕΙΡΟΥΡΓΕΙΟΥ Γ ΟΡ,https://diavgeia.gov.gr/doc/6Λ7Ω46906Ψ-ΑΑΣ
99222003,Ψ4ΜΦ46906Ψ-5Θ6,2025-05-22,ΑΝΑΛΩΣΙΜΑ ΥΛΙΚΑ ΧΕΙΡΟΥΡΓΕΙΟΥ,https://diavgeia.gov.gr/doc/Ψ4ΜΦ46906Ψ-5Θ6
99222003,Ψ5Σ946906Ψ-ΛΤΔ,2024-10-10,ΑΝΑΛΩΣΙΜΑ ΥΛΙΚΑ ΧΕΙΡ,https://diavgeia.gov.gr/doc/Ψ5Σ946906Ψ-ΛΤΔ
99222003,9Σ9Ι46906Ψ-15Υ,2025-02-03,ΑΝΑΛΏΣΙΜΑ ΥΛΙΚΆ ΧΕΙΡΟΥΡΓΕΊΟΥ,https://diavgeia.gov.gr/doc/9Σ9Ι46906Ψ-15Υ
99222003,ΨΒΒ346906Ψ-35Ψ,2025-03-21,ΑΝΑΛΩΣΙΜΑ ΥΛΙΚΑ ΧΕΙΡ,https://diavgeia.gov.gr/doc/ΨΒΒ346906Ψ-35Ψ
99222003,Ψ2ΔΛ46906Ψ-ΟΤΝ,2024-08-27,ΑΝΑΛΩΣΙΜΑ ΥΛΙΚΑ ΧΕΙΡΟΥΡΓΕΙΟΥ,https://diavgeia.gov.gr/doc/Ψ2ΔΛ46906Ψ-ΟΤΝ
99222003,6ΦΧ446906Ψ-ΜΑΠ,2025-03-20,ΑΝΑΛΩΣΙΜΑ ΥΛΙΚΑ ΧΕΙΡ,https://diavgeia.gov.gr/doc/6ΦΧ446906Ψ-ΜΑΠ
99222003,6Δ9Ρ46906Ψ-ΒΓΞ,2025-03-24,ΑΝΑΛΩΣΙΜΑ ΥΛΙΚΑ ΧΕΙΡ,https://diavgeia.gov.gr/doc/6Δ9Ρ46906Ψ-ΒΓΞ
99222003,ΡΙΡΣ46906Ψ-Ξ5Η,2025-05-26,ΑΝΑΛΩΣΙΜΑ ΥΛΙΚΑ ΧΕΙΡΟΥΡΓΕΙΟΥ,https://diavgeia.gov.gr/doc/ΡΙΡΣ46906Ψ-Ξ5Η
99222003,9ΨΕΖ46906Ψ-Φ28,2025-05-20,ΑΝΑΛΩΣΙΜΑ ΥΛΙΚΑ ΧΕΙΡΟΥΡΓΕΙΟΥ,https://diavgeia.gov.gr/doc/9ΨΕΖ46906Ψ-Φ28
99222003,658Ε46906Ψ-ΧΟ5,2024-11-25,ΑΝΑΛΩΣΙΜΑ ΥΛΙΚΑ ΧΕΙΡΟΥΡΓΕΙΟΥ,https://diavgeia.gov.gr/doc/658Ε46906Ψ-ΧΟ5
99222003,ΨΨ2Υ46906Ψ-ΣΒΚ,2024-08-26,ΑΝΑΛΩΣΙΜΑ ΥΛΙΚΑ ΧΕΙΡΟΥΡΓΕΙΟΥ,https://diavgeia.gov.gr/doc/ΨΨ2Υ46906Ψ-ΣΒΚ
99222003,9Υ4Ε46906Ψ-ΒΛ2,2025-07-17,ΑΝΑΛΩΣΙΜΑ ΥΛΙΚΑ ΧΕΙΡΟΥΡΓΕΙΟΥ,https://diavgeia.gov.gr/doc/9Υ4Ε46906Ψ-ΒΛ2
99222003,61ΘΜ46906Ψ-7ΛΕ,2025-05-21,ΑΝΑΛΩΣΙΜΑ ΥΛΙΚΑ ΧΕΙΡΟΥΡΓΕΙΟΥ,https://diavgeia.gov.gr/doc/61ΘΜ46906Ψ-7ΛΕ
99222003,ΨΧ4Ε46906Ψ-ΥΔΜ,2024-08-27,ΑΝΑΛΩΣΙΜΑ ΥΛΙΚΑ ΧΕΙΡΟΥΡΓΕΙΟΥ,https://diavgeia.gov.gr/doc/ΨΧ4Ε46906Ψ-ΥΔΜ
99222003,9ΛΙ946906Ψ-Σ1Λ,2025-01-31,ΑΝΑΛΩΣΙΜΑ ΥΛΙΚΑ ΧΕΙΡΟΥΡΓΕΙΟΥ,https://diavgeia.gov.gr/doc/9ΛΙ946906Ψ-Σ1Λ
99221985,65Θ44690Ω3-ΓΦΨ,2025-07-28,ΣΥΜΒΑΣΗ ΠΑΡΟΧΗΣ ΥΠΗΡΕΣΙΩΝ ΥΠ. ΑΡΙΘΜ 979/2025  Αντικείμενο Σύμβασης: Επισκευή των,https://diavgeia.gov.gr/doc/65Θ44690Ω3-ΓΦΨ
99221985,Ψ26Β4690Ω3-ΠΚΙ,2025-02-19,ΣΥΜΒΑΣΗ ΥΠ΄ΑΡΙΘ. 197/2025 Με αντικείμενο προμήθειας: « Ενδοαγγειακών Υλικών για ,https://diavgeia.gov.gr/doc/Ψ26Β4690Ω3-ΠΚΙ
99221985,93Ω74690Ω3-2ΑΩ,2026-04-24,"ΣΥΜΒΑΣΗ ΥΠ΄ΑΡΙΘ. 457/2026 Συμβατικής Αξίας : 1.272,00 €€ συμπεριλαμβανομένου ΦΠΑ",https://diavgeia.gov.gr/doc/93Ω74690Ω3-2ΑΩ
99221985,ΡΣ884690Ω3-ΚΧΙ,2026-07-29,ΣΥΜΒΑΣΗ ΥΠ΄ΑΡΙΘ. 848/2026 Με αντικείμενο προμήθειας: « Εμφυτεύσιμο απινιδωτή για,https://diavgeia.gov.gr/doc/ΡΣ884690Ω3-ΚΧΙ
99221985,9ΕΜΖ4690Ω3-Μ6Μ,2025-04-07,"ΣΥΜΒΑΣΗ ΥΠ΄ΑΡΙΘ. 459/2025 Συμβατικής Αξίας : 1.323,49 € συμπεριλαμβανομένου ΦΠΑ ",https://diavgeia.gov.gr/doc/9ΕΜΖ4690Ω3-Μ6Μ
99221985,9Ε3Ι4690Ω3-ΥΥΖ,2025-10-17,ΣΥΜΒΑΣΗ ΥΠ΄ΑΡΙΘ. 1310/2025 Με αντικείμενο προμήθειας: «ΒΗΜΑΤΟΔΟΤΕΣ ΔΥΟ ΚΟΙΛΟΤΗΤΩ,https://diavgeia.gov.gr/doc/9Ε3Ι4690Ω3-ΥΥΖ
99221985,6Θ624690Ω3-ΦΒΜ,2024-12-02,"ΣΥΜΒΑΣΗ ΥΠ΄ΑΡΙΘ. 1650/2024 Συμβατικής Αξίας : 1.654,66 € συμπεριλαμβανομένου ΦΠΑ",https://diavgeia.gov.gr/doc/6Θ624690Ω3-ΦΒΜ
99221985,ΡΩ0Ν4690Ω3-ΥΤΖ,2025-03-31,"ΣΥΜΒΑΣΗ ΥΠ΄ΑΡΙΘ. 428/2025  Συμβατικής Αξίας : 3.080,28€ συμπεριλαμβανομένου ΦΠΑ ",https://diavgeia.gov.gr/doc/ΡΩ0Ν4690Ω3-ΥΤΖ
99221985,ΡΠΗ84690Ω3-ΑΥΗ,2024-12-18,"ΣΥΜΒΑΣΗ ΥΠ΄ΑΡΙΘΜ. 1761/2024  Συμβατικής Αξίας :  1.735,00€ πλέον ΦΠΑ (1.960,55€ ",https://diavgeia.gov.gr/doc/ΡΠΗ84690Ω3-ΑΥΗ
99221985,Ψ0Μ74690Ω3-15Ω,2025-10-30,ΣΥΜΒΑΣΗ ΥΠ΄ΑΡΙΘ. 1361/2025,https://diavgeia.gov.gr/doc/Ψ0Μ74690Ω3-15Ω
99221985,Ρ27Υ4690Ω3-ΛΗΥ,2025-07-04,"ΣΥΜΒΑΣΗ ΥΠ΄ΑΡΙΘ. 907/2025 Συμβατικής Αξίας : 13.165,20€ συμπεριλαμβανομένου ΦΠΑ ",https://diavgeia.gov.gr/doc/Ρ27Υ4690Ω3-ΛΗΥ
99221985,9Υ5Ι4690Ω3-Β3Η,2025-02-20,ΣΥΜΒΑΣΗ ΥΠ΄ΑΡΙΘ. 201/2025 Με αντικείμενο την τιμολόγηση ενδοαγγειακών υλικών  τα,https://diavgeia.gov.gr/doc/9Υ5Ι4690Ω3-Β3Η
99221985,Ψ80Φ4690Ω3-ΩΡ7,2024-11-08,"ΣΥΜΒΑΣΗ ΥΠ΄ΑΡΙΘ. 1542/2024 Συμβατικής Αξίας : 5.555,20€ συμπεριλαμβανομένου ΦΠΑ ",https://diavgeia.gov.gr/doc/Ψ80Φ4690Ω3-ΩΡ7
99221985,ΡΥΣ94690Ω3-0ΔΡ,2025-04-10,"ΣΥΜΒΑΣΗ ΥΠ΄ΑΡΙΘ. 498/2025 Συμβατικής Αξίας : 37.200,00€ συμπεριλαμβανομένου ΦΠΑ ",https://diavgeia.gov.gr/doc/ΡΥΣ94690Ω3-0ΔΡ
99221985,ΕΨ5Ε4690Ω3-Ο4Τ,2026-07-17,ΣΥΜΒΑΣΗ ΥΠ΄ΑΡΙΘ. 790/2026 Με αντικείμενο την προμήθεια: «ΔΙΑΚΑΘΕΤΗΡΙ ΑΚΗ ΑΟΡΤΙΚΗ,https://diavgeia.gov.gr/doc/ΕΨ5Ε4690Ω3-Ο4Τ
99221985,6Μ7Η4690Ω3-ΙΛΝ,2025-10-31,ΣΥΜΒΑΣΗ ΥΠ΄ΑΡΙΘ. 1364/2025 Με αντικείμενο την τιμολόγηση ενδοαγγειακών υλικών  τ,https://diavgeia.gov.gr/doc/6Μ7Η4690Ω3-ΙΛΝ
99221985,9ΓΥΟ4690Ω3-ΑΥΒ,2025-04-10,ΣΥΜΒΑΣΗ ΥΠ΄ΑΡΙΘ. 489/2025 Με αντικείμενο προμήθειας: «Ενδοαγγειακών Υλικών για τ,https://diavgeia.gov.gr/doc/9ΓΥΟ4690Ω3-ΑΥΒ
99221985,ΨΛΨΞ4690Ω3-Μ8Λ,2026-01-15,"ΣΥΜΒΑΣΗ ΥΠ΄ΑΡΙΘΜ. 43/2026  Συμβατικής Αξίας : 15.500,00€ πλέον ΦΠΑ ήτοι 19.220,0",https://diavgeia.gov.gr/doc/ΨΛΨΞ4690Ω3-Μ8Λ
99221985,938Μ4690Ω3-ΦΞΜ,2025-07-14,"ΣΥΜΒΑΣΗ ΥΠ΄ΑΡΙΘΜ. 935/2025  Συμβατικής Αξίας : 3.675,00€ πλέον ΦΠΑ (4.557,00€ συ",https://diavgeia.gov.gr/doc/938Μ4690Ω3-ΦΞΜ
99221985,ΨΗΗ34690Ω3-ΞΗΒ,2026-03-10,"ΣΥΜΒΑΣΗ ΥΠ΄ΑΡΙΘ. 223/2026 Συμβατικής Αξίας : 30.146,40€ συμπεριλαμβανομένου ΦΠΑ ",https://diavgeia.gov.gr/doc/ΨΗΗ34690Ω3-ΞΗΒ
99221985,6ΔΠΛ4690Ω3-ΞΕ2,2024-09-05,"ΣΥΜΒΑΣΗ ΥΠ΄ΑΡΙΘ.1202/2024  Συμβατικής Αξίας : 4.155,20€ συμπεριλαμβανομένου ΦΠΑ ",https://diavgeia.gov.gr/doc/6ΔΠΛ4690Ω3-ΞΕ2
99221985,ΨΞΤ74690Ω3-9Ρ8,2025-02-25,"ΣΥΜΒΑΣΗ ΥΠ΄ΑΡΙΘ. 220/2025 Συμβατικής Αξίας : 1.736,00€ συμπεριλαμβανομένου ΦΠΑ 1",https://diavgeia.gov.gr/doc/ΨΞΤ74690Ω3-9Ρ8
99221985,9ΠΥΠ4690Ω3-ΛΧΞ,2024-09-10,"ΣΥΜΒΑΣΗ ΥΠ΄ΑΡΙΘ. 1219/2024 Συμβατικής Αξίας : 13.647,50 € συμπεριλαμβανομένου ΦΠ",https://diavgeia.gov.gr/doc/9ΠΥΠ4690Ω3-ΛΧΞ
99221985,ΨΖ5Ξ4690Ω3-ΜΛΔ,2025-03-13,"ΣΥΜΒΑΣΗ ΥΠ΄ΑΡΙΘ. 312/2025 Συμβατικής Αξίας : 21.142,00€ συμπεριλαμβανομένου ΦΠΑ ",https://diavgeia.gov.gr/doc/ΨΖ5Ξ4690Ω3-ΜΛΔ
99221985,9ΕΨΞ4690Ω3-Ω2Θ,2026-07-24,"ΣΥΜΒΑΣΗ ΥΠ΄ΑΡΙΘ. 816/2026 Συμβατικής Αξίας : 5.793,96 € συμπεριλαμβανομένου ΦΠΑ ",https://diavgeia.gov.gr/doc/9ΕΨΞ4690Ω3-Ω2Θ
99221985,ΨΚΝΖ4690Ω3-ΛΔΜ,2025-11-27,"ΣΥΜΒΑΣΗ ΥΠ΄ΑΡΙΘ. 1510/2025  Συμβατικής Αξίας : 6.917,30€ συμπεριλαμβανομένου ΦΠΑ",https://diavgeia.gov.gr/doc/ΨΚΝΖ4690Ω3-ΛΔΜ
99221985,ΨΜΔΖ4690Ω3-6ΞΩ,2025-02-26,"ΣΥΜΒΑΣΗ ΥΠ΄ΑΡΙΘ. 233/2025  Συμβατικής Αξίας : 4.577,02€ συμπεριλαμβανομένου ΦΠΑ ",https://diavgeia.gov.gr/doc/ΨΜΔΖ4690Ω3-6ΞΩ
99221985,ΡΔΜ14690Ω3-Ρ02,2026-06-30,"ΣΥΜΒΑΣΗ ΥΠ΄ΑΡΙΘ. 707/2026 Συμβατικής Αξίας : 28.302,00€ συμπεριλαμβανομένου ΦΠΑ ",https://diavgeia.gov.gr/doc/ΡΔΜ14690Ω3-Ρ02
99221985,9ΜΔ94690Ω3-ΘΦΖ,2026-04-15,ΣΥΜΒΑΣΗ ΥΠ΄ΑΡΙΘ. 428/2026 Με αντικείμενο προμήθειας: «Καθετήρες INFINITI TM και ,https://diavgeia.gov.gr/doc/9ΜΔ94690Ω3-ΘΦΖ
99221985,6ΝΧΠ4690Ω3-6ΡΤ,2026-06-30,ΣΥΜΒΑΣΗ ΥΠ΄ΑΡΙΘ. 720/2026 Με αντικείμενο την τιμολόγηση ενδοαγγειακών υλικών  τα,https://diavgeia.gov.gr/doc/6ΝΧΠ4690Ω3-6ΡΤ
99221985,ΡΓΦΕ4690Ω3-ΛΟΧ,2025-07-08,ΣΥΜΒΑΣΗ ΥΠ΄ΑΡΙΘ. 919/2025 Με αντικείμενο την τιμολόγηση ενδοαγγειακών υλικών  το,https://diavgeia.gov.gr/doc/ΡΓΦΕ4690Ω3-ΛΟΧ
99221985,ΡΦ7Ν4690Ω3-8ΕΒ,2025-08-27,ΣΥΜΒΑΣΗ ΥΠ΄ΑΡΙΘ. 1109/2025 Με αντικείμενο προμήθειας: «Εργαλείο Υπερήχων μιας χρ,https://diavgeia.gov.gr/doc/ΡΦ7Ν4690Ω3-8ΕΒ
99221985,6ΖΣΛ4690Ω3-7Ψ0,2025-04-08,"ΣΥΜΒΑΣΗ ΥΠ΄ΑΡΙΘ. 473/2025 Συμβατικής Αξίας : 34.154,40 € συμπεριλαμβανομένου ΦΠΑ",https://diavgeia.gov.gr/doc/6ΖΣΛ4690Ω3-7Ψ0
99221985,ΨΥΥ34690Ω3-8Ξ0,2024-09-11,"ΣΥΜΒΑΣΗ ΥΠ΄ΑΡΙΘ. 1198/2024 Συμβατικής Αξίας : 36.952,00 € συμπεριλαμβανομένου ΦΠ",https://diavgeia.gov.gr/doc/ΨΥΥ34690Ω3-8Ξ0
99221985,ΨΖΚΔ4690Ω3-32Α,2025-12-19,"ΣΥΜΒΑΣΗ ΥΠ΄ΑΡΙΘ. 1644/2025  Συμβατικής Αξίας : 8.706,90€ συμπεριλαμβανομένου ΦΠΑ",https://diavgeia.gov.gr/doc/ΨΖΚΔ4690Ω3-32Α
99221985,Ψ11Ζ4690Ω3-ΘΞΓ,2026-01-22,"ΣΥΜΒΑΣΗ ΥΠ΄ΑΡΙΘ. 7/2026 Συμβατικής Αξίας : 21.200,00 € συμπεριλαμβανομένου ΦΠΑ (",https://diavgeia.gov.gr/doc/Ψ11Ζ4690Ω3-ΘΞΓ
99221985,6ΧΧ94690Ω3-0Ο8,2024-10-31,ΣΥΜΒΑΣΗ ΥΠ΄ΑΡΙΘ. 1476/2024 Με αντικείμενο προμήθειας: «Χειρουργικό πεδίο κατάλλη,https://diavgeia.gov.gr/doc/6ΧΧ94690Ω3-0Ο8
99221985,6Τ3Γ4690Ω3-ΣΝΟ,2024-12-10,"ΣΥΜΒΑΣΗ ΥΠ΄ΑΡΙΘ. 1710/2024 Συμβατικής Αξίας : 11.695,80 € συμπεριλαμβανομένου ΦΠ",https://diavgeia.gov.gr/doc/6Τ3Γ4690Ω3-ΣΝΟ
99221985,6ΡΠΟ4690Ω3-ΛΘ7,2024-10-17,ΣΥΜΒΑΣΗ ΥΠ΄ΑΡΙΘ. 1385/2024 Με αντικείμενο την προμήθεια: « Εμφυτεύσιμο απινιδωτή,https://diavgeia.gov.gr/doc/6ΡΠΟ4690Ω3-ΛΘ7
99221985,Ρ89Η4690Ω3-34Υ,2025-06-19,ΣΥΜΒΑΣΗ ΥΠ΄ΑΡΙΘ. 793/2025 Με αντικείμενο την τιμολόγηση ενδοαγγειακών υλικών  τα,https://diavgeia.gov.gr/doc/Ρ89Η4690Ω3-34Υ
99221985,9ΝΒΛ4690Ω3-1ΞΡ,2026-05-05,"ΣΥΜΒΑΣΗ ΥΠ΄ΑΡΙΘ. 503/2026 Συμβατικής Αξίας : 31.715,20€ συμπεριλαμβανομένου ΦΠΑ ",https://diavgeia.gov.gr/doc/9ΝΒΛ4690Ω3-1ΞΡ
99221985,9Ο1Σ4690Ω3-Δ99,2025-06-13,"ΣΥΜΒΑΣΗ ΥΠ΄ΑΡΙΘ. 763/2025  Συμβατικής Αξίας : 3.096,72€ συμπεριλαμβανομένου ΦΠΑ ",https://diavgeia.gov.gr/doc/9Ο1Σ4690Ω3-Δ99
99221985,Ψ4ΖΨ4690Ω3-ΠΚΚ,2025-06-24,"ΣΥΜΒΑΣΗ ΥΠ΄ΑΡΙΘ. 825/2025 Συμβατικής Αξίας : 6.148,60 € συμπεριλαμβανομένου ΦΠΑ ",https://diavgeia.gov.gr/doc/Ψ4ΖΨ4690Ω3-ΠΚΚ
99221985,9Ψ544690Ω3-Ο09,2026-06-19,"ΣΥΜΒΑΣΗ ΥΠ΄ΑΡΙΘ. 659/2026  Συμβατικής Αξίας : 33.718,47€ συμπεριλαμβανομένου ΦΠΑ",https://diavgeia.gov.gr/doc/9Ψ544690Ω3-Ο09
99221985,Ρ27Δ4690Ω3-ΙΙΚ,2024-11-20,ΣΥΜΒΑΣΗ ΥΠ΄ΑΡΙΘ. 1605/2024 Με αντικείμενο την προμήθεια:  «Υγειονομικών Υλικών (,https://diavgeia.gov.gr/doc/Ρ27Δ4690Ω3-ΙΙΚ
99221985,Ψ7ΖΞ4690Ω3-ΩΟΖ,2025-07-30,ΣΥΜΒΑΣΗ ΥΠ΄ΑΡΙΘ. 994/2025 Με αντικείμενο προμήθειας: «ΣΥΣΤΗΜΑ ΕΛΑΧΙΣΤΗΣ ΔΙΑΚΟΛΠΙ,https://diavgeia.gov.gr/doc/Ψ7ΖΞ4690Ω3-ΩΟΖ
99221985,ΡΠ1Π4690Ω3-ΑΕΣ,2025-07-31,"ΣΥΜΒΑΣΗ ΥΠ΄ΑΡΙΘ. 1008/2025  Συμβατικής Αξίας : 3.753,41€ συμπεριλαμβανομένου ΦΠΑ",https://diavgeia.gov.gr/doc/ΡΠ1Π4690Ω3-ΑΕΣ
99221985,6ΝΤΟ4690Ω3-3ΟΧ,2026-06-19,ΣΥΜΒΑΣΗ ΠΑΡΟΧΗΣ ΥΠΗΡΕΣΙΩΝ ΥΠ. ΑΡΙΘΜ 652/2026  Με αντικείμενο την επισκευή κλιβάν,https://diavgeia.gov.gr/doc/6ΝΤΟ4690Ω3-3ΟΧ
99221985,9ΕΟΔ4690Ω3-168,2026-02-27,"ΣΥΜΒΑΣΗ ΥΠ΄ΑΡΙΘ. 196/2026  Συμβατικής Αξίας: 4.206,01€ συμπεριλαμβανομένου ΦΠΑ  ",https://diavgeia.gov.gr/doc/9ΕΟΔ4690Ω3-168
99221985,ΨΙ7Ω4690Ω3-ΓΟ9,2025-12-09,"ΣΥΜΒΑΣΗ ΥΠ΄ΑΡΙΘ. 1539/2025 Συμβατικής Αξίας : 1.017,60 € συμπεριλαμβανομένου ΦΠΑ",https://diavgeia.gov.gr/doc/ΨΙ7Ω4690Ω3-ΓΟ9
99221985,Ψ0Ν94690Ω3-ΙΒΤ,2025-03-06,ΣΥΜΒΑΣΗ ΥΠ΄ΑΡΙΘ. 289/2025 Με αντικείμενο την προμήθεια: «HOLTER συνεχούς καταγρα,https://diavgeia.gov.gr/doc/Ψ0Ν94690Ω3-ΙΒΤ
99221985,9ΣΩΦ4690Ω3-4ΜΣ,2026-08-05,ΣΥΜΒΑΣΗ ΥΠ΄ΑΡΙΘΜ.   864/2026,https://diavgeia.gov.gr/doc/9ΣΩΦ4690Ω3-4ΜΣ
99221985,961Γ4690Ω3-Ν8Ε,2025-01-03,"ΣΥΜΒΑΣΗ ΥΠ΄ΑΡΙΘ. 8/2025  Συμβατικής Αξίας : 4.164,56€ συμπεριλαμβανομένου ΦΠΑ  Μ",https://diavgeia.gov.gr/doc/961Γ4690Ω3-Ν8Ε
99221985,6ΤΓ24690Ω3-ΚΓΟ,2024-10-09,ΣΥΜΒΑΣΗ ΥΠ΄ΑΡΙΘ. 1355/2024 Με αντικείμενο την προμήθεια: «ΠΛΗΡΕΣ ΣΥΣΤΗΜΑ ΔΙΑΚΑΘΕ,https://diavgeia.gov.gr/doc/6ΤΓ24690Ω3-ΚΓΟ
99221985,Ψ0ΝΟ4690Ω3-74Γ,2025-12-02,ΣΥΜΒΑΣΗ ΥΠ΄ΑΡΙΘ. 1520/2025 Με αντικείμενο προμήθειας: «Ενδοαγγειακών υλικών για ,https://diavgeia.gov.gr/doc/Ψ0ΝΟ4690Ω3-74Γ
99221985,ΨΥ164690Ω3-834,2025-02-20,ΣΥΜΒΑΣΗ ΥΠ΄ΑΡΙΘ. 213/2025 Με αντικείμενο την προμήθεια: «ΕΝΔΟΝΑΡΘΗΚΑ ΧΡΩΜΙΟΥ ΚΟΒ,https://diavgeia.gov.gr/doc/ΨΥ164690Ω3-834
99221985,920Σ4690Ω3-ΜΟΔ,2026-04-22,"ΣΥΜΒΑΣΗ ΥΠ΄ΑΡΙΘ. 444/2026 Συμβατικής Αξίας : 12.276,00€ συμπεριλαμβανομένου ΦΠΑ ",https://diavgeia.gov.gr/doc/920Σ4690Ω3-ΜΟΔ
99221985,Ψ89Λ4690Ω3-0ΞΡ,2025-10-01,ΣΥΜΒΑΣΗ ΥΠ΄ΑΡΙΘ. 1226/2025 Με αντικείμενο προμήθειας: « Ορθοπεδικών Υλικών για τ,https://diavgeia.gov.gr/doc/Ψ89Λ4690Ω3-0ΞΡ
99221985,68ΥΘ4690Ω3-Ω2Α,2024-10-16,"ΣΥΜΒΑΣΗ ΥΠ΄ΑΡΙΘ. 1375/2024 	 Συμβατικής Αξίας : 5.506,70€ συμπεριλαμβανομένου ΦΠ",https://diavgeia.gov.gr/doc/68ΥΘ4690Ω3-Ω2Α
99221985,6Δ3Α4690Ω3-8ΑΨ,2025-07-11,"ΣΥΜΒΑΣΗ  ΠΑΡΟΧΗΣ ΥΠΗΡΕΣΙΩΝ ΥΠ. ΑΡΙΘΜ 930/2025  Συνολική συμβατική αξία: 8.160,00",https://diavgeia.gov.gr/doc/6Δ3Α4690Ω3-8ΑΨ
99221985,9ΨΒ54690Ω3-ΥΒ9,2026-04-03,"ΣΥΜΒΑΣΗ ΥΠ΄ΑΡΙΘ. 376/2026 Συμβατικής Αξίας : 32.104,84€ συμπεριλαμβανομένου ΦΠΑ ",https://diavgeia.gov.gr/doc/9ΨΒ54690Ω3-ΥΒ9
99221985,Ψ4ΧΤ4690Ω3-ΤΞ0,2025-06-16,ΣΥΜΒΑΣΗ ΥΠ΄ΑΡΙΘ. 778/2025,https://diavgeia.gov.gr/doc/Ψ4ΧΤ4690Ω3-ΤΞ0
99221985,ΨΗΖΞ4690Ω3-ΘΨΘ,2026-03-17,"ΣΥΜΒΑΣΗ ΥΠ΄ΑΡΙΘ. 277/2026  Συμβατικής Αξίας: 4.808,51€ συμπεριλαμβανομένου ΦΠΑ  ",https://diavgeia.gov.gr/doc/ΨΗΖΞ4690Ω3-ΘΨΘ
99221985,6ΜΒΗ4690Ω3-ΑΝΛ,2025-01-21,"ΣΥΜΒΑΣΗ ΥΠ΄ΑΡΙΘ. 59/2025  Συμβατικής Αξίας : 7.985,33€ συμπεριλαμβανομένου ΦΠΑ  ",https://diavgeia.gov.gr/doc/6ΜΒΗ4690Ω3-ΑΝΛ
99221985,ΨΨ8Ρ4690Ω3-ΝΚ2,2025-02-26,"ΣΥΜΒΑΣΗ ΥΠ΄ΑΡΙΘ. 231/2025  Συμβατικής Αξίας : 10.739,01€ συμπεριλαμβανομένου ΦΠΑ",https://diavgeia.gov.gr/doc/ΨΨ8Ρ4690Ω3-ΝΚ2
99221985,9ΑΑ14690Ω3-9ΤΣ,2026-01-14,"ΣΥΜΒΑΣΗ ΥΠ΄ΑΡΙΘ. 29/2026  Συμβατικής Αξίας : 6.019,64€ συμπεριλαμβανομένου ΦΠΑ  ",https://diavgeia.gov.gr/doc/9ΑΑ14690Ω3-9ΤΣ
99221985,9ΟΥ94690Ω3-ΠΝ8,2025-05-22,ΣΥΜΒΑΣΗ ΥΠ΄ΑΡΙΘ. 669/2025 Με αντικείμενο προμήθειας: «ΜΠΑΛΟΝΙΑ ΑΓΓΕΙΟΠΛΑΣΤΙΚΗΣ Σ,https://diavgeia.gov.gr/doc/9ΟΥ94690Ω3-ΠΝ8
99221985,Ψ5314690Ω3-9ΥΝ,2025-12-22,"ΣΥΜΒΑΣΗ ΥΠ΄ΑΡΙΘ. 1651/2025  Συμβατικής Αξίας : 11.046,48€ συμπεριλαμβανομένου ΦΠ",https://diavgeia.gov.gr/doc/Ψ5314690Ω3-9ΥΝ
99221985,Ψ8ΦΒ4690Ω3-3ΣΙ,2024-10-21,"ΣΥΜΒΑΣΗ ΥΠ΄ΑΡΙΘΜ.  1398/2024  Συμβατικής Αξίας : 1.393,20€ πλέον ΦΠΑ (ήτοι 1.727",https://diavgeia.gov.gr/doc/Ψ8ΦΒ4690Ω3-3ΣΙ
99221985,9ΡΠΚ4690Ω3-ΙΦΖ,2026-05-08,"ΣΥΜΒΑΣΗ ΥΠ΄ΑΡΙΘ. 519/2026 Συμβατικής Αξίας : 9.322,50€ συμπεριλαμβανομένου ΦΠΑ M",https://diavgeia.gov.gr/doc/9ΡΠΚ4690Ω3-ΙΦΖ
99222006,94ΙΒ46906Ε-Ι6Κ,2025-03-13,"ανάθεση των επισκευών των παιδικών χαρών του Νοσοκομείου, στην «SAFE PLAYGROUNDS",https://diavgeia.gov.gr/doc/94ΙΒ46906Ε-Ι6Κ
99222006,99ΚΨ46906Ε-7ΑΜ,2025-12-12,Έγκριση για την Προμήθεια Αντιδραστηρίων CliniMACS για ασθενή του Νοσοκομείου με,https://diavgeia.gov.gr/doc/99ΚΨ46906Ε-7ΑΜ
99222006,990Π46906Ε-5ΦΡ,2025-06-26,Ματαίωση του Επαναληπτικού Δημόσιου Διεθνή Ανοικτού Ηλεκτρονικού Διαγωνισμού με ,https://diavgeia.gov.gr/doc/990Π46906Ε-5ΦΡ
99222006,90Θ246906Ε-ΟΧ7,2025-11-27,Κατακύρωση του Δ.Δ.Α.Η.Δ. με αριθμό διακήρυξης 7/2024 & Αριθ. Συστ. 353153 για τ,https://diavgeia.gov.gr/doc/90Θ246906Ε-ΟΧ7
99222006,9ΓΥ846906Ε-ΑΥΔ,2025-04-08,Σύναψη σύμβασης ετήσιας προληπτικής συντήρησης και υποστήριξης του Συστήματος Δι,https://diavgeia.gov.gr/doc/9ΓΥ846906Ε-ΑΥΔ
99222006,ΨΡΧΟ46906Ε-ΧΝΘ,2025-04-30,"Την ανάθεση της ετήσιας σύμβασης συντήρησης χωρίς ανταλλακτικά, των δύο (2) Υπερ",https://diavgeia.gov.gr/doc/ΨΡΧΟ46906Ε-ΧΝΘ
99222006,6Θ9Φ46906Ε-ΙΥΨ,2025-02-25,Ματαίωση της διαγωνιστικής διαδικασίας για την αντικατάσταση αγώγιμων δαπέδων σε,https://diavgeia.gov.gr/doc/6Θ9Φ46906Ε-ΙΥΨ
99222006,Ψ3ΚΚ46906Ε-6Υ4,2025-03-27,ΚΑΤΑΚΥΡΩΣΗ ΤΟΥ ΔΗΜΟΣΙΟΥ ΑΝΟΙΚΤΟΥ ΗΛΕΚΤΡΟΝΙΚΟΥ ΔΙΑΓΩΝΙΣΜΟΥ ΓΙΑ ΤΗΝ ΠΡΟΜΗΘΕΙΑ: Α) ,https://diavgeia.gov.gr/doc/Ψ3ΚΚ46906Ε-6Υ4
99222006,6ΔΛΖ46906Ε-ΑΦΜ,2026-01-30,Τη σύναψη σύμβασης ετήσιας προληπτικής συντήρησης & υποστήριξης του συστήματος δ,https://diavgeia.gov.gr/doc/6ΔΛΖ46906Ε-ΑΦΜ
99222006,95Δ046906Ε-Σ93,2026-02-03,Την ανάθεση αντικατάστασης πλακών και παρεμβυσμάτων σε δυο εναλλάκτες ατμού-νερο,https://diavgeia.gov.gr/doc/95Δ046906Ε-Σ93
99222006,6ΦΙ946906Ε-ΨΒΟ,2024-10-03,ΚΑΤΑΚΥΡΩΣΗ ΤΟΥ ΔΔΑΗΔ ΓΙΑ ΤΗΝ ΠΡΟΜΗΘΕΙΑ ΒΑΛΒΙΔΩΝ ΥΔΡΟΚΕΦΑΛΟΥ ΚΑΙ ΛΟΙΠΩΝ ΥΛΙΚΩΝ ΝΕ,https://diavgeia.gov.gr/doc/6ΦΙ946906Ε-ΨΒΟ
99222006,ΡΡ4Ψ46906Ε-8ΞΞ,2025-12-10,Έγκριση ανάθεσης για τη σύναψη διετούς σύμβασης συντήρησης με ανταλλακτικά και α,https://diavgeia.gov.gr/doc/ΡΡ4Ψ46906Ε-8ΞΞ
99222006,6ΜΗΚ46906Ε-1Χ9,2025-03-06,έγκριση ανάθεσης της ετήσιας σύμβασης συντήρησης και εικοσιτετράωρης (24ώρης) πα,https://diavgeia.gov.gr/doc/6ΜΗΚ46906Ε-1Χ9
99222006,ΨΜΦΔ46906Ε-ΣΒ3,2025-07-23,Αναπροσαρμογή των τιμών της Τροποποιητικής σύμβασης Φ. 11406 στα πλαίσια του Δ.Α,https://diavgeia.gov.gr/doc/ΨΜΦΔ46906Ε-ΣΒ3
99222006,92ΤΧ46906Ε-ΧΒΘ,2025-01-22,ΘΕΜΑ: 27/1: Έγκριση ανάθεσης σύμβασης συντήρησης διετούς διάρκειας χωρίς κάλυψη ,https://diavgeia.gov.gr/doc/92ΤΧ46906Ε-ΧΒΘ
99222006,ΨΨΚΚ46906Ε-8Φ7,2025-05-20,"ΘΕΜΑ: 16/15: Έγκριση προμήθειας υγρού αζώτου συνολικής δαπάνης €29.977,00 πλέον ",https://diavgeia.gov.gr/doc/ΨΨΚΚ46906Ε-8Φ7
99222006,6Ν5Κ46906Ε-Υ1Μ,2025-02-28,ΈΓΚΡΙΣΗ προμήθειας ανταλλακτικών για επισκευή του συστήματος κλιματισμού του Κέν,https://diavgeia.gov.gr/doc/6Ν5Κ46906Ε-Υ1Μ
99222006,63ΦΗ46906Ε-ΝΒ5,2025-03-06,Την αντικατάσταση συμπιεστή στην αντλία θερμότητας «Hitachi» του κτηρίου «ΜΑΚΚΑ»,https://diavgeia.gov.gr/doc/63ΦΗ46906Ε-ΝΒ5
99222006,96ΠΗ46906Ε-ΚΩΑ,2025-04-01,προμήθεια και τοποθέτηση πληκτρολογίων έκτακτης ανάγκης σε αντικατάσταση των υφι,https://diavgeia.gov.gr/doc/96ΠΗ46906Ε-ΚΩΑ
99222006,67ΖΜ46906Ε-9Ω1,2024-09-18,Κατακύρωση του Δ.Δ.Α.Η.Δ. με Αρ. Διακ. 10/2022 για την παροχή υπηρεσιών συντήρησ,https://diavgeia.gov.gr/doc/67ΖΜ46906Ε-9Ω1
99222006,6ΘΞ646906Ε-Τ3Κ,2025-12-10,ΜΑΤΑΙΩΣΗ ΤΟΥ ΔΗΜΟΣΙΟΥ ΔΙΕΘΝΗ ΑΝΟΙΚΤΟΥ ΗΛΕΚΤΡΟΝΙΚΟΥ ΔΙΑΓΩΝΙΣΜΟΥ ΓΙΑ ΤΗΝ ΠΑΡΟΧΗ ΥΠ,https://diavgeia.gov.gr/doc/6ΘΞ646906Ε-Τ3Κ
99222006,ΡΓΒΩ46906Ε-2Ψ5,2026-01-22,Έγκριση ανάθεσης παροχής συμβουλευτικών υπηρεσιών για την κατάρτιση του Επιχειρη,https://diavgeia.gov.gr/doc/ΡΓΒΩ46906Ε-2Ψ5
99222006,ΨΤΚΙ46906Ε-ΕΝΒ,2024-09-18,"Κατακύρωση του ΔΑΗΔ για την ανάδειξη αναδόχου, για τον εκσυγχρονισμό μέσω αντικα",https://diavgeia.gov.gr/doc/ΨΤΚΙ46906Ε-ΕΝΒ
99222006,Ψ2Υ946906Ε-ΝΡΟ,2025-12-10,Έγκριση ανάθεσης για τη σύναψη διετούς σύμβασης συντήρησης με ανταλλακτικά και α,https://diavgeia.gov.gr/doc/Ψ2Υ946906Ε-ΝΡΟ
99222006,ΨΑΤΕ46906Ε-ΥΝΛ,2025-12-12,Έγκριση για την Προμήθεια Αντιδραστηρίων CliniMACS για ασθενή του Νοσοκομείου με,https://diavgeia.gov.gr/doc/ΨΑΤΕ46906Ε-ΥΝΛ
99222006,9ΗΡΤ46906Ε-ΠΩΚ,2024-10-03,ΕΓΚΡΙΣΗ ΕΠΑΝΑΛΗΨΗΣ ΤΟΥ ΔΗΜΟΣΙΟΥ ΑΝΟΙΚΤΟΥ ΗΛΕΚΤΡΟΝΙΚΟΥ ΔΙΑΓΩΝΙΣΜΟΥ ΓΙΑ ΤΗΝ ΠΡΟΜΗΘ,https://diavgeia.gov.gr/doc/9ΗΡΤ46906Ε-ΠΩΚ
99222006,ΡΩΞΩ46906Ε-ΙΧΓ,2026-01-30,Τη σύναψη σύμβασης για την εξαιρετικά επείγουσα και απρόβλεπτη αναγκαιότητα επισ,https://diavgeia.gov.gr/doc/ΡΩΞΩ46906Ε-ΙΧΓ
99222006,962Σ46906Ε-1ΘΞ,2025-04-29,ΠΡΟΜΗΘΕΙΑ ΥΓΡΟΥ ΟΞΥΓΟΝΟΥ,https://diavgeia.gov.gr/doc/962Σ46906Ε-1ΘΞ
99222006,ΨΘ0Ζ46906Ε-ΥΦΓ,2025-11-27,"ΘΕΜΑ 4 ο : Έγκριση προμήθειας υγρού αζώτου συνολικής δαπάνης €119.908,00 πλέον Φ",https://diavgeia.gov.gr/doc/ΨΘ0Ζ46906Ε-ΥΦΓ
99222006,Ρ4ΘΦ46906Ε-ΕΙΔ,2025-08-07,σύναψη ετήσιας σύμβασης για α) την συντήρηση του συστήματος κλιματισμού του Κέντ,https://diavgeia.gov.gr/doc/Ρ4ΘΦ46906Ε-ΕΙΔ
