org,ada,desc,qty,unit,total
99221985,65Θ44690Ω3-ΓΦΨ,Στην Αλεξανδρούπολη σήμερα,28.0,7.0,202.0
99221985,65Θ44690Ω3-ΓΦΨ,"Η σύμβαση έχει διάρκεια 2 μηνών, ήτοι από",28.0,7.0,202.0
99221985,68ΥΘ4690Ω3-Ω2Α,F0007426 - (MULTIBIC 2) ΤΕΜ,500.0,10.39,5195.0
99221985,6Δ3Α4690Ω3-8ΑΨ, Παρακράτηση φόρου εισοδήματος,4.0,55.0,223.0
99221985,6Δ3Α4690Ω3-8ΑΨ,Τεμάχιο,80.0,102.0,8160.0
99221985,6Θ624690Ω3-ΦΒΜ,) Την υπ. αριθμ. πρωτ. 58409/,18.0,11.0,202.0
99221985,6Μ7Η4690Ω3-ΙΛΝ,ΕΝΔΟΑΥΛΙΚΟΥ,1.0,8.0,8.0
99221985,6Μ7Η4690Ω3-ΙΛΝ,ΕΤΕΡΟΠΛΕΥΡΟ ΣΤΕΛΕΧΟΣ TEM,2.0,3.0,6.0
99221985,6Μ7Η4690Ω3-ΙΛΝ,ETEW2424C82EE,1.0,3.0,3.0
99221985,6Μ7Η4690Ω3-ΙΛΝ,AB46 (ΠΤ:24.5.15) TEM,1.0,290.0,290.0
99221985,6ΝΧΠ4690Ω3-6ΡΤ,mmX120mm TEM,1.0,8.0,8.0
99221985,6ΝΧΠ4690Ω3-6ΡΤ,G45407 (TSCMG- (ΠΤ: 41.6.52) TEM,1.0,190.0,190.0
99221985,6ΝΧΠ4690Ω3-6ΡΤ,"RCFW-14.0-38-30-RB, TEM",1.0,200.0,200.0
99221985,6ΝΧΠ4690Ω3-6ΡΤ,"G09602, TEM",1.0,250.0,250.0
99221985,6ΤΓ24690Ω3-ΚΓΟ,Digital,4.0,34.0,135.0
99221985,6ΤΓ24690Ω3-ΚΓΟ,"S3TF3**, • Διαδερμική Αορτική Βαλβίδα Sapien 3 - TEM",1.0,17.8,17.8
99221985,6ΧΧ94690Ω3-0Ο8,) Την υπ’ αριθ. πρωτ: 42501/,26.0,8.0,202.0
99221985,920Σ4690Ω3-ΜΟΔ,(ΠΤ:) ΤΕΜ,30.0,330.0,9900.0
99221985,93Ω74690Ω3-2ΑΩ,Ministry of,6.0,4.0,24.0
99221985,9ΑΑ14690Ω3-9ΤΣ,) Την υπ’ αριθ. πρωτ. ΟΡΘ-80-2025/68256/,202.0,5.0,997.0
99221985,9ΓΥΟ4690Ω3-ΑΥΒ,TV-*B**80-* ΚΥΡΙΟ ΣΩΜΑ ΜΟΣΧΕΥΜΑΤΟΣ TEM,1.0,8.0,8.0
99221985,9ΓΥΟ4690Ω3-ΑΥΒ,ή ΕΝΔΟΑΥΛΙΚΟΥ TEM,2.0,3.0,6.0
99221985,9ΓΥΟ4690Ω3-ΑΥΒ,TV-ΙL1******-I TEM,1.0,3.0,3.0
99221985,9ΓΥΟ4690Ω3-ΑΥΒ,ΕΠΙΚΑΛΥΨΗ 300εκ. TEM,2.0,160.0,320.0
99221985,9ΓΥΟ4690Ω3-ΑΥΒ,"*0*, TEM",3.0,9.5,28.5
99221985,9ΓΥΟ4690Ω3-ΑΥΒ,"*0000, TEM",3.0,13.67,41.01
99221985,9ΓΥΟ4690Ω3-ΑΥΒ,"H0, TEM",5.0,27.0,135.0
99221985,9ΓΥΟ4690Ω3-ΑΥΒ,( ΠΤ: 24.6.7) TEM,1.0,540.0,540.0
99221985,9ΓΥΟ4690Ω3-ΑΥΒ,"H9*5SCH3060*0, ( ΠΤ: 3.6.12) TEM",3.0,160.0,480.0
99221985,9ΓΥΟ4690Ω3-ΑΥΒ,( ΠΤ: 3.6.5) TEM,2.0,8.98,17.96
99221985,9ΓΥΟ4690Ω3-ΑΥΒ,"Μ0014650**, TEM",3.0,160.0,480.0
99221985,9ΓΥΟ4690Ω3-ΑΥΒ,( ΠΤ: 3.6.7) TEM,2.0,40.0,80.0
99221985,9ΜΔ94690Ω3-ΘΦΖ,) Την με αριθμό πρωτ: 10350/20-02-2026 (ΑΔΑ: 90ΖΕ4690Ω,3.0,3.0,9.0
99221985,9ΝΒΛ4690Ω3-1ΞΡ,Η σύμβαση ισχύει για ένα (,1.0,5.0,5.0
99221985,9ΣΩΦ4690Ω3-4ΜΣ, Παρακράτηση φόρου εισοδήματος,4.0,55.0,223.0
99221985,9ΣΩΦ4690Ω3-4ΜΣ,για το Σύστημα Τεμάχιο,4.0,1150.0,4600.0
99221985,9Υ5Ι4690Ω3-Β3Η,AAA4212B120 Μ:120mm ΤΕΜ,1.0,8.0,8.0
99221985,9Υ5Ι4690Ω3-Β3Η,CUFF1414C120 ΤΕΜ,2.0,3.0,6.0
99221985,9Υ5Ι4690Ω3-Β3Η,"A23526, GMDN:35094 ΤΕΜ",3.0,70.8,212.4
99221985,9ΨΒ54690Ω3-ΥΒ9,ΕΚΑΠΤΥ (ΠΤ:) ΤΕΜ,500.0,31.53,15765.0
99221985,9ΨΒ54690Ω3-ΥΒ9,ΠΟΛΛΑΠΛΩΝ ΑΣΘΕΝΩΝ ΤΕΜ,200.0,36.77,7354.0
99221985,9ΨΒ54690Ω3-ΥΒ9,ΕΚΑΠΤΥ (ΠΤ:) ΤΕΜ,200.0,5.06,1012.0
99221985,9ΨΒ54690Ω3-ΥΒ9,Κωδ. Είδους ΣΥΡΙΓΓΕΣ 150ML ΤΕΜ,200.0,8.8,1760.0
99221985,ΕΨ5Ε4690Ω3-Ο4Τ,"S3TF329, για διαμηριαία τοποθέτηση Commander. TEM",1.0,17.8,17.8
99221985,Ρ27Δ4690Ω3-ΙΙΚ,Την υπ. αριθμ. πρωτ. 58422/,18.0,11.0,202.0
99221985,ΡΓΦΕ4690Ω3-ΛΟΧ,ΕΝΔΟΑΥΛΙΚΟΥ,1.0,8.0,8.0
99221985,ΡΓΦΕ4690Ω3-ΛΟΧ,"ETLW1620C124EE, ΕΤΕΡΟΠΛΕΥΡΟ ΣΤΕΛΕΧΟΣ TEM",2.0,3.0,6.0
99221985,ΡΓΦΕ4690Ω3-ΛΟΧ,AB46 (ΠΤ:24.5.15) TEM,1.0,290.0,290.0
99221985,ΡΠΗ84690Ω3-ΑΥΗ,) Την υπ’ αριθμ. 58338/,18.0,11.0,202.0
99221985,ΡΣ884690Ω3-ΚΧΙ,"Στο Πανεπιστημιακό Γενικό Νοσοκομείο Αλεξανδρούπολης, σήμερα",29.0,7.0,202.0
99221985,ΡΣ884690Ω3-ΚΧΙ,ανάληψης υποχρέωσης (ΑΔΑΜ,26.0,19.0,514.0
99221985,ΡΣ884690Ω3-ΚΧΙ,) Την υπ’ Αριθμ. πρωτ. 39783/,29.0,7.0,202.0
99221985,ΡΦ7Ν4690Ω3-8ΕΒ,) Την με αριθμό πρωτ: 39057/,30.0,7.0,202.0
99221985,Ψ0Μ74690Ω3-15Ω,) Το υπ’ αριθ. 3201818.4926828/,22.0,9.0,202.0
99221985,Ψ0ΝΟ4690Ω3-74Γ,) Το υπ’ αριθμ. πρωτ: 4775/,22.0,9.0,202.0
99221985,Ψ0ΝΟ4690Ω3-74Γ,AB**98 TEM,1.0,8.0,8.0
99221985,Ψ0ΝΟ4690Ω3-74Γ,IL**** TEM,1.0,3.0,3.0
99221985,Ψ0ΝΟ4690Ω3-74Γ,IL**** TEM,1.0,3.0,3.0
99221985,Ψ0ΝΟ4690Ω3-74Γ,IL**** TEM,1.0,3.0,3.0
99221985,Ψ0ΝΟ4690Ω3-74Γ,C35**RSA TEM,2.0,100.0,200.0
99221985,Ψ0ΝΟ4690Ω3-74Γ,LOLU-1*-***-6T TEM,2.0,82.0,164.0
99221985,Ψ0ΝΟ4690Ω3-74Γ,M (ΠΤ: -) TEM,2.0,75.0,150.0
99221985,Ψ0ΝΟ4690Ω3-74Γ,*V5 (ΠΤ:-) TEM,4.0,22.0,88.0
99221985,Ψ0ΝΟ4690Ω3-74Γ,AL-46-100 (Π.Τ -) TEM,2.0,290.0,580.0
99221985,Ψ0ΝΟ4690Ω3-74Γ,**5 (Π.Τ: -) TEM,2.0,80.0,160.0
99221985,Ψ11Ζ4690Ω3-ΘΞΓ,) Την υπ΄αριθμ. 67609/ΒΚ417/,17.0,12.0,202.0
99221985,Ψ26Β4690Ω3-ΠΚΙ,ΚΥΡΙΟ ΣΤΕΛΕΧΟΣ ΕΝΔΟΑΥΛΙΚΟΥ TEM,1.0,8.0,8.0
99221985,Ψ26Β4690Ω3-ΠΚΙ,"ETLW*****, ΣΤΕΛΕΧΟΣ ΕΝΔΟΑΥΛΙΚΟΥ TEM",2.0,3.0,6.0
99221985,Ψ26Β4690Ω3-ΠΚΙ,ή (ΠΤ:25.55) TEM,1.0,3.0,3.0
99221985,Ψ26Β4690Ω3-ΠΚΙ,AB46 (ΠΤ:24.5.15) TEM,1.0,290.0,290.0
99221985,Ψ4ΖΨ4690Ω3-ΠΚΚ,"Η σύμβαση ισχύει για τρείς (3) μήνες από την υπογραφή της, ήτοι από 24-06-2025 έως",23.0,9.0,202.0
99221985,Ψ4ΧΤ4690Ω3-ΤΞ0,«Το έβδομο εδάφιο της παρ. 3 του άρθρου 4 του ν. 4013/,201.0,1.0,204.0
99221985,Ψ5314690Ω3-9ΥΝ,) Το υπ’ αριθ. 3279732.5055058/,18.0,11.0,202.0
99221985,Ψ7ΖΞ4690Ω3-ΩΟΖ,"Στο Πανεπιστημιακό Γενικό Νοσοκομείο Αλεξανδρούπολης, σήμερα",30.0,7.0,202.0
99221985,Ψ7ΖΞ4690Ω3-ΩΟΖ,Η σύμβαση ισχύει για ένα (1) έτος με ημερομηνία έναρξης της σύμβασης από,30.0,7.0,202.0
99221985,Ψ80Φ4690Ω3-ΩΡ7,REF ΠΕΤΑΣΜΑΤΟΣ ΤΕΜ,80.0,56.0,4480.0
99221985,Ψ89Λ4690Ω3-0ΞΡ,) Την με αριθμό πρωτ: 49359/,5.0,94.0,469.0
99221985,Ψ89Λ4690Ω3-0ΞΡ,ΛΑΜΑ ΠΡΙΟΝΙΟΥ TEM,1.0,70.0,70.0
99221985,Ψ89Λ4690Ω3-0ΞΡ,ΟΣΤΙΚΩΝ ΕΛΛΕΙΜΑΤΩΝ ΜΗΡΙΑΙΩΝ ΚΑΙ TEM,1.0,2.261,2.261
99221985,Ψ89Λ4690Ω3-0ΞΡ,ΠΡΟΣΘΗΚΕΣ ΜΗΡΙΑΙΑΣ ΚΑΙ ΚΝΗΜΙΑΙΑΣ TEM,4.0,249.0,996.0
99221985,Ψ89Λ4690Ω3-0ΞΡ,ΣΤΥΛΕΟΙ ΜΗΡΙΑΙΟΥ ΚΑΙ ΚΝΗΜΗΣ TEM,2.0,250.0,500.0
99221985,Ψ89Λ4690Ω3-0ΞΡ,ΛΑΜΑ ΠΡΙΟΝΙΟΥ TEM,1.0,70.0,70.0
99221985,Ψ89Λ4690Ω3-0ΞΡ,ΤΣΙΜΕΝΤΟ ΜΕ ΚΙΝΗΣΗ ΤΟΥ TEM,1.0,1.65,1.65
99221985,Ψ89Λ4690Ω3-0ΞΡ,ΣΤΥΛΕΟΙ ΜΗΡΙΑΙΟΥ ΚΑΙ ΚΝΗΜΗΣ TEM,1.0,250.0,250.0
99221985,Ψ8ΦΒ4690Ω3-3ΣΙ,Digital,47.0,3.0,139.0
99221985,Ψ8ΦΒ4690Ω3-3ΣΙ,"Στο Πανεπιστημιακό Γενικό Νοσοκομείο Αλεξανδρούπολης, σήμερα",21.0,10.0,202.0
99221985,Ψ8ΦΒ4690Ω3-3ΣΙ,"Η σύμβαση ισχύει για έξι μήνες, ήτοι από",21.0,10.0,202.0
99221985,ΨΞΤ74690Ω3-9Ρ8,ΚΑΛΥΜΑΤΑ Μ.Χ BILLISOFT T.M ΓΙΑ ΤΙΣ,200.0,7.0,1400.0
99221985,ΨΨ8Ρ4690Ω3-ΝΚ2,Digital,10.0,3.0,30.0
99222003,61ΘΜ46906Ψ-7ΛΕ,Εργαλείο καθήλωσης πλέγματος τεμάχιο/α,1.0,360.0,360.0
99222003,658Ε46906Ψ-ΧΟ5,Σέτ ηλεκτροδίων ραδιοχειρουργικής τεμάχιο/α,1.0,541.03,541.03
99222003,683946906Ψ-ΝΦ1,Τεμάχιο/α,1.0,328.0,328.0
99222003,683946906Ψ-ΝΦ1,Στυλεός ACCOLADE II 127o 4 Τεμάχιο/α,1.0,953.0,953.0
99222003,683946906Ψ-ΝΦ1,Τεμάχιο/α,1.0,236.0,236.0
99222003,683946906Ψ-ΝΦ1,Τεμάχιο/α,1.0,19.4,19.4
99222003,683946906Ψ-ΝΦ1,Κοτύλη TRIDENT II CLUSTERHOLE HA 48mm Τεμάχιο/α,1.0,463.0,463.0
99222003,683946906Ψ-ΝΦ1,"Φρέζα διαμέτρου 4,7mm τεμάχιο/α",1.0,278.4,278.4
99222003,683946906Ψ-ΝΦ1,"Φρέζα κνήμης, διαμ. 9,0mm τεμάχιο/α",1.0,278.4,278.4
99222003,683946906Ψ-ΝΦ1,"Φρέζα κνήμης, διαμ. 9,5mm τεμάχιο/α",1.0,278.4,278.4
99222003,683946906Ψ-ΝΦ1,έτοιμη για χρήση με 2 εμφυτεύματα τεμάχιο/α,3.0,402.24,1206.72
99222003,683946906Ψ-ΝΦ1,Artholink suture needles #2 White/Blue τεμάχιο/α,4.0,131.0,524.0
99222003,683946906Ψ-ΝΦ1,Σύστημα καθήλωσης μηρού προσ/νο. τεμάχιο/α,1.0,370.0,370.0
99222003,683946906Ψ-ΝΦ1,τεμάχιο/α,1.0,450.0,450.0
99222003,683946906Ψ-ΝΦ1,NECK SCREW 85mm τεμάχιο/α,1.0,252.0,252.0
99222003,683946906Ψ-ΝΦ1,FIXED NAIL CAP τεμάχιο/α,1.0,50.0,50.0
99222003,683946906Ψ-ΝΦ1,τεμάχιο/α,1.0,29.0,29.0
99222003,683946906Ψ-ΝΦ1,OΔHΓOΣ ME ΣΠEIPAMA 3x405mm τεμάχιο/α,1.0,21.0,21.0
99222003,683946906Ψ-ΝΦ1,OΔHΓOΣ 2.5X600 MM τεμάχιο/α,1.0,21.0,21.0
99222003,68ΩΠ46906Ψ-9Υ6,"ΕΛΛΗΝΙΚΗ ΔΗΜΟΚΡΑΤΙΑ Νίκαια,",17.0,12.0,202.0
99222003,69ΝΒ46906Ψ-ΕΝΦ,"ΕΛΛΗΝΙΚΗ ΔΗΜΟΚΡΑΤΙΑ Νίκαια,",17.0,12.0,202.0
99222003,6Γ2846906Ψ-Β1Ζ,Ημιαπορροφήσιμο πλέγμα 55mm τεμάχιο/α,1.0,110.0,110.0
99222003,6Γ2846906Ψ-Β1Ζ,Εργαλείο καθήλωσης πλέγματος τεμάχιο/α,1.0,360.0,360.0
99222003,6ΔΥΟ46906Ψ-Γ25,τεμάχιο/α,1.0,132.56,132.56
99222003,6ΔΥΟ46906Ψ-Γ25,τεμάχιο/α,1.0,220.0,220.0
99222003,6ΔΥΟ46906Ψ-Γ25,ελεγχόμενη και αυτοματοποιημένη τεμάχιο/α,1.0,76.8,76.8
99222003,6ΔΥΟ46906Ψ-Γ25,τεμάχιο/α,1.0,50.0,50.0
99222003,6Ζ2Ο46906Ψ-2ΦΨ,τεμάχιο/α,1.0,362.0,362.0
99222003,6Ζ2Ο46906Ψ-2ΦΨ,τεμάχιο/α,2.0,38.1,76.2
99222003,6Ζ2Ο46906Ψ-2ΦΨ,τεμάχιο/α,1.0,38.1,38.1
99222003,6Ζ2Ο46906Ψ-2ΦΨ,τεμάχιο/α,1.0,38.1,38.1
99222003,6Ζ2Ο46906Ψ-2ΦΨ,τεμάχιο/α,1.0,40.24,40.24
99222003,6Ζ2Ο46906Ψ-2ΦΨ,τεμάχιο/α,2.0,40.24,80.48
99222003,6ΖΘΔ46906Ψ-Π07,τεμάχιο/α,1.0,360.0,360.0
99222003,6ΗΥΦ46906Ψ-ΕΧ7,ΠΛΑΚΑ LCP ΚΑΤΩ ΜΗΡΟΥ 6 ΟΠΩΝ ΔΕΞΙΑ τεμάχιο/α,1.0,565.0,565.0
99222003,6ΗΥΦ46906Ψ-ΕΧ7,τεμάχιο/α,1.0,15.0,15.0
99222003,6ΗΥΦ46906Ψ-ΕΧ7,τεμάχιο/α,1.0,15.0,15.0
99222003,6ΗΥΦ46906Ψ-ΕΧ7,τεμάχιο/α,1.0,28.9,28.9
99222003,6ΗΥΦ46906Ψ-ΕΧ7,τεμάχιο/α,1.0,28.9,28.9
99222003,6ΗΥΦ46906Ψ-ΕΧ7,τεμάχιο/α,1.0,9.0,9.0
99222003,6ΗΥΦ46906Ψ-ΕΧ7,τεμάχιο/α,2.0,76.55,153.1
99222003,6ΗΥΦ46906Ψ-ΕΧ7,τεμάχιο/α,1.0,76.55,76.55
99222003,6Σ4Ξ46906Ψ-Ε1Σ,τεμάχιο/α,2.0,38.1,76.2
99222003,6Σ4Ξ46906Ψ-Ε1Σ,τεμάχιο/α,1.0,38.1,38.1
99222003,6Σ4Ξ46906Ψ-Ε1Σ,τεμάχιο/α,1.0,38.1,38.1
99222003,6Σ4Ξ46906Ψ-Ε1Σ,τεμάχιο/α,1.0,10.0,10.0
99222003,6Σ4Ξ46906Ψ-Ε1Σ,τεμάχιο/α,1.0,9.0,9.0
99222003,6Σ4Ξ46906Ψ-Ε1Σ,"Πλάκα Τ κυρτή τιτανίου 3,5 4/5 οπών τεμάχιο/α",1.0,565.0,565.0
99222003,6ΤΒΗ46906Ψ-ΥΜΗ,τεμάχιο/α,1.0,600.0,600.0
99222003,6ΤΒΗ46906Ψ-ΥΜΗ,τεμάχιο/α,2.0,414.2,828.4
99222003,6ΤΒΗ46906Ψ-ΥΜΗ,τεμάχιο/α,1.0,495.0,495.0
99222003,6ΤΡΩ46906Ψ-ΙΒΡ,τεμάχιο/α,1.0,880.0,880.0
99222003,93ΚΨ46906Ψ-ΡΙΔ,τεμάχιο/α,2.0,414.2,828.4
99222003,93ΚΨ46906Ψ-ΡΙΔ,τεμάχιο/α,2.0,414.2,828.4
99222003,93ΚΨ46906Ψ-ΡΙΔ,τεμάχιο/α,2.0,414.2,828.4
99222003,93ΚΨ46906Ψ-ΡΙΔ,τεμάχιο/α,1.0,320.0,320.0
99222003,93ΚΨ46906Ψ-ΡΙΔ,τεμάχιο/α,4.0,220.0,880.0
99222003,93ΚΨ46906Ψ-ΡΙΔ,τεμάχιο/α,2.0,414.2,828.4
99222003,93ΚΨ46906Ψ-ΡΙΔ,τεμάχιο/α,1.0,414.2,414.2
99222003,93ΚΨ46906Ψ-ΡΙΔ,τεμάχιο/α,1.0,600.0,600.0
99222003,93ΚΨ46906Ψ-ΡΙΔ,τεμάχιο/α,2.0,414.2,828.4
99222003,93ΚΨ46906Ψ-ΡΙΔ,τεμάχιο/α,2.0,320.0,640.0
99222003,94ΥΜ46906Ψ-ΣΩΞ,Λαπαρσκοπικό Σετ Εργαλείων Γ/Χ τεμάχιο/α,1.0,495.0,495.0
99222003,94ΥΜ46906Ψ-ΣΩΞ,Λαπαρσκοπικό Σετ Εργαλείων Γ/Χ τεμάχιο/α,1.0,495.0,495.0
99222003,94ΥΜ46906Ψ-ΣΩΞ,ΛΑΠΑΡΟΣΚΟΠΙΚΟ ΣΕΤ ΕΡΓΑΛΕΙΩΝ τεμάχιο/α,1.0,495.0,495.0
99222003,94ΥΜ46906Ψ-ΣΩΞ,τεμάχιο/α,1.0,922.25,922.25
99222003,94ΥΜ46906Ψ-ΣΩΞ,Λαπαρσκοπικό Σετ Εργαλείων Γ/Χ τεμάχιο/α,1.0,495.0,495.0
99222003,94ΥΜ46906Ψ-ΣΩΞ,Λαπαρσκοπικό Σετ Εργαλείων Γ/Χ τεμάχιο/α,1.0,495.0,495.0
99222003,94ΥΜ46906Ψ-ΣΩΞ,Λαπαρσκοπικό Σετ Εργαλείων Γ/Χ τεμάχιο/α,1.0,495.0,495.0
99222003,94ΥΜ46906Ψ-ΣΩΞ,Λαπαρσκοπικό Σετ Εργαλείων Γ/Χ τεμάχιο/α,1.0,495.0,495.0
99222003,94ΥΜ46906Ψ-ΣΩΞ,Λαπαρσκοπικό Σετ Εργαλείων Γ/Χ τεμάχιο/α,1.0,495.0,495.0
99222003,94ΥΜ46906Ψ-ΣΩΞ,ΑΓΓΕΙΟΛΑΒΙΔΑ ΥΠΕΡΗΧΩΝ 36CM τεμάχιο/α,1.0,922.25,922.25
99222003,94ΥΜ46906Ψ-ΣΩΞ,ΛΑΠΑΡΟΣΚΟΠΙΚΟ ΣΕΤ ΕΡΓΑΛΕΙΩΝ τεμάχιο/α,1.0,495.0,495.0
99222003,94ΥΜ46906Ψ-ΣΩΞ,ΣΥΡΡΑΦΗΣ-ΔΙΑΤΟΜΗΣ ΜΗΚΟΥΣ τεμάχιο/α,1.0,350.0,350.0
99222003,94ΥΜ46906Ψ-ΣΩΞ,τεμάχιο/α,1.0,495.0,495.0
99222003,94ΥΜ46906Ψ-ΣΩΞ,ΧΕΙΡΟΥΡΓΙΚΟ ΝΥΣΤΕΡΙ ΥΠΕΡΗΧΩΝ τεμάχιο/α,1.0,810.0,810.0
99222003,94ΥΜ46906Ψ-ΣΩΞ,Λαπαρσκοπικό Σετ Εργαλείων Γ/Χ τεμάχιο/α,1.0,495.0,495.0
99222003,94ΥΜ46906Ψ-ΣΩΞ,Λαπαρσκοπικό Σετ Εργαλείων Γ/Χ τεμάχιο/α,1.0,495.0,495.0
99222003,94ΥΜ46906Ψ-ΣΩΞ,τεμάχιο/α,1.0,495.0,495.0
99222003,94ΥΜ46906Ψ-ΣΩΞ,τεμάχιο/α,1.0,700.0,700.0
99222003,94ΥΜ46906Ψ-ΣΩΞ,τεμάχιο/α,1.0,105.0,105.0
99222003,94ΥΜ46906Ψ-ΣΩΞ,"ΜΠΑΛΟΝΙΟΥ FLAMINGO, 20CC, τεμάχιο/α",1.0,50.0,50.0
99222003,94ΥΜ46906Ψ-ΣΩΞ,τεμάχιο/α,1.0,15.8,15.8
99222003,94ΥΜ46906Ψ-ΣΩΞ,τεμάχιο/α,1.0,70.8,70.8
99222003,94ΥΜ46906Ψ-ΣΩΞ,τεμάχιο/α,1.0,38.5,38.5
99222003,94ΥΜ46906Ψ-ΣΩΞ,"TEMPO-4,038 100 VERTEBRAL τεμάχιο/α",1.0,27.0,27.0
99222003,94ΥΜ46906Ψ-ΣΩΞ,ΕΥΘΕΙΑΣ ΣΥΡΡΑΦΗΣ ΜΕ ΣΤΥΛΕΟ τεμάχιο/α,2.0,259.39,518.78
99222003,94ΥΜ46906Ψ-ΣΩΞ,Λαπαρσκοπικό Σετ Εργαλείων Γ/Χ τεμάχιο/α,1.0,495.0,495.0
99222003,94ΥΜ46906Ψ-ΣΩΞ,Λαπαρσκοπικό Σετ Εργαλείων Γ/Χ τεμάχιο/α,1.0,495.0,495.0
99222003,94ΥΜ46906Ψ-ΣΩΞ,τεμάχιο/α,1.0,120.0,120.0
99222003,94ΥΜ46906Ψ-ΣΩΞ,ΤΗΝ ΕΠΑΝΑΦΟΡΤΙΖΟΜΕΝΗ τεμάχιο/α,1.0,399.0,399.0
99222003,94ΥΜ46906Ψ-ΣΩΞ,τεμάχιο/α,1.0,595.0,595.0
99222003,97ΠΟ46906Ψ-ΣΩ0,Digital,11.0,4.0,43.0
99222003,97ΠΟ46906Ψ-ΣΩ0,τεμάχιο/α,1.0,403.0,403.0
99222003,97ΠΟ46906Ψ-ΣΩ0,"Ωλεκράνου, 7 οπών στη διάφυση, τεμάχιο/α",1.0,670.0,670.0
99222003,97ΠΟ46906Ψ-ΣΩ0,"Βίδα 2,7x12mm Ti Φλ. Οστού Αυτοκ. τεμάχιο/α",1.0,8.2,8.2
99222003,97ΠΟ46906Ψ-ΣΩ0,"Βίδα 2,7x14mm Ti Φλ. Οστού Αυτοκ. τεμάχιο/α",1.0,8.2,8.2
99222003,97ΠΟ46906Ψ-ΣΩ0,"Βίδα 2,7x16mm Ti Φλ. Οστού Αυτοκ. τεμάχιο/α",1.0,8.2,8.2
99222003,97ΠΟ46906Ψ-ΣΩ0,",7mm Αυτοκόπτουσα, Μήκους 12mm τεμάχιο/α",2.0,135.0,270.0
99222003,97ΠΟ46906Ψ-ΣΩ0,",7mm Αυτοκόπτουσα, Μήκους 16mm τεμάχιο/α",3.0,135.0,405.0
99222003,97ΠΟ46906Ψ-ΣΩ0,",7mm Αυτοκόπτουσα, Μήκους 18mm τεμάχιο/α",2.0,135.0,270.0
99222003,97ΠΟ46906Ψ-ΣΩ0,τεμάχιο/α,2.0,40.24,80.48
99222003,97ΠΟ46906Ψ-ΣΩ0,τεμάχιο/α,1.0,38.1,38.1
99222003,97ΠΟ46906Ψ-ΣΩ0,τεμάχιο/α,2.0,38.1,76.2
99222003,97ΠΟ46906Ψ-ΣΩ0,Τιτανίου Αυτοκόπτουσα πλήρους τεμάχιο/α,2.0,135.0,270.0
99222003,97ΠΟ46906Ψ-ΣΩ0,Τιτανίου Αυτοκόπτουσα πλήρους τεμάχιο/α,2.0,135.0,270.0
99222003,97ΠΟ46906Ψ-ΣΩ0,Τιτανίου Αυτοκόπτουσα πλήρους τεμάχιο/α,2.0,135.0,270.0
99222003,97ΠΟ46906Ψ-ΣΩ0,Τιτανίου Αυτοκόπτουσα πλήρους τεμάχιο/α,1.0,135.0,135.0
99222003,97ΠΟ46906Ψ-ΣΩ0,Τιτανίου Αυτοκόπτουσα πλήρους τεμάχιο/α,1.0,135.0,135.0
99222003,97ΠΟ46906Ψ-ΣΩ0,"Φρέζα 3,5mm L135mm τεμάχιο/α",1.0,53.04,53.04
99222003,97ΠΟ46906Ψ-ΣΩ0,τεμάχιο/α,1.0,92.0,92.0
99222003,97ΠΟ46906Ψ-ΣΩ0,UHR BIPOLAR 28x48mm τεμάχιο/α,1.0,189.0,189.0
99222003,97ΠΟ46906Ψ-ΣΩ0,Στυλεός ACCOLADE II 127o 6 τεμάχιο/α,1.0,328.0,328.0
99222003,97ΠΟ46906Ψ-ΣΩ0,"EXETER 2,5 1 M PLUG 10mm τεμάχιο/α",1.0,18.0,18.0
99222003,97ΠΟ46906Ψ-ΣΩ0,UHR BIPOLAR 28x50mm τεμάχιο/α,1.0,189.0,189.0
99222003,97ΠΟ46906Ψ-ΣΩ0,ΤΣΙΜΕΝΤΟ ΜΕ ΑΝΤΙΒΙΟΤΙΚΟ τεμάχιο/α,2.0,22.8,45.6
99222003,97ΠΟ46906Ψ-ΣΩ0,τεμάχιο/α,1.0,195.0,195.0
99222003,97ΠΟ46906Ψ-ΣΩ0,Κεφαλή V40 28mm κανονικό & 0mm τεμάχιο/α,1.0,114.0,114.0
99222003,97ΠΟ46906Ψ-ΣΩ0,τεμάχιο/α,1.0,67.19,67.19
99222003,97ΠΟ46906Ψ-ΣΩ0,τεμάχιο/α,1.0,50.5,50.5
99222003,97ΠΟ46906Ψ-ΣΩ0,τεμάχιο/α,1.0,452.91,452.91
99222003,97ΠΟ46906Ψ-ΣΩ0,τεμάχιο/α,1.0,177.09,177.09
99222003,97ΠΟ46906Ψ-ΣΩ0,τεμάχιο/α,1.0,50.5,50.5
99222003,97ΠΟ46906Ψ-ΣΩ0,τεμάχιο/α,1.0,50.5,50.5
99222003,97ΠΟ46906Ψ-ΣΩ0,τεμάχιο/α,1.0,452.91,452.91
99222003,97ΠΟ46906Ψ-ΣΩ0,τεμάχιο/α,1.0,50.5,50.5
99222003,97ΠΟ46906Ψ-ΣΩ0,τεμάχιο/α,1.0,50.5,50.5
99222003,97ΠΟ46906Ψ-ΣΩ0,τεμάχιο/α,1.0,50.5,50.5
99222003,97ΠΟ46906Ψ-ΣΩ0,τεμάχιο/α,1.0,177.09,177.09
99222003,97ΠΟ46906Ψ-ΣΩ0,τεμάχιο/α,1.0,50.5,50.5
99222003,97ΠΟ46906Ψ-ΣΩ0,τεμάχιο/α,1.0,177.09,177.09
99222003,97ΠΟ46906Ψ-ΣΩ0,τεμάχιο/α,1.0,50.5,50.5
99222003,97ΠΟ46906Ψ-ΣΩ0,τεμάχιο/α,1.0,177.09,177.09
99222003,97ΠΟ46906Ψ-ΣΩ0,τεμάχιο/α,1.0,452.91,452.91
99222003,97ΠΟ46906Ψ-ΣΩ0,τεμάχιο/α,1.0,50.5,50.5
99222003,97ΠΟ46906Ψ-ΣΩ0,Σύρμα Kirschner 450mm τεμάχιο/α,2.0,21.45,42.9
99222003,97ΠΟ46906Ψ-ΣΩ0,τεμάχιο/α,1.0,177.09,177.09
99222003,97ΠΟ46906Ψ-ΣΩ0,τεμάχιο/α,1.0,452.91,452.91
99222003,97ΠΟ46906Ψ-ΣΩ0,τεμάχιο/α,1.0,50.5,50.5
99222003,97ΠΟ46906Ψ-ΣΩ0,τεμάχιο/α,1.0,605.2,605.2
99222003,97ΠΟ46906Ψ-ΣΩ0,τεμάχιο/α,1.0,40.24,40.24
99222003,97ΠΟ46906Ψ-ΣΩ0,τεμάχιο/α,1.0,40.24,40.24
99222003,97ΠΟ46906Ψ-ΣΩ0,τεμάχιο/α,3.0,38.1,114.3
99222003,97ΠΟ46906Ψ-ΣΩ0,Τιτανίου Αυτοκόπτουσα πλήρους τεμάχιο/α,1.0,135.0,135.0
99222003,97ΠΟ46906Ψ-ΣΩ0,Τιτανίου Αυτοκόπτουσα πλήρους τεμάχιο/α,2.0,135.0,270.0
99222003,97ΠΟ46906Ψ-ΣΩ0,Τιτανίου Αυτοκόπτουσα πλήρους τεμάχιο/α,2.0,135.0,270.0
99222003,97ΠΟ46906Ψ-ΣΩ0,Τιτανίου Αυτοκόπτουσα πλήρους τεμάχιο/α,1.0,135.0,135.0
99222003,97ΠΟ46906Ψ-ΣΩ0,τεμάχιο/α,1.0,605.2,605.2
99222003,97ΠΟ46906Ψ-ΣΩ0,τεμάχιο/α,2.0,38.1,76.2
99222003,97ΠΟ46906Ψ-ΣΩ0,τεμάχιο/α,1.0,38.1,38.1
99222003,97ΠΟ46906Ψ-ΣΩ0,τεμάχιο/α,2.0,40.24,80.48
99222003,97ΠΟ46906Ψ-ΣΩ0,τεμάχιο/α,2.0,40.24,80.48
99222003,97ΠΟ46906Ψ-ΣΩ0,τεμάχιο/α,1.0,40.24,40.24
99222003,97ΠΟ46906Ψ-ΣΩ0,Τιτανίου Αυτοκόπτουσα πλήρους τεμάχιο/α,1.0,135.0,135.0
99222003,97ΠΟ46906Ψ-ΣΩ0,Τιτανίου Αυτοκόπτουσα πλήρους τεμάχιο/α,1.0,135.0,135.0
99222003,97ΠΟ46906Ψ-ΣΩ0,τεμάχιο/α,1.0,130.0,130.0
99222003,97ΠΟ46906Ψ-ΣΩ0,τεμάχιο/α,1.0,130.0,130.0
99222003,97ΠΟ46906Ψ-ΣΩ0,Ροδέλα Διαμ. 7mm Τιτανίου. τεμάχιο/α,1.0,15.0,15.0
99222003,97ΠΟ46906Ψ-ΣΩ0,τεμάχιο/α,2.0,11.84,23.68
99222003,97ΠΟ46906Ψ-ΣΩ0,τεμάχιο/α,2.0,21.45,42.9
99222003,97ΠΟ46906Ψ-ΣΩ0,Ήλος μηρού 10R CANN l440 τεμάχιο/α,1.0,480.0,480.0
99222003,97ΠΟ46906Ψ-ΣΩ0,Οδηγός γλυφανισμού L950 τεμάχιο/α,1.0,21.0,21.0
99222003,97ΠΟ46906Ψ-ΣΩ0,Κλειδούμενη βίδα 5 L51 A τεμάχιο/α,1.0,29.0,29.0
99222003,97ΠΟ46906Ψ-ΣΩ0,Κλειδούμενη βίδα 5 L68 A τεμάχιο/α,1.0,29.0,29.0
99222003,97ΠΟ46906Ψ-ΣΩ0,Κλειδούμενη βίδα 5 L64 τεμάχιο/α,1.0,29.0,29.0
99222003,97ΠΟ46906Ψ-ΣΩ0,Κλειδούμενη βίδα 5 L40 A τεμάχιο/α,1.0,29.0,29.0
99222003,97ΩΧ46906Ψ-Ρ9Ι,Τιτανίου Αυτοκόπτουσα πλήρους τεμάχιο/α,2.0,135.0,270.0
99222003,97ΩΧ46906Ψ-Ρ9Ι,Τιτανίου Αυτοκόπτουσα πλήρους τεμάχιο/α,5.0,135.0,675.0
99222003,97ΩΧ46906Ψ-Ρ9Ι,Τιτανίου Αυτοκόπτουσα πλήρους τεμάχιο/α,2.0,135.0,270.0
99222003,97ΩΧ46906Ψ-Ρ9Ι,Τιτανίου Αυτοκόπτουσα πλήρους τεμάχιο/α,1.0,135.0,135.0
99222003,97ΩΧ46906Ψ-Ρ9Ι,τεμάχιο/α,3.0,11.84,35.52
99222003,97ΩΧ46906Ψ-Ρ9Ι,τεμάχιο/α,1.0,330.2,330.2
99222003,97ΩΧ46906Ψ-Ρ9Ι,τεμάχιο/α,1.0,330.2,330.2
99222003,97ΩΧ46906Ψ-Ρ9Ι,τεμάχιο/α,4.0,38.1,152.4
99222003,97ΩΧ46906Ψ-Ρ9Ι,τεμάχιο/α,1.0,38.1,38.1
99222003,97ΩΧ46906Ψ-Ρ9Ι,"Φρέζα 2,5mm L110mm τεμάχιο/α",1.0,53.04,53.04
99222003,99ΡΛ46906Ψ-ΝΒΕ,τεμάχιο/α,1.0,798.0,798.0
99222003,99ΡΛ46906Ψ-ΝΒΕ,τεμάχιο/α,1.0,517.0,517.0
99222003,99ΡΛ46906Ψ-ΝΒΕ,τεμάχιο/α,1.0,320.0,320.0
99222003,99ΡΛ46906Ψ-ΝΒΕ,τεμάχιο/α,1.0,798.0,798.0
99222003,99ΡΛ46906Ψ-ΝΒΕ,τεμάχιο/α,1.0,798.0,798.0
99222003,99ΡΛ46906Ψ-ΝΒΕ,τεμάχιο/α,1.0,320.0,320.0
99222003,99ΡΛ46906Ψ-ΝΒΕ,τεμάχιο/α,1.0,320.0,320.0
99222003,99ΡΛ46906Ψ-ΝΒΕ,τεμάχιο/α,1.0,798.0,798.0
99222003,9Α0Σ46906Ψ-ΣΘ4,ΑΝΑΛΩΣΙΜΟ ΑΡΘΡΟΣΚΟΠΙΚΗΣ ΑΝΤΛΙΑΣ τεμάχιο/α,1.0,55.0,55.0
99222003,9Α0Σ46906Ψ-ΣΘ4,τεμάχιο/α,1.0,402.24,402.24
99222003,9Α0Σ46906Ψ-ΣΘ4,Αναλλώσιμο άκρο ωθητήρας/κόφτης τεμάχιο/α,1.0,131.0,131.0
99222003,9Α0Σ46906Ψ-ΣΘ4,ΑΡΘΡΟΣΚΟΠΙΚΟ ΓΛΥΦΑΝΟ τεμάχιο/α,2.0,89.0,178.0
99222003,9Α0Σ46906Ψ-ΣΘ4,ΑΝΑΛΩΣΙΜΟ ΑΡΘΡΟΣΚΟΠΙΚΗΣ ΑΝΤΛΙΑΣ τεμάχιο/α,1.0,55.0,55.0
99222003,9Α0Σ46906Ψ-ΣΘ4,τεμάχιο/α,2.0,402.24,804.48
99222003,9Α0Σ46906Ψ-ΣΘ4,"ΗΛΕΚΤΡΟΔΙΟ 90ο, 3,75mm(FAD02S-1535) τεμάχιο/α",2.0,160.0,320.0
99222003,9Α0Σ46906Ψ-ΣΘ4,ΑΡΘΡΟΣΚΟΠΙΚΟ ΓΛΥΦΑΝΟ τεμάχιο/α,2.0,89.0,178.0
99222003,9Α0Σ46906Ψ-ΣΘ4,ΑΝΑΛΩΣΙΜΟ ΑΡΘΡΟΣΚΟΠΙΚΗΣ ΑΝΤΛΙΑΣ τεμάχιο/α,1.0,55.0,55.0
99222003,9Α0Σ46906Ψ-ΣΘ4,Ράβδος Carbon 11mm Μήκους 300mm τεμάχιο/α,2.0,319.48,638.96
99222003,9Α0Σ46906Ψ-ΣΘ4,Ράβδος Carbon 11mm Μήκους 150mm τεμάχιο/α,3.0,119.17,357.51
99222003,9Α0Σ46906Ψ-ΣΘ4,"Ράβδος CARBON 11mm, μήκους 200mm τεμάχιο/α",2.0,167.5,335.0
99222003,9Α0Σ46906Ψ-ΣΘ4,Κεφαλή πολλαπλών βελόνων τεμάχιο/α,1.0,971.2,971.2
99222003,9Α0Σ46906Ψ-ΣΘ4,Κεφαλή Σύνδεσης Ράβδου-Ράβδου τεμάχιο/α,10.0,151.54,1515.4
99222003,9Α0Σ46906Ψ-ΣΘ4,Συνδ. Μπουλόνια Βίδες Μήκους,12.0,1.0,11.93
99222003,9Α0Σ46906Ψ-ΣΘ4,τεμάχιο/α,3.0,34.0,102.0
99222003,9Α0Σ46906Ψ-ΣΘ4,Βελόνες ΕΟ 6-4x125mm ΣΠΕΙΡ. 30mm τεμάχιο/α,1.0,34.0,34.0
99222003,9Α0Σ46906Ψ-ΣΘ4,τεμάχιο/α,1.0,34.0,34.0
99222003,9Α0Σ46906Ψ-ΣΘ4,ΑΡΘΡΟΣΚΟΠΙΚΟ ΓΛΥΦΑΝΟ τεμάχιο/α,2.0,89.0,178.0
99222003,9Α0Σ46906Ψ-ΣΘ4,ΑΝΑΛΩΣΙΜΟ ΑΡΘΡΟΣΚΟΠΙΚΗΣ ΑΝΤΛΙΑΣ τεμάχιο/α,1.0,55.0,55.0
99222003,9Α0Σ46906Ψ-ΣΘ4,ΑΡΘΡΟΣΚΟΠΙΚΟ ΓΛΥΦΑΝΟ τεμάχιο/α,3.0,89.0,267.0
99222003,9Α0Σ46906Ψ-ΣΘ4,ΑΝΑΛΩΣΙΜΟ ΑΡΘΡΟΣΚΟΠΙΚΗΣ ΑΝΤΛΙΑΣ τεμάχιο/α,1.0,55.0,55.0
99222003,9Α0Σ46906Ψ-ΣΘ4,ΑΡΘΡΟΣΚΟΠΙΚΟ ΓΛΥΦΑΝΟ τεμάχιο/α,1.0,89.0,89.0
99222003,9Α0Σ46906Ψ-ΣΘ4,"ΗΛΕΚΤΡΟΔΙΟ 90ο, 3,75mm(FAD02S-1535) τεμάχιο/α",1.0,160.0,160.0
99222003,9Α0Σ46906Ψ-ΣΘ4,ΣΥΣΤ. ΣΥΡΡΑΦΡΗΣ ΚΥΡΤΟ ΑΠΟΡΟΦ/ΜΟ τεμάχιο/α,1.0,742.6,742.6
99222003,9Α0Σ46906Ψ-ΣΘ4,ΑΝΑΛΩΣΙΜΟ ΑΡΘΡΟΣΚΟΠΙΚΗΣ ΑΝΤΛΙΑΣ τεμάχιο/α,1.0,55.0,55.0
99222003,9Α0Σ46906Ψ-ΣΘ4,ΑΡΘΡΟΣΚΟΠΙΚΟ ΓΛΥΦΑΝΟ τεμάχιο/α,1.0,89.0,89.0
99222003,9Α0Σ46906Ψ-ΣΘ4,ΑΡΘΡΟΣΚΟΠΙΚΟ ΓΛΥΦΑΝΟ τεμάχιο/α,1.0,89.0,89.0
99222003,9Α0Σ46906Ψ-ΣΘ4,ΑΝΑΛΩΣΙΜΟ ΑΡΘΡΟΣΚΟΠΙΚΗΣ ΑΝΤΛΙΑΣ τεμάχιο/α,1.0,55.0,55.0
99222003,9Α0Σ46906Ψ-ΣΘ4,"ΗΛΕΚΤΡΟΔΙΟ 90ο, 3,75mm(FAD02S-1535) τεμάχιο/α",1.0,160.0,160.0
99222003,9Α0Σ46906Ψ-ΣΘ4,τεμάχιο/α,2.0,402.24,804.48
99222003,9Α0Σ46906Ψ-ΣΘ4,τεμάχιο/α,1.0,89.0,89.0
99222003,9Α0Σ46906Ψ-ΣΘ4,ΑΡΘΡΟΣΚΟΠΙΚΟ ΓΛΥΦΑΝΟ τεμάχιο/α,1.0,89.0,89.0
99222003,9Α0Σ46906Ψ-ΣΘ4,ΑΝΑΛΩΣΙΜΟ ΑΡΘΡΟΣΚΟΠΙΚΗΣ ΑΝΤΛΙΑΣ τεμάχιο/α,1.0,55.0,55.0
99222003,9Α0Σ46906Ψ-ΣΘ4,"ΗΛΕΚΤΡΟΔΙΟ 90ο, 3,75mm(FAD02S-1535) τεμάχιο/α",1.0,160.0,160.0
99222003,9Α0Σ46906Ψ-ΣΘ4,τεμάχιο/α,1.0,402.24,402.24
99222003,9Α0Σ46906Ψ-ΣΘ4,Αναλλώσιμο άκρο ωθητήρας/κόφτης τεμάχιο/α,1.0,131.0,131.0
99222003,9Α0Σ46906Ψ-ΣΘ4,Κεφαλή Σύνδεσης Ράβδου-Ράβδου τεμάχιο/α,12.0,95.65,1147.8
99222003,9Α0Σ46906Ψ-ΣΘ4,Ράβδος CARBON 11mm Μήκους 250mm τεμάχιο/α,2.0,83.23,166.46
99222003,9Α0Σ46906Ψ-ΣΘ4,Ράβδος CARBON 11mm Μήκους 300mm τεμάχιο/α,3.0,83.62,250.86
99222003,9Α0Σ46906Ψ-ΣΘ4,Εξάγωνα συνδετικά 20mm MC τεμάχιο/α,4.0,22.65,90.6
99222003,9Α0Σ46906Ψ-ΣΘ4,Ράβδος Carbon 11mm Μήκους 150mm τεμάχιο/α,2.0,75.14,150.28
99222003,9Α0Σ46906Ψ-ΣΘ4,Δακτύλιος 2/3 180-200mm τεμάχιο/α,1.0,805.72,805.72
99222003,9Α0Σ46906Ψ-ΣΘ4,Μπουλόνια Συρμάτων με Σχισμή SS τεμάχιο/α,8.0,40.27,322.16
99222003,9Α0Σ46906Ψ-ΣΘ4,Παξιμαδάκια Κανονικά MC τεμάχιο/α,8.0,1.96,15.68
99222003,9Α0Σ46906Ψ-ΣΘ4,Κεφαλή πολλαπλών βελόνων τεμάχιο/α,2.0,613.51,1227.02
99222003,9Α0Σ46906Ψ-ΣΘ4,Βίδα ασφάλισης 10mm τεμάχιο/α,6.0,10.57,63.42
99222003,9Α0Σ46906Ψ-ΣΘ4,"Σύρματα Βελ. Ilizarov ss με ελαία 1,8x400mm τεμάχιο/α",2.0,34.0,68.0
99222003,9Α0Σ46906Ψ-ΣΘ4,"Σύρματα Βελ. Ilizarov ss 1,8x350mm τεμάχιο/α",1.0,34.0,34.0
99222003,9Α0Σ46906Ψ-ΣΘ4,τεμάχιο/α,3.0,34.0,102.0
99222003,9Α0Σ46906Ψ-ΣΘ4,τεμάχιο/α,3.0,34.0,102.0
99222003,9ΑΜΒ46906Ψ-Υ21,"νυστεριού διαμέτρου 5-12mm, μήκος τεμάχιο/α",1.0,80.0,80.0
99222003,9ΑΜΒ46906Ψ-Υ21,τεμάχιο/α,1.0,541.03,541.03
99222003,9ΑΜΒ46906Ψ-Υ21,Απορροφησιμη αιμοστατική σκόνη. τεμάχιο/α,1.0,198.0,198.0
99222003,9ΑΜΒ46906Ψ-Υ21,τεμάχιο/α,1.0,541.03,541.03
99222003,9ΑΜΒ46906Ψ-Υ21,τεμάχιο/α,1.0,360.0,360.0
99222003,9ΑΜΒ46906Ψ-Υ21,usp 1 με βελόνα 48mm μήκους τεμάχιο/α,2.0,30.79,61.58
99222003,9ΑΜΒ46906Ψ-Υ21,τεμάχιο/α,1.0,765.0,765.0
99222003,9ΑΜΒ46906Ψ-Υ21,Απορροφησιμη αιμοστατική σκόνη. τεμάχιο/α,1.0,198.0,198.0
99222003,9ΑΜΒ46906Ψ-Υ21,τεμάχιο/α,1.0,541.03,541.03
99222003,9ΑΜΒ46906Ψ-Υ21,τεμάχιο/α,1.0,400.5,400.5
99222003,9ΑΜΒ46906Ψ-Υ21,Απορροφησιμη αιμοστατική σκόνη. τεμάχιο/α,1.0,198.0,198.0
99222003,9ΑΜΒ46906Ψ-Υ21,τεμάχιο/α,1.0,541.03,541.03
99222003,9ΑΜΒ46906Ψ-Υ21,τεμάχιο/α,1.0,400.5,400.5
99222003,9ΑΜΒ46906Ψ-Υ21,τεμάχιο/α,1.0,541.03,541.03
99222003,9ΑΜΒ46906Ψ-Υ21,Πολυμερές Στεγ/κο 5ml τεμάχιο/α,1.0,450.0,450.0
99222003,9ΑΜΒ46906Ψ-Υ21,ΣΙΛΙΚΟΝΗΣ 23 cm ΕΜΠΟΤΙΣΜΕΝΟΣ τεμάχιο/α,1.0,350.0,350.0
99222003,9ΑΜΒ46906Ψ-Υ21,ΠΑΡΟΧΕΤΕΥΣΗΣ ΕΝΥ ΧΩΡΙΣ τεμάχιο/α,1.0,225.0,225.0
99222003,9ΑΜΒ46906Ψ-Υ21,Στυλεός χωρίς τσιμέντο ECOFIT τεμάχιο/α,1.0,319.0,319.0
99222003,9ΑΜΒ46906Ψ-Υ21,ΚΕΦΑΛΑΚΙ CoCr 28mm τεμάχιο/α,1.0,100.0,100.0
99222003,9ΑΜΒ46906Ψ-Υ21,ΚΕΦΑΛΗ BIPOLAR CoCr 28/48mm τεμάχιο/α,1.0,190.0,190.0
99222003,9ΕΡΣ46906Ψ-ΑΝΖ,"ΒΕΛΟΝΑ KIRSCHNER 1,6mm TROKAR τεμάχιο/α",5.0,1.84,9.2
99222003,9ΕΡΣ46906Ψ-ΑΝΖ,τεμάχιο/α,1.0,30.0,30.0
99222003,9ΕΡΣ46906Ψ-ΑΝΖ,τεμάχιο/α,1.0,38.1,38.1
99222003,9ΕΡΣ46906Ψ-ΑΝΖ,τεμάχιο/α,2.0,38.1,76.2
99222003,9ΕΡΣ46906Ψ-ΑΝΖ,τεμάχιο/α,1.0,54.52,54.52
99222003,9ΕΡΣ46906Ψ-ΑΝΖ,τεμάχιο/α,1.0,605.2,605.2
99222003,9ΕΡΣ46906Ψ-ΑΝΖ,τεμάχιο/α,1.0,38.1,38.1
99222003,9ΕΡΣ46906Ψ-ΑΝΖ,τεμάχιο/α,1.0,54.52,54.52
99222003,9ΕΡΣ46906Ψ-ΑΝΖ,τεμάχιο/α,1.0,38.1,38.1
99222003,9ΕΡΣ46906Ψ-ΑΝΖ,τεμάχιο/α,2.0,38.1,76.2
99222003,9ΕΡΣ46906Ψ-ΑΝΖ,τεμάχιο/α,3.0,38.1,114.3
99222003,9Ζ6Π46906Ψ-ΜΥΥ,"Βίδα φλοιού ALPS, D3,5mm, L 26mm τεμάχιο/α",1.0,38.1,38.1
99222003,9Ζ6Π46906Ψ-ΜΥΥ,"Βίδα φλοιού ALPS, D3,5mm, L 28mm τεμάχιο/α",1.0,38.1,38.1
99222003,9Ζ6Π46906Ψ-ΜΥΥ,"Βίδα φλοιού ALPS, D3,5mm, L 30mm τεμάχιο/α",1.0,38.1,38.1
99222003,9Ζ6Π46906Ψ-ΜΥΥ,"Βίδα φλοιού ALPS, D3,5mm, L 32mm τεμάχιο/α",2.0,38.1,76.2
99222003,9Ζ6Π46906Ψ-ΜΥΥ,τεμάχιο/α,2.0,54.52,109.04
99222003,9Ζ6Π46906Ψ-ΜΥΥ,τεμάχιο/α,1.0,81.0,81.0
99222003,9Ζ6Π46906Ψ-ΜΥΥ,τεμάχιο/α,2.0,81.0,162.0
99222003,9Ζ6Π46906Ψ-ΜΥΥ,τεμάχιο/α,1.0,81.0,81.0
99222003,9Ζ6Π46906Ψ-ΜΥΥ,τεμάχιο/α,1.0,81.0,81.0
99222003,9Ζ6Π46906Ψ-ΜΥΥ,τεμάχιο/α,1.0,605.5,605.5
99222003,9Ζ6Π46906Ψ-ΜΥΥ,τεμάχιο/α,1.0,177.09,177.09
99222003,9Ζ6Π46906Ψ-ΜΥΥ,τεμάχιο/α,1.0,50.5,50.5
99222003,9Ζ6Π46906Ψ-ΜΥΥ,τεμάχιο/α,1.0,452.91,452.91
99222003,9Ζ6Π46906Ψ-ΜΥΥ,Στυλεός Κνημιαίου PSN ST 14x30mm τεμάχιο/α,1.0,250.0,250.0
99222003,9Ζ6Π46906Ψ-ΜΥΥ,τεμάχιο/α,1.0,47.11,47.11
99222003,9Ζ6Π46906Ψ-ΜΥΥ,HI FATIGUE BONE CMT G 1X40 τεμάχιο/α,2.0,46.0,92.0
99222003,9Ζ6Π46906Ψ-ΜΥΥ,τεμάχιο/α,1.0,198.0,198.0
99222003,9Ζ6Π46906Ψ-ΜΥΥ,τεμάχιο/α,1.0,79.98,79.98
99222003,9Ζ6Π46906Ψ-ΜΥΥ,Hand Controlled Pensil Non Stick τεμάχιο/α,1.0,52.06,52.06
99222003,9Ζ6Π46906Ψ-ΜΥΥ,τεμάχιο/α,1.0,51.34,51.34
99222003,9Ζ6Π46906Ψ-ΜΥΥ,Ηλεκτρόδιο RF ακίδα (Fine Needle) τεμάχιο/α,1.0,37.65,37.65
99222003,9Ζ6Π46906Ψ-ΜΥΥ,τεμάχιο/α,1.0,237.5,237.5
99222003,9Ζ6Π46906Ψ-ΜΥΥ,τεμάχιο/α,1.0,79.98,79.98
99222003,9Ζ6Π46906Ψ-ΜΥΥ,Hand Controlled Pensil Non Stick τεμάχιο/α,1.0,52.06,52.06
99222003,9Ζ6Π46906Ψ-ΜΥΥ,τεμάχιο/α,1.0,51.34,51.34
99222003,9Ζ6Π46906Ψ-ΜΥΥ,Ηλεκτρόδιο RF ακίδα (Fine Needle) τεμάχιο/α,1.0,37.65,37.65
99222003,9Ζ6Π46906Ψ-ΜΥΥ,τεμάχιο/α,1.0,237.5,237.5
99222003,9Ζ6Π46906Ψ-ΜΥΥ,"αναρρόφησης μιας χρήσεως, τεμάχιο/α",1.0,55.0,55.0
99222003,9Ζ6Π46906Ψ-ΜΥΥ,usp 1 με βελόνα 48mm μήκους τεμάχιο/α,2.0,30.79,61.58
99222003,9Ζ6Π46906Ψ-ΜΥΥ,τεμάχιο/α,1.0,79.98,79.98
99222003,9Ζ6Π46906Ψ-ΜΥΥ,Hand Controlled Pensil Non Stick τεμάχιο/α,1.0,52.06,52.06
99222003,9Ζ6Π46906Ψ-ΜΥΥ,τεμάχιο/α,1.0,51.34,51.34
99222003,9Ζ6Π46906Ψ-ΜΥΥ,Ηλεκτρόδιο RF ακίδα (Fine Needle) τεμάχιο/α,1.0,37.65,37.65
99222003,9Ζ6Π46906Ψ-ΜΥΥ,τεμάχιο/α,1.0,237.5,237.5
99222003,9Ζ6Π46906Ψ-ΜΥΥ,"Φρέζα μηρού, διαμ. 8,0mm Canulated τεμάχιο/α",1.0,278.4,278.4
99222003,9Ζ6Π46906Ψ-ΜΥΥ,"Φρέζα διαμέτρου 4,7mm τεμάχιο/α",1.0,278.4,278.4
99222003,9Ζ6Π46906Ψ-ΜΥΥ,Artholink ράμμα #2 μπλε τεμάχιο/α,2.0,131.0,262.0
99222003,9Ζ6Π46906Ψ-ΜΥΥ,"Οδηγός με μάτι 2,4mm-355mm τεμάχιο/α",2.0,115.0,230.0
99222003,9Ζ6Π46906Ψ-ΜΥΥ,τεμάχιο/α,1.0,349.0,349.0
99222003,9Ζ6Π46906Ψ-ΜΥΥ,"Φρέζα κνήμης, διαμ. 9,5mm τεμάχιο/α",1.0,278.4,278.4
99222003,9Ζ6Π46906Ψ-ΜΥΥ,"Φρέζα κνήμης, διαμ. 9,0mm τεμάχιο/α",1.0,278.4,278.4
99222003,9Ζ6Π46906Ψ-ΜΥΥ,"Φρέζα διαμέτρου 4,7mm τεμάχιο/α",1.0,278.4,278.4
99222003,9Ζ6Π46906Ψ-ΜΥΥ,Artholink ράμμα #2 μπλε τεμάχιο/α,4.0,131.0,524.0
99222003,9Ζ6Π46906Ψ-ΜΥΥ,Σύστημα καθήλωσης μηρού προσ/νο. τεμάχιο/α,1.0,370.0,370.0
99222003,9Ζ6Π46906Ψ-ΜΥΥ,"Οδηγός με μάτι 2,4mm-355mm τεμάχιο/α",2.0,115.0,230.0
99222003,9Ζ6Π46906Ψ-ΜΥΥ,"Φρέζα κνήμης, διαμ. 9,0mm τεμάχιο/α",1.0,278.4,278.4
99222003,9Ζ6Π46906Ψ-ΜΥΥ,"Φρέζα μηρού, διαμ. 8,5mm Canulated τεμάχιο/α",1.0,278.4,278.4
99222003,9Ζ6Π46906Ψ-ΜΥΥ,"Φρέζα διαμέτρου 4,7mm τεμάχιο/α",1.0,278.4,278.4
99222003,9Ζ6Π46906Ψ-ΜΥΥ,Artholink ράμμα #2 μπλε τεμάχιο/α,4.0,131.0,524.0
99222003,9Ζ6Π46906Ψ-ΜΥΥ,"Οδηγός με μάτι 2,4mm-355mm τεμάχιο/α",2.0,115.0,230.0
99222003,9Ζ6Π46906Ψ-ΜΥΥ,Σύστημα καθήλωσης μηρού προσ/νο. τεμάχιο/α,1.0,370.0,370.0
99222003,9Ζ6Π46906Ψ-ΜΥΥ,"Φρέζα κνήμης, διαμ. 9,5mm τεμάχιο/α",1.0,278.4,278.4
99222003,9Ζ6Π46906Ψ-ΜΥΥ,"Φρέζα κνήμης, διαμ. 9,0mm τεμάχιο/α",1.0,278.4,278.4
99222003,9Ζ6Π46906Ψ-ΜΥΥ,"Φρέζα διαμέτρου 4,7mm τεμάχιο/α",1.0,278.4,278.4
99222003,9Ζ6Π46906Ψ-ΜΥΥ,Artholink ράμμα #2 μπλε τεμάχιο/α,4.0,131.0,524.0
99222003,9Ζ6Π46906Ψ-ΜΥΥ,Βιοαπορροφήσιμη βίδα 10x30mm τεμάχιο/α,1.0,235.0,235.0
99222003,9Ζ6Π46906Ψ-ΜΥΥ,έτοιμη για χρήση με 2 εμφυτεύματα τεμάχιο/α,2.0,402.24,804.48
99222003,9Ζ6Π46906Ψ-ΜΥΥ,"Οδηγός με μάτι 2,4mm-355mm τεμάχιο/α",2.0,115.0,230.0
99222003,9Ζ6Π46906Ψ-ΜΥΥ,"Κυρτό γλύφανο 4,2 - 15* τεμάχιο/α",2.0,106.0,212.0
99222003,9Ζ6Π46906Ψ-ΜΥΥ,τεμάχιο/α,1.0,174.0,174.0
99222003,9Ζ6Π46906Ψ-ΜΥΥ,έτοιμη για χρήση με 2 εμφυτεύματα τεμάχιο/α,2.0,402.24,804.48
99222003,9Ζ6Π46906Ψ-ΜΥΥ,"Κυρτό γλύφανο 4,2 - 15* τεμάχιο/α",1.0,106.0,106.0
99222003,9Ζ6Π46906Ψ-ΜΥΥ,τεμάχιο/α,1.0,737.28,737.28
99222003,9Ζ6Π46906Ψ-ΜΥΥ,τεμάχιο/α,2.0,135.0,270.0
99222003,9Ζ6Π46906Ψ-ΜΥΥ,τεμάχιο/α,1.0,135.0,135.0
99222003,9Ζ6Π46906Ψ-ΜΥΥ,τεμάχιο/α,3.0,135.0,405.0
99222003,9Ζ6Π46906Ψ-ΜΥΥ,τεμάχιο/α,1.0,135.0,135.0
99222003,9Ζ6Π46906Ψ-ΜΥΥ,τεμάχιο/α,1.0,135.0,135.0
99222003,9Ζ6Π46906Ψ-ΜΥΥ,Συμπ. Πολυαξονικά Κλειδούμενη τεμάχιο/α,1.0,133.0,133.0
99222003,9Ζ6Π46906Ψ-ΜΥΥ,τεμάχιο/α,1.0,500.0,500.0
99222003,9Ζ6Π46906Ψ-ΜΥΥ,τεμάχιο/α,1.0,50.5,50.5
99222003,9Ζ6Π46906Ψ-ΜΥΥ,τεμάχιο/α,1.0,50.5,50.5
99222003,9Ζ6Π46906Ψ-ΜΥΥ,τεμάχιο/α,2.0,50.5,101.0
99222003,9Ζ6Π46906Ψ-ΜΥΥ,τεμάχιο/α,1.0,50.5,50.5
99222003,9Ζ6Π46906Ψ-ΜΥΥ,"Πώμα 11,5mm + 5mm τεμάχιο/α",1.0,50.5,50.5
99222003,9Ζ6Π46906Ψ-ΜΥΥ,τεμάχιο/α,1.0,644.0,644.0
99222003,9Ζ6Π46906Ψ-ΜΥΥ,UHR BIPOLAR 28x47mm τεμάχιο/α,1.0,189.0,189.0
99222003,9Ζ6Π46906Ψ-ΜΥΥ,τεμάχιο/α,1.0,183.0,183.0
99222003,9Ζ6Π46906Ψ-ΜΥΥ,Στυλεός ACCOLADE II 127o 5 τεμάχιο/α,1.0,428.0,428.0
99222003,9Ζ6Π46906Ψ-ΜΥΥ,τεμάχιο/α,1.0,79.98,79.98
99222003,9Ζ6Π46906Ψ-ΜΥΥ,Hand Controlled Pensil Non Stick τεμάχιο/α,1.0,52.06,52.06
99222003,9Ζ6Π46906Ψ-ΜΥΥ,τεμάχιο/α,1.0,51.34,51.34
99222003,9Ζ6Π46906Ψ-ΜΥΥ,Ηλεκτρόδιο RF ακίδα (Fine Needle) τεμάχιο/α,1.0,37.65,37.65
99222003,9Ζ6Π46906Ψ-ΜΥΥ,τεμάχιο/α,1.0,237.5,237.5
99222003,9Ζ6Π46906Ψ-ΜΥΥ,"Επιθετικό Γλύφανο 5,5mm τεμάχιο/α",1.0,106.0,106.0
99222003,9Ζ6Π46906Ψ-ΜΥΥ,τεμάχιο/α,1.0,174.0,174.0
99222003,9Ζ6Π46906Ψ-ΜΥΥ,"Κυρτό γλύφανο 4,2 - 15* τεμάχιο/α",1.0,106.0,106.0
99222003,9ΗΕΖ46906Ψ-ΑΕ8,τεμάχιο/α,1.0,765.0,765.0
99222003,9ΗΕΖ46906Ψ-ΑΕ8,τεμάχιο/α,1.0,270.0,270.0
99222003,9ΗΕΖ46906Ψ-ΑΕ8,Εργαλείο καθήλωσης πλέγματος τεμάχιο/α,1.0,360.0,360.0
99222003,9ΗΕΖ46906Ψ-ΑΕ8,Οπτικό τροκάρ διαμέτρου 11 mm τεμάχιο/α,1.0,80.0,80.0
99222003,9ΗΕΖ46906Ψ-ΑΕ8,Απορροφήσιμη αιμοστατική σκόνη. τεμάχιο/α,2.0,198.0,396.0
99222003,9ΗΕΖ46906Ψ-ΑΕ8,ΛΑΠΑΡΟΣΚΟΠΙΚΟ ΣΕΤ ΕΡΓΑΛΕΙΩΝ τεμάχιο/α,1.0,495.0,495.0
99222003,9ΗΕΖ46906Ψ-ΑΕ8,τεμάχιο/α,1.0,922.25,922.25
99222003,9ΗΕΖ46906Ψ-ΑΕ8,Εργαλείο καθήλωσης πλέγματος τεμάχιο/α,1.0,360.0,360.0
99222003,9ΗΕΖ46906Ψ-ΑΕ8,Ημιαπορροφήσιμο πλέγμα 55mm τεμάχιο/α,1.0,110.0,110.0
99222003,9ΗΕΖ46906Ψ-ΑΕ8,τεμάχιο/α,1.0,495.0,495.0
99222003,9ΗΕΖ46906Ψ-ΑΕ8,τεμάχιο/α,1.0,850.0,850.0
99222003,9ΗΕΖ46906Ψ-ΑΕ8,τεμάχιο/α,1.0,850.0,850.0
99222003,9ΗΕΖ46906Ψ-ΑΕ8,τεμάχιο/α,1.0,922.25,922.25
99222003,9ΗΕΖ46906Ψ-ΑΕ8,Απορροφήσιμη αιμοστατική σκόνη. τεμάχιο/α,1.0,198.0,198.0
99222003,9ΗΕΖ46906Ψ-ΑΕ8,τεμάχιο/α,1.0,33.0,33.0
99222003,9ΗΕΖ46906Ψ-ΑΕ8,Απορροφησιμη αιμοστατική σκόνη. τεμάχιο/α,1.0,198.0,198.0
99222003,9ΗΕΖ46906Ψ-ΑΕ8,Ημιαπορροφήσιμο πλέγμα 55mm τεμάχιο/α,1.0,110.0,110.0
99222003,9ΗΕΖ46906Ψ-ΑΕ8,ΛΑΠΑΡΟΣΚΟΠΙΚΟ ΣΕΤ ΕΡΓΑΛΕΙΩΝ τεμάχιο/α,1.0,495.0,495.0
99222003,9ΗΕΖ46906Ψ-ΑΕ8,τεμάχιο/α,1.0,922.25,922.25
99222003,9ΗΕΖ46906Ψ-ΑΕ8,ΛΑΠΑΡΟΣΚΟΠΙΚΟ ΣΕΤ ΕΡΓΑΛΕΙΩΝ τεμάχιο/α,1.0,495.0,495.0
99222003,9ΗΕΖ46906Ψ-ΑΕ8,Απορροφήσιμη αιμοστατική σκόνη. τεμάχιο/α,1.0,198.0,198.0
99222003,9ΗΕΖ46906Ψ-ΑΕ8,τεμάχιο/α,2.0,33.0,66.0
99222003,9Θ6Η46906Ψ-087,Τιτανίου Αυτοκόπτουσα πλήρους τεμάχιο/α,1.0,135.0,135.0
99222003,9Θ6Η46906Ψ-087,Τιτανίου Αυτοκόπτουσα πλήρους τεμάχιο/α,2.0,135.0,270.0
99222003,9Θ6Η46906Ψ-087,τεμάχιο/α,1.0,605.2,605.2
99222003,9Θ6Η46906Ψ-087,τεμάχιο/α,1.0,38.1,38.1
99222003,9Θ6Η46906Ψ-087,τεμάχιο/α,2.0,38.1,76.2
99222003,9Θ6Η46906Ψ-087,τεμάχιο/α,1.0,38.1,38.1
99222003,9Θ6Η46906Ψ-087,τεμάχιο/α,2.0,40.24,80.48
99222003,9Θ6Η46906Ψ-087,τεμάχιο/α,1.0,40.24,40.24
99222003,9Θ6Η46906Ψ-087,Ροδέλα Διαμ. 7mm Τιτανίου. τεμάχιο/α,1.0,15.0,15.0
99222003,9Θ6Η46906Ψ-087,τεμάχιο/α,1.0,362.0,362.0
99222003,9Θ6Η46906Ψ-087,τεμάχιο/α,1.0,38.1,38.1
99222003,9Θ6Η46906Ψ-087,τεμάχιο/α,1.0,38.1,38.1
99222003,9Θ6Η46906Ψ-087,τεμάχιο/α,2.0,130.0,260.0
99222003,9Θ6Η46906Ψ-087,"Αυλοφόρα φρέζα 2,7mm τεμάχιο/α",1.0,168.0,168.0
99222003,9Θ6Η46906Ψ-087,τεμάχιο/α,6.0,21.45,128.7
99222003,9Θ6Η46906Ψ-087,Τιτανίου Αυτοκόπτουσα πλήρους τεμάχιο/α,1.0,135.0,135.0
99222003,9Θ6Η46906Ψ-087,Τιτανίου Αυτοκόπτουσα πλήρους τεμάχιο/α,2.0,135.0,270.0
99222003,9Θ6Η46906Ψ-087,Τιτανίου Αυτοκόπτουσα πλήρους τεμάχιο/α,2.0,135.0,270.0
99222003,9Θ6Η46906Ψ-087,Τιτανίου Αυτοκόπτουσα πλήρους τεμάχιο/α,1.0,135.0,135.0
99222003,9Θ6Η46906Ψ-087,τεμάχιο/α,1.0,605.2,605.2
99222003,9Θ6Η46906Ψ-087,τεμάχιο/α,1.0,38.1,38.1
99222003,9Θ6Η46906Ψ-087,τεμάχιο/α,1.0,38.1,38.1
99222003,9Θ6Η46906Ψ-087,τεμάχιο/α,1.0,40.24,40.24
99222003,9Θ6Η46906Ψ-087,"Σύρμα με Σπείρωμα 1,6x150mm τεμάχιο/α",4.0,21.45,85.8
99222003,9Θ6Η46906Ψ-087,τεμάχιο/α,1.0,330.2,330.2
99222003,9Θ6Η46906Ψ-087,τεμάχιο/α,1.0,38.1,38.1
99222003,9Θ6Η46906Ψ-087,τεμάχιο/α,1.0,38.1,38.1
99222003,9Θ6Η46906Ψ-087,τεμάχιο/α,2.0,38.1,76.2
99222003,9Θ6Η46906Ψ-087,τεμάχιο/α,2.0,38.1,76.2
99222003,9Θ6Η46906Ψ-087,τεμάχιο/α,1.0,40.24,40.24
99222003,9Θ6Η46906Ψ-087,τεμάχιο/α,1.0,40.24,40.24
99222003,9Θ6Η46906Ψ-087,τεμάχιο/α,2.0,40.24,80.48
99222003,9Θ6Η46906Ψ-087,τεμάχιο/α,2.0,38.1,76.2
99222003,9Θ6Η46906Ψ-087,τεμάχιο/α,2.0,38.1,76.2
99222003,9Θ6Η46906Ψ-087,τεμάχιο/α,1.0,38.1,38.1
99222003,9Θ6Η46906Ψ-087,τεμάχιο/α,1.0,38.1,38.1
99222003,9Θ6Η46906Ψ-087,Τιτανίου Αυτοκόπτουσα πλήρους τεμάχιο/α,3.0,135.0,405.0
99222003,9Θ6Η46906Ψ-087,Τιτανίου Αυτοκόπτουσα πλήρους τεμάχιο/α,2.0,135.0,270.0
99222003,9Θ6Η46906Ψ-087,Τιτανίου Αυτοκόπτουσα πλήρους τεμάχιο/α,2.0,135.0,270.0
99222003,9Θ6Η46906Ψ-087,τεμάχιο/α,1.0,362.0,362.0
99222003,9Θ6Η46906Ψ-087,τεμάχιο/α,3.0,38.1,114.3
99222003,9Θ6Η46906Ψ-087,τεμάχιο/α,2.0,38.1,76.2
99222003,9Θ6Η46906Ψ-087,τεμάχιο/α,1.0,38.1,38.1
99222003,9Θ6Η46906Ψ-087,τεμάχιο/α,1.0,38.1,38.1
99222003,9Θ6Η46906Ψ-087,τεμάχιο/α,1.0,40.24,40.24
99222003,9Θ6Η46906Ψ-087,τεμάχιο/α,1.0,40.24,40.24
99222003,9Θ6Η46906Ψ-087,τεμάχιο/α,1.0,40.24,40.24
99222003,9Θ6Η46906Ψ-087,"Κερκίδας 5/8 Οπών, Αριστερή, τεμάχιο/α",1.0,403.0,403.0
99222003,9Θ6Η46906Ψ-087,"Βίδα 2,7x14mm Ti Φλ. Οστού Αυτοκ. τεμάχιο/α",1.0,8.2,8.2
99222003,9Θ6Η46906Ψ-087,"Βίδα 2,7x18mm Ti Φλ. Οστού Αυτοκ. τεμάχιο/α",1.0,8.2,8.2
99222003,9Θ6Η46906Ψ-087,"Βίδα 2,7x22mm Ti Φλ. Οστού Αυτοκ. τεμάχιο/α",1.0,8.2,8.2
99222003,9Θ6Η46906Ψ-087,",7mm Αυτοκόπτουσα, Μήκους 18mm τεμάχιο/α",3.0,135.0,405.0
99222003,9Θ6Η46906Ψ-087,",7mm Αυτοκόπτουσα, Μήκους 20mm τεμάχιο/α",1.0,135.0,135.0
99222003,9Θ6Η46906Ψ-087,τεμάχιο/α,4.0,21.45,85.8
99222003,9Θ6Η46906Ψ-087,τεμάχιο/α,1.0,40.24,40.24
99222003,9Θ6Η46906Ψ-087,τεμάχιο/α,1.0,40.24,40.24
99222003,9Θ6Η46906Ψ-087,τεμάχιο/α,1.0,38.1,38.1
99222003,9Θ6Η46906Ψ-087,Τιτανίου Αυτοκόπτουσα πλήρους τεμάχιο/α,2.0,135.0,270.0
99222003,9Θ6Η46906Ψ-087,Τιτανίου Αυτοκόπτουσα πλήρους τεμάχιο/α,2.0,135.0,270.0
99222003,9Θ6Η46906Ψ-087,Τιτανίου Αυτοκόπτουσα πλήρους τεμάχιο/α,2.0,135.0,270.0
99222003,9Θ6Η46906Ψ-087,τεμάχιο/α,1.0,605.2,605.2
99222003,9Κ2646906Ψ-11Δ,"ΒΕΛΟΝΑ KIRSCHNER 1,6mm TROKAR τεμάχιο/α",2.0,1.84,3.68
99222003,9ΛΙ946906Ψ-Σ1Λ,τεμάχιο/α,1.0,220.0,220.0
99222003,9ΛΙ946906Ψ-Σ1Λ,τεμάχιο/α,1.0,132.56,132.56
99222003,9ΛΙ946906Ψ-Σ1Λ,τεμάχιο/α,2.0,220.0,440.0
99222003,9ΛΙ946906Ψ-Σ1Λ,τεμάχιο/α,2.0,132.56,265.12
99222003,9ΛΙ946906Ψ-Σ1Λ,τεμάχιο/α,2.0,115.0,230.0
99222003,9ΛΙ946906Ψ-Σ1Λ,τεμάχιο/α,1.0,76.8,76.8
99222003,9ΛΙ946906Ψ-Σ1Λ,τεμάχιο/α,2.0,132.56,265.12
99222003,9ΛΙ946906Ψ-Σ1Λ,τεμάχιο/α,2.0,550.0,1100.0
99222003,9ΛΙ946906Ψ-Σ1Λ,τεμάχιο/α,1.0,132.56,132.56
99222003,9ΛΙ946906Ψ-Σ1Λ,τεμάχιο/α,2.0,550.0,1100.0
99222003,9ΛΙ946906Ψ-Σ1Λ,τεμάχιο/α,1.0,132.56,132.56
99222003,9ΡΑΡ46906Ψ-ΨΦΒ,"Γ.Ν.ΔΥΤΙΚΗΣ ΑΤΤΙΚΗΣ «Η ΑΓΙΑ ΒΑΡΒΑΡΑ» Νίκαια,",26.0,8.0,202.0
99222003,9ΡΑΡ46906Ψ-ΨΦΒ,τεμάχιο/α,4.0,11.84,47.36
99222003,9ΡΑΡ46906Ψ-ΨΦΒ,τεμάχιο/α,1.0,11.84,11.84
99222003,9ΡΑΡ46906Ψ-ΨΦΒ,τεμάχιο/α,2.0,11.84,23.68
99222003,9ΡΑΡ46906Ψ-ΨΦΒ,τεμάχιο/α,1.0,401.0,401.0
99222003,9ΡΑΡ46906Ψ-ΨΦΒ,τεμάχιο/α,2.0,15.0,30.0
99222003,9ΡΑΡ46906Ψ-ΨΦΒ,τεμάχιο/α,2.0,15.0,30.0
99222003,9ΡΑΡ46906Ψ-ΨΦΒ,"ΦΡΕΖΑ ΑΥΤΟΜΑΤΗ 2,0mm ΜΗΚΟΥΣ 20mm τεμάχιο/α",1.0,30.0,30.0
99222003,9Υ4Ε46906Ψ-ΒΛ2,τεμάχιο/α,1.0,450.0,450.0
99222003,9Υ4Ε46906Ψ-ΒΛ2,NECK SCREW 90mm τεμάχιο/α,1.0,252.0,252.0
99222003,9Υ4Ε46906Ψ-ΒΛ2,FIXED NAIL CAP τεμάχιο/α,1.0,50.0,50.0
99222003,9Υ4Ε46906Ψ-ΒΛ2,τεμάχιο/α,1.0,29.0,29.0
99222003,9Υ4Ε46906Ψ-ΒΛ2,τεμάχιο/α,1.0,29.0,29.0
99222003,9Υ4Ε46906Ψ-ΒΛ2,OΔHΓOΣ ME ΣΠEIPAMA 3x405mm τεμάχιο/α,1.0,21.0,21.0
99222003,9Υ4Ε46906Ψ-ΒΛ2,OΔHΓOΣ 2.5X600 MM τεμάχιο/α,1.0,21.0,21.0
99222003,9ΨΔ146906Ψ-ΤΦΥ,τεμάχιο/α,1.0,220.0,220.0
99222003,9ΨΔ146906Ψ-ΤΦΥ,τεμάχιο/α,1.0,530.0,530.0
99222003,9ΨΔ146906Ψ-ΤΦΥ,τεμάχιο/α,1.0,414.2,414.2
99222003,9ΨΔ146906Ψ-ΤΦΥ,cm ΕΜΠΟΤΙΣΜΕΝΟΣ ΜΕ τεμάχιο/α,1.0,350.0,350.0
99222003,9ΨΔ146906Ψ-ΤΦΥ,ΠΑΡΟΧΕΤΕΥΣΗΣ ΕΝΥ ΧΩΡΙΣ τεμάχιο/α,1.0,225.0,225.0
99222003,9ΨΔ146906Ψ-ΤΦΥ,τεμάχιο/α,1.0,220.0,220.0
99222003,9ΨΔ146906Ψ-ΤΦΥ,τεμάχιο/α,1.0,60.0,60.0
99222003,9ΨΔ146906Ψ-ΤΦΥ,τεμάχιο/α,2.0,220.0,440.0
99222003,9ΨΔ146906Ψ-ΤΦΥ,τεμάχιο/α,1.0,414.2,414.2
99222003,9ΨΕΖ46906Ψ-Φ28,Κεφαλή D.28 L Ανοξ. Χάλυβας τεμάχιο/α,1.0,109.0,109.0
99222003,9ΨΕΖ46906Ψ-Φ28,Κεφαλή Bipolar D.46 τεμάχιο/α,1.0,150.0,150.0
99222003,9ΨΕΖ46906Ψ-Φ28,Στυλεός P CAP 6 STD. Χωρίς Τσιμέντο τεμάχιο/α,1.0,350.0,350.0
99222003,9ΨΕΖ46906Ψ-Φ28,Λάμα Πριονιού τεμάχιο/α,1.0,70.0,70.0
99222003,ΡΒΥΟ46906Ψ-ΟΜΜ,Φρέζα Κρανιοτομίας τεμάχιο/α,1.0,169.4,169.4
99222003,ΡΒΥΟ46906Ψ-ΟΜΜ,τεμάχιο/α,1.0,169.4,169.4
99222003,ΡΒΥΟ46906Ψ-ΟΜΜ,Φρέζα Μετ. Ανάτρησης τεμάχιο/α,1.0,169.4,169.4
99222003,ΡΓΓ346906Ψ-6ΟΗ,τεμάχιο/α,1.0,74.78,74.78
99222003,ΡΓΓ346906Ψ-6ΟΗ,ΗΛΕΚΤΡΟΔΙΟ ΣΠΑΤΟΥΛΑ τεμάχιο/α,1.0,86.1,86.1
99222003,ΡΓΓ346906Ψ-6ΟΗ,τεμάχιο/α,1.0,260.0,260.0
99222003,ΡΓΓ346906Ψ-6ΟΗ,τεμάχιο/α,1.0,79.98,79.98
99222003,ΡΟ6Α46906Ψ-ΨΚΛ,Παρελήφθησαν από την κάτωθι υπογραφούσα επιτροπή με βάση τις Α.Δ. 33461/,26.0,8.0,201.0
99222003,ΡΟ6Α46906Ψ-ΨΚΛ,τεμάχιο/α,1.0,400.5,400.5
99222003,Ψ2ΔΛ46906Ψ-ΟΤΝ,Ράβδος carbon 11mm μήκους 150mm τεμάχιο/α,1.0,100.44,100.44
99222003,Ψ2ΔΛ46906Ψ-ΟΤΝ,"Ράβδος CARBON 11mm, μήκους 200mm τεμάχιο/α",4.0,130.27,521.08
99222003,Ψ2ΔΛ46906Ψ-ΟΤΝ,"Ράβδος CARBON 11mm, μήκους 300mm τεμάχιο/α",2.0,141.53,283.06
99222003,Ψ2ΔΛ46906Ψ-ΟΤΝ,"Ράβδος CARBON 11mm, μήκους 350mm τεμάχιο/α",3.0,153.86,461.58
99222003,Ψ2ΔΛ46906Ψ-ΟΤΝ,Κεφαλή πολλαπλών βελόνων τεμάχιο/α,1.0,750.02,750.02
99222003,Ψ2ΔΛ46906Ψ-ΟΤΝ,Συνδετικά μπουλόνια βίδες μήκους 18mm τεμάχιο/α,1.0,8.49,8.49
99222003,Ψ2ΔΛ46906Ψ-ΟΤΝ,Εξάγωνα συνδετικά 40mm με σπείραμα τεμάχιο/α,1.0,68.31,68.31
99222003,Ψ2ΔΛ46906Ψ-ΟΤΝ,τεμάχιο/α,2.0,34.0,68.0
99222003,Ψ2ΔΛ46906Ψ-ΟΤΝ,τεμάχιο/α,1.0,34.0,34.0
99222003,Ψ2ΔΛ46906Ψ-ΟΤΝ,Βελόνες ΕΟ 6-4x125mm ΣΠΕΙΡ. 30mm τεμάχιο/α,1.0,34.0,34.0
99222003,Ψ4ΜΦ46906Ψ-5Θ6,τεμάχιο/α,1.0,520.0,520.0
99222003,Ψ5Σ946906Ψ-ΛΤΔ,Πολύκλωνο σύρμα. τεμάχιο/α,2.0,50.0,100.0
99222003,Ψ5Σ946906Ψ-ΛΤΔ,Μεταλλικό κλιπ. τεμάχιο/α,2.0,30.0,60.0
99222003,ΨΕΔ346906Ψ-ΙΟ0,Φρέζα Διαμαντέ 5mm x 10cm τεμάχιο/α,1.0,169.4,169.4
99222003,ΨΘΟ446906Ψ-1Θ5,τεμάχιο/α,1.0,850.0,850.0
99222003,ΨΝ4Ξ46906Ψ-ΕΔΦ,"ΕΛΛΗΝΙΚΗ ΔΗΜΟΚΡΑΤΙΑ Νίκαια,",19.0,11.0,202.0
99222003,ΨΤΨ046906Ψ-ΤΟ4,Σέτ ΔΝΠ για Επεμβάσεις Εγκεφάλου τεμάχιο/α,1.0,570.0,570.0
99222003,ΨΤΨ046906Ψ-ΤΟ4,Σετ Διεγερτή Νεύρων τεμάχιο/α,1.0,380.0,380.0
99222003,ΨΤΨ046906Ψ-ΤΟ4,Υποδόριο Μονό Βιδωτό Ηλεκτρόδιο τεμάχιο/α,4.0,485.0,1940.0
99222003,ΨΤΨ046906Ψ-ΤΟ4,Μονοπολικός στυλεός τεμάχιο/α,1.0,348.0,348.0
99222003,ΨΤΨ046906Ψ-ΤΟ4,ΣΩΛΗΝΩΣΕΙΣ CUSA CLARITY τεμάχιο/α,1.0,699.0,699.0
99222003,ΨΤΨ046906Ψ-ΤΟ4,τεμάχιο/α,1.0,1490.0,1490.0
99222003,ΨΤΨ046906Ψ-ΤΟ4,Αιμοστατικά κλιπ κρανίου ACRA-CUT τεμάχιο/α,2.0,350.0,700.0
99222003,ΨΦΝ946906Ψ-ΗΥΜ,τεμάχιο/α,1.0,765.0,765.0
99222003,ΨΧ4Ε46906Ψ-ΥΔΜ,ΑΡΘΡΟΣΚΟΠΙΚΟ ΓΛΥΦΑΝΟ τεμάχιο/α,2.0,89.0,178.0
99222003,ΨΧ4Ε46906Ψ-ΥΔΜ,ΑΝΑΛΩΣΙΜΟ ΑΡΘΡΟΣΚΟΠΙΚΗΣ ΑΝΤΛΙΑΣ τεμάχιο/α,2.0,55.0,110.0
99222003,ΨΧ4Ε46906Ψ-ΥΔΜ,ΣΥΣΤ. ΣΥΡΡΑΦΡΗΣ ΚΥΡΤΟ ΑΠΟΡΟΦ/ΜΟ τεμάχιο/α,2.0,742.6,1485.2
99222003,ΨΧ4Ε46906Ψ-ΥΔΜ,ΟΔΗΓΟΣ BIOSCREW NITINOL 356mm τεμάχιο/α,1.0,40.0,40.0
99222003,ΨΧ4Ε46906Ψ-ΥΔΜ,"ΗΛΕΚΤΡΟΔΙΟ 90ο, 3,75mm(FAD02S-1535) τεμάχιο/α",1.0,160.0,160.0
99222003,ΨΧ4Ε46906Ψ-ΥΔΜ,τεμάχιο/α,1.0,235.0,235.0
99222003,ΨΧ4Ε46906Ψ-ΥΔΜ,ΦΡΕΖΑ ΕΝΔΟΣΚΟΠΙΚΗ ΑΥΛΟΦΟΡΑ 7mm τεμάχιο/α,1.0,126.0,126.0
99222003,ΨΨ2Υ46906Ψ-ΣΒΚ,ΟΥΣΙΑ ΣΕ ΜΟΡΦΗ ΔΙΑΦΑΝΗΣ- τεμάχιο/α,1.0,699.9,699.9
99222006,63ΦΗ46906Ε-ΝΒ5,του Ν. 4013/,201.0,1.0,204.0
99222006,63ΦΗ46906Ε-ΝΒ5,του Ν.4727/2020 (ΦΕΚ Α΄ 184/,23.0,9.0,202.0
99222006,63ΦΗ46906Ε-ΝΒ5,CPV : ΨΥΚΤΙΚΟ ΜΕΣΟ R410A,3.0,30.0,90.0
99222006,67ΖΜ46906Ε-9Ω1,του ν. 4013/,201.0,1.0,204.0
99222006,67ΖΜ46906Ε-9Ω1,"REQ011405354, ΑΔΑ",6.0,146.0,906.0
99222006,67ΖΜ46906Ε-9Ω1,Ε.Α.ΔΗ.ΣΥ. στο συστημικό χώρο του Διαγωνισμού την 12/06/,3.0,15.0,43.0
99222006,67ΖΜ46906Ε-9Ω1,του ν. 4013/,201.0,1.0,204.0
99222006,67ΖΜ46906Ε-9Ω1,συστημικό χώρο του Διαγωνισμού την 12/06/,3.0,15.0,43.0
99222006,6ΔΛΖ46906Ε-ΑΦΜ,του Ν. 4013/,201.0,1.0,204.0
99222006,6ΔΛΖ46906Ε-ΑΦΜ,του Ν.4727/2020 (ΦΕΚ Α΄ 184/,23.0,9.0,202.0
99222006,6Θ9Φ46906Ε-ΙΥΨ,του Ν. 4013/,201.0,1.0,204.0
99222006,6Θ9Φ46906Ε-ΙΥΨ,του Ν.4727/2020 (ΦΕΚ Α΄ 184/,23.0,9.0,202.0
99222006,6ΘΞ646906Ε-Τ3Κ,διορθώσεις σφαλμάτων (Φ.Ε.Κ. 1096/τ.Υ.Ο.Δ.Δ./,26.0,8.0,202.0
99222006,6ΘΞ646906Ε-Τ3Κ,του Ν. 4013/,201.0,1.0,204.0
99222006,6ΘΞ646906Ε-Τ3Κ,του Ν.4727/2020 (ΦΕΚ Α΄ 184/,23.0,9.0,202.0
99222006,6ΘΞ646906Ε-Τ3Κ,ΚΟΥΡΤΙΝΕΣ,1.0,0.7,0.7
99222006,6ΜΗΚ46906Ε-1Χ9,του Ν. 4013/,201.0,1.0,204.0
99222006,6ΜΗΚ46906Ε-1Χ9,του Ν.4727/2020 (ΦΕΚ Α΄ 184/,23.0,9.0,202.0
99222006,6ΜΗΚ46906Ε-1Χ9,και 120 του Ν. 4412/,201.0,6.0,1200.0
99222006,6Ν5Κ46906Ε-Υ1Μ,του Ν. 4013/,201.0,1.0,204.0
99222006,6Ν5Κ46906Ε-Υ1Μ,του Ν.4727/2020 (ΦΕΚ Α΄ 184/,23.0,9.0,202.0
99222006,6ΦΙ946906Ε-ΨΒΟ,του Ν. 4013/,201.0,1.0,204.0
99222006,6ΦΙ946906Ε-ΨΒΟ,του Ν.4727/2020 (ΦΕΚ Α΄ 184/,23.0,9.0,202.0
99222006,6ΦΙ946906Ε-ΨΒΟ,με δ.τ. MEDTRONIC HELLAS A.Ε.Ε.. 386359 18/01/,4.0,11.0,46.0
99222006,6ΦΙ946906Ε-ΨΒΟ,του Ν. 4013/,201.0,1.0,204.0
99222006,6ΦΙ946906Ε-ΨΒΟ,του Ν.4727/2020 (ΦΕΚ Α΄ 184/,23.0,9.0,202.0
99222006,6ΦΙ946906Ε-ΨΒΟ,με δ.τ. MEDTRONIC HELLAS A.Ε.Ε.. 386359 18/01/,4.0,11.0,46.0
99222006,6ΦΙ946906Ε-ΨΒΟ,Κατακύρωσης και παράλληλα στις,29.0,7.0,202.0
99222006,6ΦΙ946906Ε-ΨΒΟ,Κατακύρωσης και παράλληλα στις,29.0,7.0,202.0
99222006,6ΦΙ946906Ε-ΨΒΟ,"σε προκαθορισμένες, σταθερές ρυθμίσεις",40.0,2500.0,100000.0
99222006,6ΦΙ946906Ε-ΨΒΟ,να εμπεριέχουν προθάλαμο παρακέντησης τιτανίου,3.0,2500.0,7500.0
99222006,6ΦΙ946906Ε-ΨΒΟ,παρακέντησης,3.0,1950.0,5850.0
99222006,6ΦΙ946906Ε-ΨΒΟ,"συρραφόμενη, διαστάσεων (περίπου) 1 ̴ 3Χ10 cm",20.0,1750.0,35000.0
99222006,6ΦΙ946906Ε-ΨΒΟ,"συρραφόμενη, διαστάσεων (περίπου) 6 ̴ Χ8 cm",100.0,699.0,69900.0
99222006,6ΦΙ946906Ε-ΨΒΟ,Κοιλιακή εξωτερική παροχέτευση,70.0,180.0,12600.0
99222006,6ΦΙ946906Ε-ΨΒΟ,και στυλεό νευροδιεγερσης,10.0,1290.0,12900.0
99222006,6ΦΙ946906Ε-ΨΒΟ,ανώτερα κρανιακά νεύρα,64.0,780.0,49920.0
99222006,6ΦΙ946906Ε-ΨΒΟ,ουροδόχου κύστης,19.0,1250.0,23750.0
99222006,6ΦΙ946906Ε-ΨΒΟ,Διπολικές διαθερμίες bayonet,90.0,350.0,31500.0
99222006,6ΦΙ946906Ε-ΨΒΟ,Μονάδα υπερηχητικού οστεοτόμου μιας χρήσης,20.0,1550.0,31000.0
99222006,6ΦΙ946906Ε-ΨΒΟ,υποστήριξη διεγχειρητικού υπερηχογραφήματος,10.0,1500.0,15000.0
99222006,6ΦΙ946906Ε-ΨΒΟ,ενσωματωμένη δυνατότητα συνδυασμού με CUSA,35.0,1515.0,53025.0
99222006,6ΦΙ946906Ε-ΨΒΟ,Σετ πλακών-βιδών τιτανίου,320.0,370.0,118400.0
99222006,6ΦΙ946906Ε-ΨΒΟ,Α Απορροφήσιμες βίδες πολυλυκολικού,705.0,116.0,81780.0
99222006,6ΦΙ946906Ε-ΨΒΟ,Β μεγεθών και σχημάτων,100.0,117.0,11700.0
99222006,6ΦΙ946906Ε-ΨΒΟ,εγκεφάλου,10.0,2685.0,26850.0
99222006,6ΦΙ946906Ε-ΨΒΟ,"σε προκαθορισμένες, σταθερές ρυθμίσεις",40.0,2500.0,100000.0
99222006,6ΦΙ946906Ε-ΨΒΟ,να εμπεριέχουν προθάλαμο παρακέντησης τιτανίου,3.0,2500.0,7500.0
99222006,6ΦΙ946906Ε-ΨΒΟ,παρακέντησης,3.0,1950.0,5850.0
99222006,6ΦΙ946906Ε-ΨΒΟ,"συρραφόμενη, διαστάσεων (περίπου) 1̴ 3Χ10 cm",20.0,1750.0,35000.0
99222006,6ΦΙ946906Ε-ΨΒΟ,"συρραφόμενη, διαστάσεων (περίπου) 6̴ Χ8 cm",100.0,699.0,69900.0
99222006,6ΦΙ946906Ε-ΨΒΟ,Κοιλιακή εξωτερική παροχέτευση,70.0,180.0,12600.0
99222006,6ΦΙ946906Ε-ΨΒΟ,και στυλεό νευροδιεγερσης,10.0,1290.0,12900.0
99222006,6ΦΙ946906Ε-ΨΒΟ,κρανιακά νεύρα,64.0,780.0,49920.0
99222006,6ΦΙ946906Ε-ΨΒΟ,ουροδόχου κύστης,19.0,1250.0,23750.0
99222006,6ΦΙ946906Ε-ΨΒΟ,Διπολικές διαθερμίες bayonet,90.0,350.0,31500.0
99222006,6ΦΙ946906Ε-ΨΒΟ,Μονάδα υπερηχητικού οστεοτόμου μιας χρήσης,20.0,1550.0,31000.0
99222006,6ΦΙ946906Ε-ΨΒΟ,υποστήριξη διεγχειρητικού υπερηχογραφήματος,10.0,1500.0,15000.0
99222006,6ΦΙ946906Ε-ΨΒΟ,ενσωματωμένη δυνατότητα συνδυασμού με CUSA,35.0,1515.0,53025.0
99222006,6ΦΙ946906Ε-ΨΒΟ,Σετ πλακών-βιδών τιτανίου,320.0,370.0,118400.0
99222006,6ΦΙ946906Ε-ΨΒΟ,Α Απορροφήσιμες βίδες πολυλυκολικού,705.0,116.0,81780.0
99222006,6ΦΙ946906Ε-ΨΒΟ,Β μεγεθών και σχημάτων,100.0,117.0,11700.0
99222006,6ΦΙ946906Ε-ΨΒΟ,εγκεφάλου,10.0,2685.0,26850.0
99222006,6ΦΙ946906Ε-ΨΒΟ,"σε προκαθορισμένες, σταθερές ρυθμίσεις",40.0,2500.0,100000.0
99222006,6ΦΙ946906Ε-ΨΒΟ,να εμπεριέχουν προθάλαμο παρακέντησης τιτανίου,3.0,2500.0,7500.0
99222006,6ΦΙ946906Ε-ΨΒΟ,παρακέντησης,3.0,1950.0,5850.0
99222006,6ΦΙ946906Ε-ΨΒΟ,"συρραφόμενη, διαστάσεων (περίπου) 1̴ 3Χ10 cm",20.0,1750.0,35000.0
99222006,6ΦΙ946906Ε-ΨΒΟ,"συρραφόμενη, διαστάσεων (περίπου) 6̴ Χ8 cm",100.0,699.0,69900.0
99222006,6ΦΙ946906Ε-ΨΒΟ,Κοιλιακή εξωτερική παροχέτευση,70.0,180.0,12600.0
99222006,6ΦΙ946906Ε-ΨΒΟ,και στυλεό νευροδιεγερσης,10.0,1290.0,12900.0
99222006,6ΦΙ946906Ε-ΨΒΟ,κρανιακά νεύρα,64.0,780.0,49920.0
99222006,6ΦΙ946906Ε-ΨΒΟ,ουροδόχου κύστης,19.0,1250.0,23750.0
99222006,6ΦΙ946906Ε-ΨΒΟ,Διπολικές διαθερμίες bayonet,90.0,350.0,31500.0
99222006,6ΦΙ946906Ε-ΨΒΟ,Μονάδα υπερηχητικού οστεοτόμου μιας χρήσης,20.0,1550.0,31000.0
99222006,6ΦΙ946906Ε-ΨΒΟ,υποστήριξη διεγχειρητικού υπερηχογραφήματος,10.0,1500.0,15000.0
99222006,6ΦΙ946906Ε-ΨΒΟ,ενσωματωμένη δυνατότητα συνδυασμού με CUSA,35.0,1515.0,53025.0
99222006,6ΦΙ946906Ε-ΨΒΟ,Σετ πλακών-βιδών τιτανίου,320.0,370.0,118400.0
99222006,6ΦΙ946906Ε-ΨΒΟ,Α Απορροφήσιμες βίδες πολυλυκολικού,705.0,116.0,81780.0
99222006,6ΦΙ946906Ε-ΨΒΟ,Β μεγεθών και σχημάτων,100.0,117.0,11700.0
99222006,6ΦΙ946906Ε-ΨΒΟ,εγκεφάλου,10.0,2685.0,26850.0
99222006,90Θ246906Ε-ΟΧ7,διορθώσεις σφαλμάτων (Φ.Ε.Κ. 1096/τ.Υ.Ο.Δ.Δ./,26.0,8.0,202.0
99222006,90Θ246906Ε-ΟΧ7,Στο Συμβούλιο υποβάλλεται η υπ’ αριθμ. πρωτ.: 28158/,19.0,11.0,202.0
99222006,90Θ246906Ε-ΟΧ7,του άρθρου 11 του ν. 4013/,201.0,1.0,204.0
99222006,90Θ246906Ε-ΟΧ7,την Προγραμματική Περίοδο,202.0,1.0,202.0
99222006,90Θ246906Ε-ΟΧ7,"της Διαβούλευσης, εμπρόθεσμα στις",20.0,10.0,202.0
99222006,90Θ246906Ε-ΟΧ7,εμπρόθεσμα στις,20.0,10.0,202.0
99222006,90Θ246906Ε-ΟΧ7,εμπρόθεσμα στις,20.0,10.0,202.0
99222006,90Θ246906Ε-ΟΧ7,"της Διαβούλευσης, εμπρόθεσμα στις",20.0,10.0,202.0
99222006,90Θ246906Ε-ΟΧ7,του άρθρου 11 του ν. 4013/,201.0,1.0,204.0
99222006,90Θ246906Ε-ΟΧ7,για την Προγραμματική Περίοδο,202.0,1.0,202.0
99222006,90Θ246906Ε-ΟΧ7,"Διαβούλευσης, εμπρόθεσμα στις",20.0,10.0,202.0
99222006,90Θ246906Ε-ΟΧ7,εμπρόθεσμα στις,20.0,10.0,202.0
99222006,90Θ246906Ε-ΟΧ7,"Διαβούλευσης, εμπρόθεσμα στις",20.0,10.0,202.0
99222006,90Θ246906Ε-ΟΧ7,του ΕΣΗΔΗΣ στις,18.0,11.0,202.0
99222006,92ΤΧ46906Ε-ΧΒΘ,του Ν. 4013/,201.0,1.0,204.0
99222006,92ΤΧ46906Ε-ΧΒΘ,του Ν.4727/2020 (ΦΕΚ Α΄ 184/,23.0,9.0,202.0
99222006,94ΙΒ46906Ε-Ι6Κ,του Ν. 4013/,201.0,1.0,204.0
99222006,94ΙΒ46906Ε-Ι6Κ,του Ν.4727/2020 (ΦΕΚ Α΄ 184/,23.0,9.0,202.0
99222006,94ΙΒ46906Ε-Ι6Κ,Την υπ’ αριθ. πρωτ,16.0,12.0,202.0
99222006,94ΙΒ46906Ε-Ι6Κ,Η επιτροπή αξιολόγησης συγκροτήθηκε με την 31279/,16.0,12.0,202.0
99222006,95Δ046906Ε-Σ93,του Ν. 4013/,201.0,1.0,204.0
99222006,95Δ046906Ε-Σ93,του Ν.4727/2020 (ΦΕΚ Α΄ 184/,23.0,9.0,202.0
99222006,962Σ46906Ε-1ΘΞ,του Ν. 4013/,201.0,1.0,204.0
99222006,96ΠΗ46906Ε-ΚΩΑ,του Ν. 4013/,201.0,1.0,204.0
99222006,96ΠΗ46906Ε-ΚΩΑ,του Ν.4727/2020 (ΦΕΚ Α΄ 184/,23.0,9.0,202.0
99222006,96ΠΗ46906Ε-ΚΩΑ,ΕΞΕ 4809/27-02-2025 (,25.0,16.0,387.0
99222006,990Π46906Ε-5ΦΡ,ΜΠΟΥΡΝΑΖΟΥ Date,5.0,6.0,30.0
99222006,990Π46906Ε-5ΦΡ,του ν. 4013/,201.0,1.0,204.0
99222006,990Π46906Ε-5ΦΡ,του ν. 2646/1998 (ΦΕΚ 236Α/,20.0,10.0,199.0
99222006,990Π46906Ε-5ΦΡ,παρεμβάσεων για την Προγραμματική Περίοδο,202.0,1.0,202.0
99222006,990Π46906Ε-5ΦΡ,"Σοφία», με κωδικό ΟΠΣ 5217427 στο «ΤΠΑ ΥΓΕΙΑΣ",202.0,1.0,202.0
99222006,990Π46906Ε-5ΦΡ,Την υπ’ αριθμ. Πρωτ. 85176/,22.0,9.0,202.0
99222006,990Π46906Ε-5ΦΡ,πράξης με Κωδικό ΟΠΣ 5217427 του ΤΠΑ Υγείας,202.0,1.0,202.0
99222006,990Π46906Ε-5ΦΡ,το Πρόγραμμα Δημοσίων Επενδύσεων,202.0,1.0,202.0
99222006,990Π46906Ε-5ΦΡ,το Πρόγραμμα Δημοσίων Επενδύσεων,202.0,1.0,202.0
99222006,990Π46906Ε-5ΦΡ,Δημοσίων Επενδύσεων,202.0,1.0,202.0
99222006,990Π46906Ε-5ΦΡ,"Αγία Σοφία»», από το Πρόγραμμα Δημοσίων Επενδύσεων",202.0,1.0,202.0
99222006,990Π46906Ε-5ΦΡ,Την Α.Β.Δ. 6500/,18.0,11.0,202.0
99222006,990Π46906Ε-5ΦΡ,Την Α.Β.Δ. 6506/,19.0,11.0,202.0
99222006,990Π46906Ε-5ΦΡ,ημερομηνία υποβολής προσφορών στις,29.0,7.0,202.0
99222006,990Π46906Ε-5ΦΡ,διαγωνισμού στις,30.0,7.0,202.0
99222006,990Π46906Ε-5ΦΡ,"Αγία Σοφία»», από το Πρόγραμμα Δημοσίων Επενδύσεων",202.0,1.0,202.0
99222006,990Π46906Ε-5ΦΡ,ΤΠΑ ΥΓΕΙΑΣ,202.0,1.0,202.0
99222006,990Π46906Ε-5ΦΡ,Την Α.Β.Δ. 6500/,18.0,11.0,202.0
99222006,990Π46906Ε-5ΦΡ,Την Α.Β.Δ. 6506/,19.0,11.0,202.0
99222006,99ΚΨ46906Ε-7ΑΜ,σφαλμάτων (Φ.Ε.Κ. 1096/τ.Υ.Ο.Δ.Δ./,26.0,8.0,202.0
99222006,99ΚΨ46906Ε-7ΑΜ,του Ν. 4013/,201.0,1.0,204.0
99222006,99ΚΨ46906Ε-7ΑΜ,του Ν.4727/2020 (ΦΕΚ Α΄ 184/,23.0,9.0,202.0
99222006,99ΚΨ46906Ε-7ΑΜ,"CliniMacsAnti-Biotin 5.890,00 € 6%",6243.4,2.0,12486.8
99222006,99ΚΨ46906Ε-7ΑΜ,"CliniMacsTCRα/β- 5.525,00 € 6%",5856.5,2.0,11713.0
99222006,99ΚΨ46906Ε-7ΑΜ,"CD19 Reagent 5.448,00 6%",5774.88,1.0,5774.88
99222006,99ΚΨ46906Ε-7ΑΜ,CliniMacs Buffer 3lt 297 6%,314.82,4.0,1259.28
99222006,99ΚΨ46906Ε-7ΑΜ,"CliniMacsAnti-Biotin 5.890,00 € 6%",6243.4,2.0,12486.8
99222006,99ΚΨ46906Ε-7ΑΜ,"CliniMacsTCRα/β- 5.525,00 € 6%",5856.5,2.0,11713.0
99222006,99ΚΨ46906Ε-7ΑΜ,"CD19 Reagent 5.448,00 6%",5774.88,1.0,5774.88
99222006,99ΚΨ46906Ε-7ΑΜ,CliniMacs Buffer 3lt 297 6%,314.82,4.0,1259.28
99222006,99ΚΨ46906Ε-7ΑΜ,"CliniMacsAnti-Biotin 5.890,00 € 6%",6243.4,2.0,12486.8
99222006,99ΚΨ46906Ε-7ΑΜ,"CliniMacsTCRα/β- 5.525,00 € 6%",5856.5,2.0,11713.0
99222006,99ΚΨ46906Ε-7ΑΜ,"CD19 Reagent 5.448,00 6%",5774.88,1.0,5774.88
99222006,99ΚΨ46906Ε-7ΑΜ,CliniMacs Buffer 3lt 297 6%,314.82,4.0,1259.28
99222006,9ΓΥ846906Ε-ΑΥΔ,του Ν. 4013/,201.0,1.0,204.0
99222006,9ΓΥ846906Ε-ΑΥΔ,του Ν.4727/2020 (ΦΕΚ Α΄ 184/,23.0,9.0,202.0
99222006,9ΗΡΤ46906Ε-ΠΩΚ,του Ν. 4013/,201.0,1.0,204.0
99222006,9ΗΡΤ46906Ε-ΠΩΚ,του Ν.4727/2020 (ΦΕΚ Α΄ 184/,23.0,9.0,202.0
99222006,9ΗΡΤ46906Ε-ΠΩΚ,"(2), SARS (",1.0,1.0,1.0
99222006,9ΗΡΤ46906Ε-ΠΩΚ,"ΜΕΝΝ 5ου (2), ΜΜΜΟ (2), SARS (",1.0,1.0,1.0
99222006,9ΗΡΤ46906Ε-ΠΩΚ,"ΜΜΜΟ (2), SARS (",1.0,1.0,1.0
99222006,Ρ4ΘΦ46906Ε-ΕΙΔ,του Ν. 4013/,201.0,1.0,204.0
99222006,Ρ4ΘΦ46906Ε-ΕΙΔ,του Ν.4727/2020 (ΦΕΚ Α΄ 184/,23.0,9.0,202.0
99222006,ΡΓΒΩ46906Ε-2Ψ5,σφαλμάτων (Φ.Ε.Κ. 1096/τ.Υ.Ο.Δ.Δ./,26.0,8.0,202.0
99222006,ΡΓΒΩ46906Ε-2Ψ5,του Ν. 4013/,201.0,1.0,204.0
99222006,ΡΓΒΩ46906Ε-2Ψ5,του Ν.4727/2020 (ΦΕΚ Α΄ 184/,23.0,9.0,202.0
99222006,ΡΡ4Ψ46906Ε-8ΞΞ,διορθώσεις σφαλμάτων (Φ.Ε.Κ. 1096/τ.Υ.Ο.Δ.Δ./,26.0,8.0,202.0
99222006,ΡΡ4Ψ46906Ε-8ΞΞ,του Ν. 4013/,201.0,1.0,204.0
99222006,ΡΡ4Ψ46906Ε-8ΞΞ,του Ν.4727/2020 (ΦΕΚ Α΄ 184/,23.0,9.0,202.0
99222006,ΡΩΞΩ46906Ε-ΙΧΓ,του Ν. 4013/,201.0,1.0,204.0
99222006,ΡΩΞΩ46906Ε-ΙΧΓ,του Ν.4727/2020 (ΦΕΚ Α΄ 184/,23.0,9.0,202.0
99222006,ΡΩΞΩ46906Ε-ΙΧΓ,Την υπ’ αριθ. πρωτ. ΕΞΕ 28133 –,19.0,11.0,202.0
99222006,ΡΩΞΩ46906Ε-ΙΧΓ,Η επιτροπή αξιολόγησης συγκροτήθηκε με την ΕΞΕ 28133/,19.0,11.0,202.0
99222006,Ψ2Υ946906Ε-ΝΡΟ,διορθώσεις σφαλμάτων (Φ.Ε.Κ. 1096/τ.Υ.Ο.Δ.Δ./,26.0,8.0,202.0
99222006,Ψ2Υ946906Ε-ΝΡΟ,του Ν. 4013/,201.0,1.0,204.0
99222006,Ψ2Υ946906Ε-ΝΡΟ,του Ν.4727/2020 (ΦΕΚ Α΄ 184/,23.0,9.0,202.0
99222006,Ψ2Υ946906Ε-ΝΡΟ,"εξοπλισμού GETINGE (1 Κλίβανος ατμού,",2.0,1.0,2.0
99222006,Ψ2Υ946906Ε-ΝΡΟ,"GETINGE (1 Κλίβανος ατμού,",2.0,1.0,2.0
99222006,Ψ3ΚΚ46906Ε-6Υ4,"ΜΕΝΝ 5ου (2), ΜΜΜΟ (2), SARS (",1.0,1.0,1.0
99222006,Ψ3ΚΚ46906Ε-6Υ4,του Ν. 4013/,201.0,1.0,204.0
99222006,Ψ3ΚΚ46906Ε-6Υ4,του Ν.4727/2020 (ΦΕΚ Α΄ 184/,23.0,9.0,202.0
99222006,Ψ3ΚΚ46906Ε-6Υ4,"(2), SARS (",1.0,1.0,1.0
99222006,Ψ3ΚΚ46906Ε-6Υ4,"(2), ΜΜΜΟ (2), SARS (",1.0,1.0,1.0
99222006,Ψ3ΚΚ46906Ε-6Υ4,"(2), ΜΜΜΟ (2), SARS (",1.0,1.0,1.0
99222006,Ψ3ΚΚ46906Ε-6Υ4,των προσφορών του διαγωνισμού στις,16.0,12.0,202.0
99222006,Ψ3ΚΚ46906Ε-6Υ4,με την οποία εγκρίθηκαν τα υπ’ αριθ. 2/,16.0,12.0,202.0
99222006,Ψ3ΚΚ46906Ε-6Υ4,ΘΕΜΑ: 9/4: Έγκριση των υπ’ αριθ. 2/,16.0,12.0,202.0
99222006,Ψ3ΚΚ46906Ε-6Υ4,του Ν. 4013/,201.0,1.0,204.0
99222006,Ψ3ΚΚ46906Ε-6Υ4,του Ν.4727/2020 (ΦΕΚ Α΄ 184/,23.0,9.0,202.0
99222006,Ψ3ΚΚ46906Ε-6Υ4,"πρόωρων 5ου (3), ΜΕΝΝ 5ου (2), ΜΜΜΟ (2), SARS (",1.0,1.0,1.0
99222006,Ψ3ΚΚ46906Ε-6Υ4,"πρόωρων 5ου (3), ΜΕΝΝ 5ου (2), ΜΜΜΟ (2), SARS (",1.0,1.0,1.0
99222006,Ψ3ΚΚ46906Ε-6Υ4,διαγωνισμού στις,16.0,12.0,202.0
99222006,Ψ3ΚΚ46906Ε-6Υ4,Το υπ’ αριθμ. 2/,16.0,12.0,202.0
99222006,Ψ3ΚΚ46906Ε-6Υ4,"Στην Αθήνα, σήμερα",16.0,12.0,202.0
99222006,Ψ3ΚΚ46906Ε-6Υ4,SARS (,1.0,1.0,1.0
99222006,Ψ3ΚΚ46906Ε-6Υ4,SARS (,1.0,1.0,1.0
99222006,Ψ3ΚΚ46906Ε-6Υ4,ημερομηνία ηλεκτρονικής αποσφράγισης των προσφορών ήταν η,16.0,12.0,202.0
99222006,Ψ3ΚΚ46906Ε-6Υ4,διενεργήθηκε στις,16.0,12.0,202.0
99222006,Ψ3ΚΚ46906Ε-6Υ4,"πρόωρων 5ου (3), ΜΕΝΝ 5ου (2), ΜΜΜΟ (2), SARS (",1.0,1.0,1.0
99222006,Ψ3ΚΚ46906Ε-6Υ4,"πρόωρων 5ου (3), ΜΕΝΝ 5ου (2), ΜΜΜΟ (2), SARS (",1.0,1.0,1.0
99222006,Ψ3ΚΚ46906Ε-6Υ4,"ου (2), ΜΜΜΟ (2), SARS (",1.0,1.0,1.0
99222006,Ψ3ΚΚ46906Ε-6Υ4,προσφορά» και «Οικονομική Προσφορά» αποσφραγίστηκαν στις,16.0,12.0,202.0
99222006,Ψ3ΚΚ46906Ε-6Υ4,"πρόωρων 5ου (3), ΜΕΝΝ 5ου (2), ΜΜΜΟ (2), SARS (",1.0,1.0,1.0
99222006,Ψ3ΚΚ46906Ε-6Υ4,"ου (3), ΜΕΝΝ 5ου (2), ΜΜΜΟ (2), SARS (",1.0,1.0,1.0
99222006,Ψ3ΚΚ46906Ε-6Υ4,"ου (2), ΜΜΜΟ (2), SARS (",1.0,1.0,1.0
99222006,Ψ3ΚΚ46906Ε-6Υ4,προσφορά» και «Οικονομική Προσφορά» αποσφραγίστηκαν στις,16.0,12.0,202.0
99222006,Ψ3ΚΚ46906Ε-6Υ4,ΦΟΡΤΙΟΥ ΣΕ ΕΙΚΟΣΙ ΕΞΙ (26) ΧΩΡΟΥΣ Υπηρ,1.0,510.0,510.0
99222006,Ψ3ΚΚ46906Ε-6Υ4,Την έγκριση των υπ’ αριθ. 2/,16.0,12.0,202.0
99222006,Ψ3ΚΚ46906Ε-6Υ4,Την έγκριση των υπ’ αριθ. 2/,16.0,12.0,202.0
99222006,Ψ3ΚΚ46906Ε-6Υ4,"ΜΜΜΟ (2), SARS (",1.0,1.0,1.0
99222006,Ψ3ΚΚ46906Ε-6Υ4,"ου (3), ΜΕΝΝ 5ου (2), ΜΜΜΟ (2), SARS (",1.0,1.0,1.0
99222006,Ψ3ΚΚ46906Ε-6Υ4,Την απόφαση ανάληψης υποχρέωσης με την υπ΄ αριθμ. πρωτ,4.0,2.0,8.0
99222006,Ψ3ΚΚ46906Ε-6Υ4,"(2), ΜΜΜΟ (2), SARS (",1.0,1.0,1.0
99222006,Ψ3ΚΚ46906Ε-6Υ4,αριθμ. πρωτ,4.0,2.0,8.0
99222006,Ψ3ΚΚ46906Ε-6Υ4,"(2), ΜΜΜΟ (2), SARS (",1.0,1.0,1.0
99222006,Ψ3ΚΚ46906Ε-6Υ4,αριθμ. πρωτ,4.0,2.0,8.0
99222006,ΨΑΤΕ46906Ε-ΥΝΛ,σφαλμάτων (Φ.Ε.Κ. 1096/τ.Υ.Ο.Δ.Δ./,26.0,8.0,202.0
99222006,ΨΑΤΕ46906Ε-ΥΝΛ,του Ν. 4013/,201.0,1.0,204.0
99222006,ΨΑΤΕ46906Ε-ΥΝΛ,του Ν.4727/2020 (ΦΕΚ Α΄ 184/,23.0,9.0,202.0
99222006,ΨΑΤΕ46906Ε-ΥΝΛ,"CliniMacsAnti- 5.890,00 € 6%",6243.4,2.0,12486.8
99222006,ΨΑΤΕ46906Ε-ΥΝΛ,"CliniMacsTCRα/β 5.525,00 € 6%",5856.5,2.0,11713.0
99222006,ΨΑΤΕ46906Ε-ΥΝΛ,"CD19 Reagent 5.448,00 6%",5774.88,1.0,5774.88
99222006,ΨΑΤΕ46906Ε-ΥΝΛ,CliniMacs Buffer 297 6%,314.82,4.0,1259.28
99222006,ΨΑΤΕ46906Ε-ΥΝΛ,Την υπ’ αριθ. πρωτ. 28164/14/,19.0,11.0,202.0
99222006,ΨΑΤΕ46906Ε-ΥΝΛ,"CliniMacsAnti- 5.890,00 € 6%",6243.4,2.0,12486.8
99222006,ΨΑΤΕ46906Ε-ΥΝΛ,"CliniMacsTCRα/β 5.525,00 € 6%",5856.5,2.0,11713.0
99222006,ΨΑΤΕ46906Ε-ΥΝΛ,"CD19 Reagent 5.448,00 6%",5774.88,1.0,5774.88
99222006,ΨΑΤΕ46906Ε-ΥΝΛ,CliniMacs Buffer 297 6%,314.82,4.0,1259.28
99222006,ΨΑΤΕ46906Ε-ΥΝΛ,Την ανάληψη και διάθεση της δαπάνης με την υπ’ αριθ. πρωτ. 28164/14/,19.0,11.0,202.0
99222006,ΨΑΤΕ46906Ε-ΥΝΛ,Απόφαση Ανάληψης Υποχρέωσης με α/α: 1762/,19.0,11.0,202.0
99222006,ΨΑΤΕ46906Ε-ΥΝΛ,"CliniMacsAnti- 5.890,00 € 6%",6243.4,2.0,12486.8
99222006,ΨΑΤΕ46906Ε-ΥΝΛ,"CliniMacsTCRα/β 5.525,00 € 6%",5856.5,2.0,11713.0
99222006,ΨΑΤΕ46906Ε-ΥΝΛ,"CD19 Reagent 5.448,00 6%",5774.88,1.0,5774.88
99222006,ΨΑΤΕ46906Ε-ΥΝΛ,CliniMacs Buffer 297 6%,314.82,4.0,1259.28
99222006,ΨΑΤΕ46906Ε-ΥΝΛ,Της ανάληψης και διάθεσης της δαπάνης με την υπ’ αριθ. πρωτ. 28164/14/,19.0,11.0,202.0
99222006,ΨΑΤΕ46906Ε-ΥΝΛ,Απόφαση Ανάληψης Υποχρέωσης με α/α: 1762/,19.0,11.0,202.0
99222006,ΨΘ0Ζ46906Ε-ΥΦΓ,διορθώσεις σφαλμάτων (Φ.Ε.Κ. 1096/τ.Υ.Ο.Δ.Δ./,26.0,8.0,202.0
99222006,ΨΘ0Ζ46906Ε-ΥΦΓ,του Ν. 4013/,201.0,1.0,204.0
99222006,ΨΡΧΟ46906Ε-ΧΝΘ,του Ν. 4013/,201.0,1.0,204.0
99222006,ΨΡΧΟ46906Ε-ΧΝΘ,του Ν.4727/2020 (ΦΕΚ Α΄ 184/,23.0,9.0,202.0
99222006,ΨΤΚΙ46906Ε-ΕΝΒ,του Ν. 4013/,201.0,1.0,204.0
99222006,ΨΤΚΙ46906Ε-ΕΝΒ,του Ν.4727/2020 (ΦΕΚ Α΄ 184/,23.0,9.0,202.0
99222006,ΨΤΚΙ46906Ε-ΕΝΒ,του Ν. 4013/,201.0,1.0,204.0
99222006,ΨΤΚΙ46906Ε-ΕΝΒ,του Ν.4727/2020 (ΦΕΚ Α΄ 184/,23.0,9.0,202.0
99222006,ΨΤΚΙ46906Ε-ΕΝΒ,Το Πρακτικό Αξιολόγησης Δικαιολογητικών Κατακύρωσης Νο 111Γ/,26.0,8.0,202.0
99222006,ΨΤΚΙ46906Ε-ΕΝΒ,"Στην Αθήνα, σήμερα",26.0,8.0,202.0
99222006,ΨΤΚΙ46906Ε-ΕΝΒ,Την έγκριση του υπ’ αριθ. 111Γ/,26.0,8.0,202.0
99222006,ΨΤΚΙ46906Ε-ΕΝΒ,Την έγκριση του υπ’ αριθ. 111Γ/,26.0,8.0,202.0
99222006,ΨΨΚΚ46906Ε-8Φ7,Ministry of,5.0,5.0,26.0
99222006,ΨΨΚΚ46906Ε-8Φ7,TOPALI Date,5.0,5.0,26.0
99222006,ΨΨΚΚ46906Ε-8Φ7,του Ν. 4013/,201.0,1.0,204.0
