ada,year,subject,qty,unit,total
605Σ46907Κ-Η79,2022,TYSABRI C/S.SOL.IN 300MG/VIAL (20MG/ML) BT x 1 VIAL x 15 ML,201.0,1.0,204.0
60ΜΘ46907Κ-ΡΥΩ,2022,HERCEPTIN INJ.SOL 600MG/5ML BTx1VIALx5ML,201.0,1.0,204.0
614Θ46907Κ-Γ0Ξ,2024,"ΕΥΘΥΓΡΑΜΜΟΙ ΕΠΑΝΑΦΟΡΤΙΖΟΜΕΝΟΙ ΚΟΠΤΟΡΑΠΤΕΣ ΜΕ ΜΗΚΟΣ  ΣΥΡΡΑΦΗΣ 80mm 
ΓΙΑ ΠΑΧΕΙΣ ΙΣΤΟΥΣ
ΑΝΤΑΛ",29.0,7.0,202.0
61Ζ346907Κ-62Φ,2023,ΡΑΜΜΑΤΑ,2.0,36.0,70.0
61ΜΚ46907Κ-Κ8Ω,2022,TECENTRIQ C/S.SOL.IN 1200MG/VIAL (20ML) 1 VIAL x 20ML,20.0,1.0,20.0
61ΤΕ46907Κ-Η0Μ,2022,TYSABRI C/S.SOL.IN 300MG/VIAL (20MG/ML) BT x 1 VIAL x 15 ML,201.0,1.0,204.0
62ΚΛ46907Κ-ΩΑΛ,2022,TECENTRIQ C/S.SOL.IN 1200MG/VIAL (20ML) 1 VIAL x 20ML,20.0,1.0,20.0
62ΩΛ46907Κ-ΖΨΦ,2023,ΔΙΑΓΝΩΣΤΙΚΟΙ ΚΑΘΕΤΗΡΕΣ,4.0,6.0,24.0
63ΞΘ46907Κ-Π43,2022,OPDIVO C/S.SOL.IN 10MG/ML BTx1VIALx10ML,201.0,1.0,204.0
64ΝΦ46907Κ-2ΜΤ,2022,BAVENCIO C/S.SOL.IN 20MG/ML BTx1 VIAL x 10ML,201.0,1.0,204.0
65ΡΧ46907Κ-Π3Χ,2022,"HALAVEN INJ.SOL 0,44MG/ML BTx1VIALx2ML",201.0,1.0,204.0
68ΕΜ46907Κ-Γ7Ω,2024,ΡΑΜΜΑΤΑ,347.0,1.0,347.0
68ΞΝ46907Κ-ΘΓ0,2022,"REPLAGAL C/S.SOL.IN 1MG/ML BTx 1 VIAL x 3,5 ML",2.0,446.0,907.0
69ΙΞ46907Κ-ΗΑΤ,2022,"ΡΥΓΧΟΣ ΥΠΕΡΗΧΗΤΙΚΟΥ ΑΝΑΡΡΟΦΗΤΗΡΑ ΓΙΑ ΑΦΑΙΡΕΣΗ ΟΓΚΟΥ ΝΩΤΙΑΙΟΥ ΜΥΕΛΟΥ ΜΙΑΣ ΧΡΗΣΗΣ
ΣΩΛΗΝΑΣ ΑΝ",1.0,1490.0,1490.0
69ΛΣ46907Κ-ΧΩΗ,2022,PERJETA C/S.SOL.IN 420MG/VIAL (30MG/ML) BTx1 VIAL x 14ML,201.0,1.0,204.0
6Α2Ω46907Κ-Μ89,2022,PERJETA C/S.SOL.IN 420MG/VIAL (30MG/ML) BTx1 VIAL x 14ML,201.0,1.0,204.0
6ΑΝ046907Κ-69Θ,2024,ΟΔΗΓΟΙ ΚΑΘΕΤΗΡΕΣ ΑΓΓΕΙΟΠΛΑΣΤΙΚΗΣ,202.0,4.0,790.0
6ΑΦΗ46907Κ-ΕΙΝ,2022,MVASI® C/S.SOL.IN 25MG/ML 1 VIAL x 4ML,201.0,1.0,204.0
6ΒΥΡ46907Κ-ΜΚΔ,2021,OPDIVO C/S.SOL.IN 10MG/ML BTx1VIALx24ML,201.0,1.0,204.0
6ΒΨ246907Κ-Χ7Β,2023,ΡΑΜΜΑΤΑ,3.0,8.0,24.0
6Γ8Κ46907Κ-6Η1,2022,VECTIBIX C/S.SOL.IN 100MG/5ML VIAL BT x 1 VIAL x 5 ML,201.0,1.0,204.0
6ΓΔ046907Κ-62Ζ,2022,ZAVICEFTA PD.C.S.INF (2+0.5)G /VIAL BTx10 VIALSx20ML,201.0,1.0,204.0
6ΔΙΖ46907Κ-ΤΚΕ,2021,BAVENCIO C/S.SOL.IN 20MG/ML BTx1 VIAL x 10ML,201.0,1.0,204.0
6ΔΞΚ46907Κ-ΓΒΕ,2021,OPDIVO C/S.SOL.IN 10MG/ML BTx1VIALx24ML,201.0,1.0,204.0
6ΔΤΩ46907Κ-Ρ4Ψ,2022,ZAVICEFTA PD.C.S.INF (2+0.5)G /VIAL BTx10 VIALSx20ML,201.0,1.0,204.0
6Ε9Π46907Κ-8Χ6,2022,ERBITUX SOL.INF 5MG/ML BT x 1 VIAL x 20 ML,201.0,1.0,204.0
6ΕΜΕ46907Κ-ΗΑ6,2022,MVASI® C/S.SOL.IN 25MG/ML 1 VIAL x 16ML,201.0,1.0,204.0
6ΗΧΖ46907Κ-ΗΙ6,2022,BAVENCIO C/S.SOL.IN 20MG/ML BTx1 VIAL x 10ML,2.0,446.0,907.0
6ΘΔΣ46907Κ-ΞΕΙ,2023,"HALAVEN INJ.SOL 0,44MG/ML BTx1VIALx2ML",201.0,1.0,204.0
6ΘΚΚ46907Κ-Ν60,2021,KEYTRUDA C/S.SOL.IN 25MG/ML BTx1 VIALx4ML,201.0,1.0,204.0
6ΘΧ946907Κ-Υ46,2022,IMFINZI C/S.SOL.IN 50MG/ML BTx 1 VIALX10 ML,201.0,1.0,204.0
6Ι2Φ46907Κ-Ζ8Β,2024,ΓΑΖΑ 10Χ10 12PLY,912.0,1.0,912.0
6ΛΡΞ46907Κ-ΦΙΤ,2022,OCREVUS C/S.SOL.IN 300MG/VIAL BTx1 VIAL x 10ML,201.0,1.0,204.0
6Μ5646907Κ-Ι4Υ,2022,VECTIBIX C/S.SOL.IN 100MG/5ML VIAL BT x 1 VIAL x 5 ML,201.0,1.0,204.0
6ΜΣΜ46907Κ-32Τ,2022,VECTIBIX C/S.SOL.IN 100MG/5ML VIAL BT x 1 VIAL x 5 ML,201.0,1.0,204.0
6ΝΒΖ46907Κ-ΠΜ3,2022,"HALAVEN INJ.SOL 0,44MG/ML BTx1VIALx2ML",201.0,1.0,204.0
6ΝΓ146907Κ-ΩΦΚ,2022,KEYTRUDA C/S.SOL.IN 25MG/ML BTx1 VIALx4ML,201.0,1.0,204.0
6ΞΛ946907Κ-05Υ,2022,ΙMFINZI C/S.SOL.IN 50MG/ML BTx 1 VIALX10 ML,201.0,1.0,204.0
6ΞΝ046907Κ-0ΜΓ,2022,ΧΑΡΤΙ ΥΓΕΙΑΣ,23.0,9.0,202.0
6ΞΨΙ46907Κ-ΔΘΝ,2021,VECTIBIX C/S.SOL.IN 100MG/5ML VIAL BT x 1 VIAL x 5 ML,201.0,1.0,204.0
6Π3446907Κ-5ΜΨ,2022,OCREVUS C/S.SOL.IN 300MG/VIAL BTx1 VIAL x 10ML,201.0,1.0,204.0
6ΠΒΦ46907Κ-ΜΚΘ,2022,KEYTRUDA C/S.SOL.IN 25MG/ML BTx1 VIALx4ML,201.0,1.0,204.0
6ΠΕΠ46907Κ-42Ω,2023,ΟΔΗΓΟΙ ΚΑΘΕΤΗΡΕΣ,1.0,30.0,29.7
6Ρ9Ν46907Κ-7ΧΙ,2022,OPDIVO C/S.SOL.IN 10MG/ML BTx1 VIAL x 10ML,6.0,114.0,690.0
6ΡΣ346907Κ-45Π,2022,IMFINZI C/S.SOL.IN 50MG/ML BTx 1 VIALX10 ML,201.0,1.0,204.0
6Σ4Υ46907Κ-ΟΝ4,2024,ΓΑΝΤΙΑ,29.0,7.0,202.0
6Τ7946907Κ-3Δ1,2022,OCREVUS C/S.SOL.IN 300MG/VIAL BTx1 VIAL x 10ML,201.0,1.0,204.0
6ΦΗΦ46907Κ-ΣΓΧ,2025,ΓΑΖΑ 10Χ10 12PLY,26.0,8.0,202.0
6ΦΥΥ46907Κ-7Α4,2021,TRUXIMA C/S.SOL.IN 100MG/10ML VIAL (10MG/ML) BTx2 VIALS x10 ML,201.0,1.0,204.0
6Ω3346907Κ-8ΑΧ,2022,ERBITUX SOL.INF 5MG/ML BT x 1 VIAL x 20 ML,201.0,1.0,204.0
908Υ46907Κ-ΛΘΗ,2023,MVASI® C/S.SOL.IN 25MG/ML 1 VIAL x 4ML,201.0,1.0,204.0
94ΞΖ46907Κ-392,2025,ΕΠΙΘΕΜΑΤΑ ΑΥΤΟΚΟΛΛΗΤΑ,26.0,8.0,202.0
95ΡΛ46907Κ-ΩΔ3,2022,OCREVUS C/S.SOL.IN 300MG/VIAL BTx1 VIAL x 10ML,201.0,1.0,204.0
963446907Κ-ΤΣΡ,2024,διαγνωστικοι καθετηρες,4.0,6.0,24.0
96Α046907Κ-ΓΛΩ,2022,"REPLAGAL C/S.SOL.IN 1MG/ML BTx 1 VIAL x 3,5 ML",201.0,1.0,204.0
96ΓΕ46907Κ-8ΣΦ,2021,TECENTRIQ C/S.SOL.IN 1200MG/VIAL (20ML) 1 VIAL x 20ML,26.0,8.0,202.0
99ΩΧ46907Κ-61Σ,2022,TRUXIMA C/S.SOL.IN 100MG/10ML VIAL (10MG/ML) BTx2 VIALS x10 ML,201.0,1.0,204.0
9ΒΓΡ46907Κ-ΚΧΥ,2024,ΒΕΛΟΝΕΣ ΠΑΡΑΚΕΝΤΗΣΗΣ,1.0,200.0,200.0
9ΒΙΓ46907Κ-Ν1Μ,2024,"ΕΥΘΥΓΡΑΜΜΟΙ ΕΠΑΝΑΦΟΡΤΙΖΟΜΕΝΟΙ ΚΟΠΤΟΡΑΠΤΕΣ ΜΕ ΜΗΚΟΣ  ΣΥΡΡΑΦΗΣ 80mm 
ΓΙΑ ΠΑΧΕΙΣ ΙΣΤΟΥΣ
ΑΝΤΑΛ",20.0,10.0,202.0
9Δ3Π46907Κ-5ΨΔ,2022,TRUXIMA C/S.SOL.IN 100MG/10ML VIAL (10MG/ML) BTx2 VIALS x10 ML,201.0,1.0,204.0
9ΖΖΤ46907Κ-Ν9Κ,2025,ΓΑΖΑ 10Χ10 12PLY,5.0,93.0,469.0
9Θ9046907Κ-7ΝΒ,2022,BAVENCIO C/S.SOL.IN 20MG/ML BTx1 VIAL x 10ML,201.0,1.0,204.0
9ΘΞΡ46907Κ-2Ω5,2022,ΙMFINZI C/S.SOL.IN 50MG/ML BTx 1 VIALX10 ML,201.0,1.0,204.0
9ΘΥ146907Κ-ΜΔΙ,2024,ΔΙΑΓΝΩΣΤΙΚΟΙ ΚΑΘΕΤΗΡΕΣ ΣΤΕΦΑΝΙΟΓΡΑΦΙΑΣ,23.0,9.0,202.0
9ΞΚΡ46907Κ-ΛΣΗ,2022,TRUXIMA C/S.SOL.IN 100MG/10ML VIAL (10MG/ML) BTx2 VIALS x10 ML,201.0,1.0,204.0
9ΟΘΕ46907Κ-0ΧΗ,2022,ΔΙΑΓΝΩΣΤΙΚΟΙ ΚΑΘΕΤΗΡΕΣ,20.0,10.0,202.0
9Π6Ο46907Κ-Ρ3Ο,2023,ΔΙΑΓΝΩΣΤΙΚΟΙ ΚΑΘΕΤΗΡΕΣ,4.0,6.0,24.0
9ΡΥΟ46907Κ-ΙΑΦ,2021,ΒΙΟΛΟΓΙΚΗ ΚΟΛΛΑ 10ML,20.0,10.0,202.0
9Τ3Α46907Κ-47Ν,2023,"ΡΥΓΧΟΣ ΥΠΕΡΗΧΗΤΙΚΟΥ ΑΝΑΡΡΟΦΗΤΗΡΑ ΓΙΑ ΑΦΑΙΡΕΣΗ ΟΓΚΟΥ ΝΩΤΙΑΙΟΥ ΜΥΕΛΟΥ ΜΙΑΣ ΧΡΗΣΗΣ
ΣΩΛΗΝΑΣ ΑΝ",1.0,1490.0,1490.0
9Υ3Π46907Κ-ΣΞ6,2023,TECENTRIQ C/S.SOL.IN 1200MG/VIAL (20ML) 1 VIAL x 20ML,20.0,1.0,20.0
9ΦΙΛ46907Κ-8Δ6,2022,ZAVICEFTA PD.C.S.INF (2+0.5)G /VIAL BTx10 VIALSx20ML,201.0,1.0,204.0
9ΦΛ446907Κ-Ι2Λ,2025,ΧΗΜΕΙΟΠΡΟΣΤΑΤΕΥΤΙΚΗ ΒΕΛΟΝΑ 16G ,5.0,91.0,469.0
9ΧΣ546907Κ-ΘΦΔ,2022,ΙMFINZI C/S.SOL.IN 50MG/ML BTx 1 VIALX10 ML,201.0,1.0,204.0
Ψ0ΑΥ46907Κ-Ζ54,2022,ERBITUX SOL.INF 5MG/ML BT x 1 VIAL x 20 ML,201.0,1.0,204.0
Ψ0ΧΕ46907Κ-4Μ8,2022,OPDIVO C/S.SOL.IN 10MG/ML BTx1VIALx24ML,201.0,1.0,204.0
Ψ1ΑΒ46907Κ-ΖΝΞ,2022,PERJETA C/S.SOL.IN 420MG/VIAL (30MG/ML) BTx1 VIAL x 14ML,201.0,1.0,204.0
Ψ40Ξ46907Κ-ΜΘΒ,2023,MVASI® C/S.SOL.IN 25MG/ML 1 VIAL x 16ML,202.0,3.0,611.0
Ψ4ΘΞ46907Κ-ΧΜΞ,2022,OPDIVO C/S.SOL.IN 10MG/ML BTx1 VIAL x 10ML,201.0,1.0,204.0
Ψ4ΛΝ46907Κ-ΝΔΨ,2022,KEYTRUDA C/S.SOL.IN 25MG/ML BTx1 VIALx4ML,18.0,11.0,202.0
Ψ5ΖΖ46907Κ-ΗΘΟ,2021,OPDIVO C/S.SOL.IN 10MG/ML BTx1VIALx24ML,201.0,1.0,204.0
Ψ5ΚΥ46907Κ-4ΧΣ,2022,IMFINZI C/S.SOL.IN 50MG/ML BTx 1 VIALX10 ML,201.0,1.0,204.0
Ψ5ΟΤ46907Κ-4Φ5,2022,IMFINZI C/S.SOL.IN 50MG/ML BTx 1 VIALX10 ML,201.0,1.0,204.0
Ψ5Σ646907Κ-16Β,2022,OCREVUS C/S.SOL.IN 300MG/VIAL BTx1 VIAL x 10ML,201.0,1.0,204.0
Ψ66Ψ46907Κ-ΗΞΟ,2022,ΙMFINZI C/S.SOL.IN 50MG/ML BTx 1 VIALX10 ML,201.0,1.0,204.0
Ψ6Τ146907Κ-4ΓΙ,2022,ERBITUX SOL.INF 5MG/ML BT x 1 VIAL x 20 ML,201.0,1.0,204.0
Ψ7ΛΙ46907Κ-Γ1Α,2022,OPDIVO C/S.SOL.IN 10MG/ML BTx1VIALx10ML,201.0,1.0,204.0
Ψ7ΤΚ46907Κ-2ΩΖ,2023,"ΡΥΓΧΟΣ ΥΠΕΡΗΧΗΤΙΚΟΥ ΑΝΑΡΡΟΦΗΤΗΡΑ ΓΙΑ ΑΦΑΙΡΕΣΗ ΟΓΚΟΥ ΝΩΤΙΑΙΟΥ ΜΥΕΛΟΥ ΜΙΑΣ ΧΡΗΣΗΣ
ΣΩΛΗΝΑΣ ΑΝ",1.0,1490.0,1490.0
Ψ7Υ346907Κ-ΛΥΜ,2022,IMFINZI C/S.SOL.IN 50MG/ML BTx 1 VIALX10 ML,201.0,1.0,204.0
Ψ8Χ846907Κ-0ΦΨ,2025,ΟΔΗΓΟΙ ΚΑΘΕΤΗΡΕΣ ΑΓΓΕΙΟΠΛΑΣΤΙΚΗΣ,202.0,5.0,1006.84
Ψ9ΚΜ46907Κ-8ΣΥ,2025,ΕΠΙΘΕΜΑΤΑ ΑΥΤΟΚΟΛΛΗΤΑ,111.0,1.0,108.0
Ψ9Π346907Κ-ΣΟΚ,2022,KEYTRUDA C/S.SOL.IN 25MG/ML BTx1 VIALx4ML,201.0,1.0,204.0
ΨΑ0Μ46907Κ-ΗΘΧ,2022,OPDIVO C/S.SOL.IN 10MG/ML BTx1VIALx10ML,201.0,1.0,204.0
ΨΑΠΛ46907Κ-ΟΩΑ,2022,OPDIVO C/S.SOL.IN 10MG/ML BTx1 VIAL x 10ML,201.0,1.0,204.0
ΨΒ5Ι46907Κ-Α7Φ,2023,ΡΑΜΜΑΤΑ,2.0,36.0,70.0
ΨΓΔΓ46907Κ-Τ6Ξ,2022,PERJETA C/S.SOL.IN 420MG/VIAL (30MG/ML) BTx1 VIAL x 14ML,201.0,1.0,204.0
ΨΓΞ846907Κ-ΟΞ1,2026,ΕΠΙΘΕΜΑΤΑ ΑΥΤΟΚΟΛΛΗΤΑ,28.0,7.0,202.0
ΨΓΨΧ46907Κ-63Φ,2022,TYSABRI C/S.SOL.IN 300MG/VIAL (20MG/ML) BT x 1 VIAL x 15 ML,201.0,1.0,204.0
ΨΔΙ446907Κ-ΥΚΔ,2023,HERCEPTIN INJ.SOL 600MG/5ML BTx1VIALx5ML,201.0,1.0,204.0
ΨΔΡ446907Κ-Ρ1Σ,2022,ΟΔΗΓΟΥΣ ΚΑΘΕΤΗΡΕΣ,26.0,8.0,202.0
ΨΕΠΡ46907Κ-8Ψ1,2022,"REPLAGAL C/S.SOL.IN 1MG/ML BTx 1 VIAL x 3,5 ML",201.0,1.0,204.0
ΨΖ2Ξ46907Κ-4ΟΓ,2023,"ΡΥΓΧΟΣ ΥΠΕΡΗΧΗΤΙΚΟΥ ΑΝΑΡΡΟΦΗΤΗΡΑ ΓΙΑ ΑΦΑΙΡΕΣΗ ΟΓΚΟΥ ΝΩΤΙΑΙΟΥ ΜΥΕΛΟΥ ΜΙΑΣ ΧΡΗΣΗΣ
ΣΩΛΗΝΑΣ ΑΝ",1.0,1490.0,1490.0
ΨΘ3Χ46907Κ-ΡΜΖ,2021,ΒΙΟΛΟΓΙΚΗ ΚΟΛΛΑ 10ML,23.0,9.0,202.0
ΨΘ6Λ46907Κ-ΖΦΛ,2022,MVASI® C/S.SOL.IN 25MG/ML 1 VIAL x 16ML,201.0,1.0,204.0
ΨΘΚ646907Κ-9ΞΞ,2022,OPDIVO C/S.SOL.IN 10MG/ML BTx1 VIAL x 10ML,201.0,1.0,204.0
ΨΘΝΞ46907Κ-ΝΞΟ,2022,ΙMFINZI C/S.SOL.IN 50MG/ML BTx 1 VIALX10 ML,201.0,1.0,204.0
ΨΘΝΟ46907Κ-ΘΕΓ,2021,OPDIVO C/S.SOL.IN 10MG/ML BTx1VIALx24ML,201.0,1.0,204.0
ΨΙΩΘ46907Κ-ΣΝΠ,2024,ΣΤΕΙΡΟ ΙΣΟΤΟΝΙΚΟ ΙΣΟΣΤΑΘΜΙΣΜΕΝΟ ΔΙΑΛΥΜΑ ΓΙΑ ΕΓΧΕΙΡΗΣΗΣ ΟΦΘ/ΚΕΣ  BSS ΜΙΚΡΟ 15 ΕΩΣ 25ML,131.0,1.0,128.0
ΨΚ8946907Κ-Μ3Φ,2022,OPDIVO C/S.SOL.IN 10MG/ML BTx1VIALx10ML,201.0,1.0,204.0
ΨΛ5Ψ46907Κ-ΘΔΩ,2025,ΟΔΗΓΟΙ ΚΑΘΕΤΗΡΕΣ ΑΓΓΕΙΟΠΛΑΣΤΙΚΗΣ,5.0,6.0,30.0
ΨΛΒΜ46907Κ-63Γ,2022,TECENTRIQ C/S.SOL.IN 1200MG/VIAL (20ML) 1 VIAL x 20ML,20.0,1.0,20.0
ΨΛΗΠ46907Κ-Ζ4Β,2023,ΚΑΘΕΤΗΡΕΣ,25.0,8.0,202.0
ΨΜ0Λ46907Κ-ΥΕΟ,2022,"HALAVEN INJ.SOL 0,44MG/ML BTx1VIALx2ML",201.0,1.0,204.0
ΨΜ7Ρ46907Κ-3ΙΝ,2024,ΒΕΛΟΝΕΣ ΧΗΜΕΙΟΘΕΡΑΠΕΙΑΣ G20X20MM,29.0,7.0,202.0
ΨΜΜ346907Κ-91Ψ,2022,ΠΡΟΓΕΜΙΣΜΕΝΕΣ ΣΥΡΙΓΓΕΣ,22.0,9.0,202.0
ΨΝΑ346907Κ-ΝΡΒ,2022,"REPLAGAL C/S.SOL.IN 1MG/ML BTx 1 VIAL x 3,5 ML",201.0,1.0,204.0
ΨΠ0Β46907Κ-ΞΩ0,2024,"ΣΕΤ  ΣΠΟΓΓΟΥ LARGE  ΜΕΓΕΘΟΣ 15Χ25Χ3
ΣΕΤ ΔΟΧΕΙΟΥ ΚΑΝΙΣΤΡΟΥ ΚΙΤ 1000ML",23.0,9.0,202.0
ΨΠΦΤ46907Κ-Π3Π,2022,ΚΑΘΕΤΗΡΕΣ,100.0,5.0,500.0
ΨΡ6Η46907Κ-8Σ9,2022,ERBITUX SOL.INF 5MG/ML BT x 1 VIAL x 20 ML,201.0,1.0,204.0
ΨΣΔΡ46907Κ-ΞΝΖ,2021,"ΣΕΤ  ΣΠΟΓΓΟΥ PLUS ΜΕΓΕΘΟΣ 15Χ25Χ3 
ΣΕΤ ΔΟΧΕΙΟΥ ΚΑΝΙΣΤΡΟΥ ΚΙΤ 1000ML",22.0,9.0,202.0
ΨΣΕΩ46907Κ-ΦΑ2,2023,HERCEPTIN INJ.SOL 600MG/5ML BTx1VIALx5ML,202.0,3.0,617.0
ΨΤΩΞ46907Κ-Α1Κ,2022,BAVENCIO C/S.SOL.IN 20MG/ML BTx1 VIAL x 10ML,2.0,446.0,907.0
ΨΥΗΝ46907Κ-ΥΔΘ,2022,ΒΕΛΟΝΕΣ ΧΗΜΕΙΟΘΕΡΑΠΕΙΑΣ G20X20MM,202.0,2.0,404.0
ΨΥΞΘ46907Κ-ΓΙΓ,2022,OPDIVO C/S.SOL.IN 10MG/ML BTx1 VIAL x 10ML,201.0,1.0,204.0
ΨΦ9Φ46907Κ-3ΤΡ,2022,MVASI® C/S.SOL.IN 25MG/ML 1 VIAL x 4ML,201.0,1.0,204.0
ΨΦΠΕ46907Κ-ΟΓΚ,2023,MVASI® C/S.SOL.IN 25MG/ML 1 VIAL x 4ML,201.0,1.0,204.0
ΨΧ8Π46907Κ-Ζ9Ζ,2022,TRUXIMA C/S.SOL.IN 100MG/10ML VIAL (10MG/ML) BTx2 VIALS x10 ML,201.0,1.0,204.0
Ω21Δ46907Κ-7ΥΛ,2021,"HALAVEN INJ.SOL 0,44MG/ML BTx1VIALx2ML",201.0,1.0,204.0
Ω8Ζ246907Κ-Η2Μ,2022,TYSABRI C/S.SOL.IN 300MG/VIAL (20MG/ML) BT x 1 VIAL x 15 ML,201.0,1.0,204.0
Ω8Σ846907Κ-ΗΩΨ,2022,ZAVICEFTA PD.C.S.INF (2+0.5)G /VIAL BTx10 VIALSx20ML,201.0,1.0,204.0
ΩΑ6Υ46907Κ-ΥΝΠ,2022,ZAVICEFTA PD.C.S.INF (2+0.5)G /VIAL BTx10 VIALSx20ML,201.0,1.0,204.0
ΩΓΧΤ46907Κ-Ω9Ο,2021,"ΡΥΓΧΟΣ ΥΠΕΡΗΧΗΤΙΚΟΥ ΑΝΑΡΡΟΦΗΤΗΡΑ ΓΙΑ ΑΦΑΙΡΕΣΗ ΟΓΚΟΥ ΝΩΤΙΑΙΟΥ ΜΥΕΛΟΥ ΜΙΑΣ ΧΡΗΣΗΣ
ΣΩΛΗΝΑΣ ΑΝ",1.0,1490.0,1490.0
ΩΔ3Μ46907Κ-Β51,2021,PERJETA C/S.SOL.IN 420MG/VIAL (30MG/ML) BTx1 VIAL x 14ML,201.0,1.0,204.0
ΩΖ0Ο46907Κ-Φ0Ρ,2022,HERCEPTIN INJ.SOL 600MG/5ML BTx1VIALx5ML,201.0,1.0,204.0
ΩΖ3Ρ46907Κ-ΖΝ3,2022,TYSABRI C/S.SOL.IN 300MG/VIAL (20MG/ML) BT x 1 VIAL x 15 ML,201.0,1.0,204.0
ΩΖ8Σ46907Κ-ΓΧΛ,2022,OPDIVO C/S.SOL.IN 10MG/ML BTx1VIALx10ML,201.0,1.0,204.0
ΩΖΛΕ46907Κ-2ΩΑ,2022,HERCEPTIN INJ.SOL 600MG/5ML BTx1VIALx5ML,201.0,1.0,204.0
ΩΖΜΡ46907Κ-Η3Λ,2022,MVASI® C/S.SOL.IN 25MG/ML 1 VIAL x 4ML,201.0,1.0,204.0
ΩΖΟ746907Κ-7ΓΝ,2022,MVASI® C/S.SOL.IN 25MG/ML 1 VIAL x 16ML,201.0,1.0,204.0
ΩΜΟΨ46907Κ-ΦΦ9,2022,ΣΤΕΙΡΟ ΙΣΟΤΟΝΙΚΟ ΙΣΟΣΤΑΘΜΙΣΜΕΝΟ ΔΙΑΛΥΜΑ ΓΙΑ ΕΓΧΕΙΡΗΣΗΣ ΟΦΘ/ΚΕΣ  BSS ΜΙΚΡΟ 15 ΕΩΣ 25ML,20.0,10.0,202.0
ΩΣΞΠ46907Κ-1Υ6,2022,MVASI® C/S.SOL.IN 25MG/ML 1 VIAL x 16ML,201.0,1.0,204.0
ΩΤ8Δ46907Κ-ΦΔΕ,2022,"REPLAGAL C/S.SOL.IN 1MG/ML BTx 1 VIAL x 3,5 ML",201.0,1.0,204.0
ΩΥΚΛ46907Κ-69Ω,2022,VECTIBIX C/S.SOL.IN 100MG/5ML VIAL BT x 1 VIAL x 5 ML,201.0,1.0,204.0
