org,ada,subject,doc_url
99221940,Ψ9Π346907Κ-ΣΟΚ,KEYTRUDA C/S.SOL.IN 25MG/ML BTx1 VIALx4ML,https://diavgeia.gov.gr/doc/Ψ9Π346907Κ-ΣΟΚ
99221940,Ψ4ΛΝ46907Κ-ΝΔΨ,KEYTRUDA C/S.SOL.IN 25MG/ML BTx1 VIALx4ML,https://diavgeia.gov.gr/doc/Ψ4ΛΝ46907Κ-ΝΔΨ
99221940,6ΘΚΚ46907Κ-Ν60,KEYTRUDA C/S.SOL.IN 25MG/ML BTx1 VIALx4ML,https://diavgeia.gov.gr/doc/6ΘΚΚ46907Κ-Ν60
99221940,6ΝΓ146907Κ-ΩΦΚ,KEYTRUDA C/S.SOL.IN 25MG/ML BTx1 VIALx4ML,https://diavgeia.gov.gr/doc/6ΝΓ146907Κ-ΩΦΚ
99221940,6ΠΒΦ46907Κ-ΜΚΘ,KEYTRUDA C/S.SOL.IN 25MG/ML BTx1 VIALx4ML,https://diavgeia.gov.gr/doc/6ΠΒΦ46907Κ-ΜΚΘ
99221940,6ΒΨ246907Κ-Χ7Β,ΡΑΜΜΑΤΑ,https://diavgeia.gov.gr/doc/6ΒΨ246907Κ-Χ7Β
99221940,ΨΒ5Ι46907Κ-Α7Φ,ΡΑΜΜΑΤΑ,https://diavgeia.gov.gr/doc/ΨΒ5Ι46907Κ-Α7Φ
99221940,Ψ3ΟΠ46907Κ-Α3Χ,ΡΑΜΜΑΤΑ,https://diavgeia.gov.gr/doc/Ψ3ΟΠ46907Κ-Α3Χ
99221940,61Ζ346907Κ-62Φ,ΡΑΜΜΑΤΑ,https://diavgeia.gov.gr/doc/61Ζ346907Κ-62Φ
99221940,68ΕΜ46907Κ-Γ7Ω,ΡΑΜΜΑΤΑ,https://diavgeia.gov.gr/doc/68ΕΜ46907Κ-Γ7Ω
99221940,Ψ0ΜΦ46907Κ-ΡΚ2,"ΣΕΤ  ΣΠΟΓΓΟΥ PLUS ΜΕΓΕΘΟΣ 15Χ25Χ3 
ΣΕΤ ΔΟΧΕΙΟΥ ΚΑΝΙΣΤΡΟΥ ΚΙΤ 1000ML",https://diavgeia.gov.gr/doc/Ψ0ΜΦ46907Κ-ΡΚ2
99221940,9ΨΕ046907Κ-6ΛΔ,"ΣΕΤ  ΣΠΟΓΓΟΥ PLUS ΜΕΓΕΘΟΣ 15Χ25Χ3 
ΣΕΤ ΔΟΧΕΙΟΥ ΚΑΝΙΣΤΡΟΥ ΚΙΤ 1000ML",https://diavgeia.gov.gr/doc/9ΨΕ046907Κ-6ΛΔ
99221940,9ΓΟΟ46907Κ-ΧΛΤ,"ΣΕΤ  ΣΠΟΓΓΟΥ PLUS ΜΕΓΕΘΟΣ 15Χ25Χ3 
ΣΕΤ ΔΟΧΕΙΟΥ ΚΑΝΙΣΤΡΟΥ ΚΙΤ 1000ML",https://diavgeia.gov.gr/doc/9ΓΟΟ46907Κ-ΧΛΤ
99221940,ΨΣΔΡ46907Κ-ΞΝΖ,"ΣΕΤ  ΣΠΟΓΓΟΥ PLUS ΜΕΓΕΘΟΣ 15Χ25Χ3 
ΣΕΤ ΔΟΧΕΙΟΥ ΚΑΝΙΣΤΡΟΥ ΚΙΤ 1000ML",https://diavgeia.gov.gr/doc/ΨΣΔΡ46907Κ-ΞΝΖ
99221940,633Ρ46907Κ-ΥΧΨ,"ΣΕΤ  ΣΠΟΓΓΟΥ PLUS ΜΕΓΕΘΟΣ 15Χ25Χ3 
ΣΕΤ ΔΟΧΕΙΟΥ ΚΑΝΙΣΤΡΟΥ ΚΙΤ 1000ML",https://diavgeia.gov.gr/doc/633Ρ46907Κ-ΥΧΨ
99221940,Ψ1ΑΒ46907Κ-ΖΝΞ,PERJETA C/S.SOL.IN 420MG/VIAL (30MG/ML) BTx1 VIAL x 14ML,https://diavgeia.gov.gr/doc/Ψ1ΑΒ46907Κ-ΖΝΞ
99221940,6Α2Ω46907Κ-Μ89,PERJETA C/S.SOL.IN 420MG/VIAL (30MG/ML) BTx1 VIAL x 14ML,https://diavgeia.gov.gr/doc/6Α2Ω46907Κ-Μ89
99221940,ΩΔ3Μ46907Κ-Β51,PERJETA C/S.SOL.IN 420MG/VIAL (30MG/ML) BTx1 VIAL x 14ML,https://diavgeia.gov.gr/doc/ΩΔ3Μ46907Κ-Β51
99221940,ΨΓΔΓ46907Κ-Τ6Ξ,PERJETA C/S.SOL.IN 420MG/VIAL (30MG/ML) BTx1 VIAL x 14ML,https://diavgeia.gov.gr/doc/ΨΓΔΓ46907Κ-Τ6Ξ
99221940,69ΛΣ46907Κ-ΧΩΗ,PERJETA C/S.SOL.IN 420MG/VIAL (30MG/ML) BTx1 VIAL x 14ML,https://diavgeia.gov.gr/doc/69ΛΣ46907Κ-ΧΩΗ
99221940,675Π46907Κ-4ΤΓ,ΓΑΝΤΙΑ,https://diavgeia.gov.gr/doc/675Π46907Κ-4ΤΓ
99221940,ΨΩΚ046907Κ-ΔΩΝ,ΓΑΝΤΙΑ,https://diavgeia.gov.gr/doc/ΨΩΚ046907Κ-ΔΩΝ
99221940,6ΩΘΑ46907Κ-8ΗΚ,ΓΑΝΤΙΑ,https://diavgeia.gov.gr/doc/6ΩΘΑ46907Κ-8ΗΚ
99221940,6Σ4Υ46907Κ-ΟΝ4,ΓΑΝΤΙΑ,https://diavgeia.gov.gr/doc/6Σ4Υ46907Κ-ΟΝ4
99221940,ΨΑΕΙ46907Κ-7Γ6,ΓΑΝΤΙΑ,https://diavgeia.gov.gr/doc/ΨΑΕΙ46907Κ-7Γ6
99221940,ΨΛΒΜ46907Κ-63Γ,TECENTRIQ C/S.SOL.IN 1200MG/VIAL (20ML) 1 VIAL x 20ML,https://diavgeia.gov.gr/doc/ΨΛΒΜ46907Κ-63Γ
99221940,62ΚΛ46907Κ-ΩΑΛ,TECENTRIQ C/S.SOL.IN 1200MG/VIAL (20ML) 1 VIAL x 20ML,https://diavgeia.gov.gr/doc/62ΚΛ46907Κ-ΩΑΛ
99221940,9Υ3Π46907Κ-ΣΞ6,TECENTRIQ C/S.SOL.IN 1200MG/VIAL (20ML) 1 VIAL x 20ML,https://diavgeia.gov.gr/doc/9Υ3Π46907Κ-ΣΞ6
99221940,96ΓΕ46907Κ-8ΣΦ,TECENTRIQ C/S.SOL.IN 1200MG/VIAL (20ML) 1 VIAL x 20ML,https://diavgeia.gov.gr/doc/96ΓΕ46907Κ-8ΣΦ
99221940,61ΜΚ46907Κ-Κ8Ω,TECENTRIQ C/S.SOL.IN 1200MG/VIAL (20ML) 1 VIAL x 20ML,https://diavgeia.gov.gr/doc/61ΜΚ46907Κ-Κ8Ω
99221940,6ΣΦ446907Κ-5ΗΙ,ΔΙΑΓΝΩΣΤΙΚΟΙ ΚΑΘΕΤΗΡΕΣ,https://diavgeia.gov.gr/doc/6ΣΦ446907Κ-5ΗΙ
99221940,62ΩΛ46907Κ-ΖΨΦ,ΔΙΑΓΝΩΣΤΙΚΟΙ ΚΑΘΕΤΗΡΕΣ,https://diavgeia.gov.gr/doc/62ΩΛ46907Κ-ΖΨΦ
99221940,9ΟΘΕ46907Κ-0ΧΗ,ΔΙΑΓΝΩΣΤΙΚΟΙ ΚΑΘΕΤΗΡΕΣ,https://diavgeia.gov.gr/doc/9ΟΘΕ46907Κ-0ΧΗ
99221940,963446907Κ-ΤΣΡ,διαγνωστικοι καθετηρες,https://diavgeia.gov.gr/doc/963446907Κ-ΤΣΡ
99221940,9Π6Ο46907Κ-Ρ3Ο,ΔΙΑΓΝΩΣΤΙΚΟΙ ΚΑΘΕΤΗΡΕΣ,https://diavgeia.gov.gr/doc/9Π6Ο46907Κ-Ρ3Ο
99221940,ΩΖΟ746907Κ-7ΓΝ,MVASI® C/S.SOL.IN 25MG/ML 1 VIAL x 16ML,https://diavgeia.gov.gr/doc/ΩΖΟ746907Κ-7ΓΝ
99221940,6ΕΜΕ46907Κ-ΗΑ6,MVASI® C/S.SOL.IN 25MG/ML 1 VIAL x 16ML,https://diavgeia.gov.gr/doc/6ΕΜΕ46907Κ-ΗΑ6
99221940,ΩΣΞΠ46907Κ-1Υ6,MVASI® C/S.SOL.IN 25MG/ML 1 VIAL x 16ML,https://diavgeia.gov.gr/doc/ΩΣΞΠ46907Κ-1Υ6
99221940,Ψ40Ξ46907Κ-ΜΘΒ,MVASI® C/S.SOL.IN 25MG/ML 1 VIAL x 16ML,https://diavgeia.gov.gr/doc/Ψ40Ξ46907Κ-ΜΘΒ
99221940,ΨΘ6Λ46907Κ-ΖΦΛ,MVASI® C/S.SOL.IN 25MG/ML 1 VIAL x 16ML,https://diavgeia.gov.gr/doc/ΨΘ6Λ46907Κ-ΖΦΛ
99221940,ΩΓΧΤ46907Κ-Ω9Ο,"ΡΥΓΧΟΣ ΥΠΕΡΗΧΗΤΙΚΟΥ ΑΝΑΡΡΟΦΗΤΗΡΑ ΓΙΑ ΑΦΑΙΡΕΣΗ ΟΓΚΟΥ ΝΩΤΙΑΙΟΥ ΜΥΕΛΟΥ ΜΙΑΣ ΧΡΗΣΗΣ
ΣΩΛΗΝΑΣ ΑΝ",https://diavgeia.gov.gr/doc/ΩΓΧΤ46907Κ-Ω9Ο
99221940,Ψ7ΤΚ46907Κ-2ΩΖ,"ΡΥΓΧΟΣ ΥΠΕΡΗΧΗΤΙΚΟΥ ΑΝΑΡΡΟΦΗΤΗΡΑ ΓΙΑ ΑΦΑΙΡΕΣΗ ΟΓΚΟΥ ΝΩΤΙΑΙΟΥ ΜΥΕΛΟΥ ΜΙΑΣ ΧΡΗΣΗΣ
ΣΩΛΗΝΑΣ ΑΝ",https://diavgeia.gov.gr/doc/Ψ7ΤΚ46907Κ-2ΩΖ
99221940,9Τ3Α46907Κ-47Ν,"ΡΥΓΧΟΣ ΥΠΕΡΗΧΗΤΙΚΟΥ ΑΝΑΡΡΟΦΗΤΗΡΑ ΓΙΑ ΑΦΑΙΡΕΣΗ ΟΓΚΟΥ ΝΩΤΙΑΙΟΥ ΜΥΕΛΟΥ ΜΙΑΣ ΧΡΗΣΗΣ
ΣΩΛΗΝΑΣ ΑΝ",https://diavgeia.gov.gr/doc/9Τ3Α46907Κ-47Ν
99221940,69ΙΞ46907Κ-ΗΑΤ,"ΡΥΓΧΟΣ ΥΠΕΡΗΧΗΤΙΚΟΥ ΑΝΑΡΡΟΦΗΤΗΡΑ ΓΙΑ ΑΦΑΙΡΕΣΗ ΟΓΚΟΥ ΝΩΤΙΑΙΟΥ ΜΥΕΛΟΥ ΜΙΑΣ ΧΡΗΣΗΣ
ΣΩΛΗΝΑΣ ΑΝ",https://diavgeia.gov.gr/doc/69ΙΞ46907Κ-ΗΑΤ
99221940,ΨΖ2Ξ46907Κ-4ΟΓ,"ΡΥΓΧΟΣ ΥΠΕΡΗΧΗΤΙΚΟΥ ΑΝΑΡΡΟΦΗΤΗΡΑ ΓΙΑ ΑΦΑΙΡΕΣΗ ΟΓΚΟΥ ΝΩΤΙΑΙΟΥ ΜΥΕΛΟΥ ΜΙΑΣ ΧΡΗΣΗΣ
ΣΩΛΗΝΑΣ ΑΝ",https://diavgeia.gov.gr/doc/ΨΖ2Ξ46907Κ-4ΟΓ
99221940,65Γ846907Κ-ΡΡΗ,ΣΥΡΙΓΓΕΣ,https://diavgeia.gov.gr/doc/65Γ846907Κ-ΡΡΗ
99221940,ΡΒΦΠ46907Κ-4ΘΑ,ΣΥΡΙΓΓΕΣ,https://diavgeia.gov.gr/doc/ΡΒΦΠ46907Κ-4ΘΑ
99221940,61ΝΟ46907Κ-343,ΣΥΡΙΓΓΕΣ,https://diavgeia.gov.gr/doc/61ΝΟ46907Κ-343
99221940,64ΗΟ46907Κ-ΓΗΥ,ΣΥΡΙΓΓΕΣ,https://diavgeia.gov.gr/doc/64ΗΟ46907Κ-ΓΗΥ
99221940,6ΤΞΕ46907Κ-ΡΒΛ,ΣΥΡΙΓΓΕΣ,https://diavgeia.gov.gr/doc/6ΤΞΕ46907Κ-ΡΒΛ
99221940,ΩΥΘ946907Κ-ΚΞΓ,ΔΙΑΓΝΩΣΤΙΚΟΙ ΚΑΘΕΤΗΡΕΣ ΣΤΕΦΑΝΙΟΓΡΑΦΙΑΣ,https://diavgeia.gov.gr/doc/ΩΥΘ946907Κ-ΚΞΓ
99221940,9ΞΣ046907Κ-9ΡΙ,ΔΙΑΓΝΩΣΤΙΚΟΙ ΚΑΘΕΤΗΡΕΣ ΣΤΕΦΑΝΙΟΓΡΑΦΙΑΣ,https://diavgeia.gov.gr/doc/9ΞΣ046907Κ-9ΡΙ
99221940,6ΚΓΩ46907Κ-Ε92,ΔΙΑΓΝΩΣΤΙΚΟΙ ΚΑΘΕΤΗΡΕΣ ΣΤΕΦΑΝΙΟΓΡΑΦΙΑΣ,https://diavgeia.gov.gr/doc/6ΚΓΩ46907Κ-Ε92
99221940,68Ξ346907Κ-ΛΑ1,ΔΙΑΓΝΩΣΤΙΚΟΙ ΚΑΘΕΤΗΡΕΣ ΣΤΕΦΑΝΙΟΓΡΑΦΙΑΣ,https://diavgeia.gov.gr/doc/68Ξ346907Κ-ΛΑ1
99221940,9ΘΥ146907Κ-ΜΔΙ,ΔΙΑΓΝΩΣΤΙΚΟΙ ΚΑΘΕΤΗΡΕΣ ΣΤΕΦΑΝΙΟΓΡΑΦΙΑΣ,https://diavgeia.gov.gr/doc/9ΘΥ146907Κ-ΜΔΙ
99221940,95ΡΛ46907Κ-ΩΔ3,OCREVUS C/S.SOL.IN 300MG/VIAL BTx1 VIAL x 10ML,https://diavgeia.gov.gr/doc/95ΡΛ46907Κ-ΩΔ3
99221940,Ψ5Σ646907Κ-16Β,OCREVUS C/S.SOL.IN 300MG/VIAL BTx1 VIAL x 10ML,https://diavgeia.gov.gr/doc/Ψ5Σ646907Κ-16Β
99221940,6Π3446907Κ-5ΜΨ,OCREVUS C/S.SOL.IN 300MG/VIAL BTx1 VIAL x 10ML,https://diavgeia.gov.gr/doc/6Π3446907Κ-5ΜΨ
99221940,6ΛΡΞ46907Κ-ΦΙΤ,OCREVUS C/S.SOL.IN 300MG/VIAL BTx1 VIAL x 10ML,https://diavgeia.gov.gr/doc/6ΛΡΞ46907Κ-ΦΙΤ
99221940,6Τ7946907Κ-3Δ1,OCREVUS C/S.SOL.IN 300MG/VIAL BTx1 VIAL x 10ML,https://diavgeia.gov.gr/doc/6Τ7946907Κ-3Δ1
99221940,ΩΖ8Σ46907Κ-ΓΧΛ,OPDIVO C/S.SOL.IN 10MG/ML BTx1VIALx10ML,https://diavgeia.gov.gr/doc/ΩΖ8Σ46907Κ-ΓΧΛ
99221940,Ψ7ΛΙ46907Κ-Γ1Α,OPDIVO C/S.SOL.IN 10MG/ML BTx1VIALx10ML,https://diavgeia.gov.gr/doc/Ψ7ΛΙ46907Κ-Γ1Α
99221940,63ΞΘ46907Κ-Π43,OPDIVO C/S.SOL.IN 10MG/ML BTx1VIALx10ML,https://diavgeia.gov.gr/doc/63ΞΘ46907Κ-Π43
99221940,ΨΑ0Μ46907Κ-ΗΘΧ,OPDIVO C/S.SOL.IN 10MG/ML BTx1VIALx10ML,https://diavgeia.gov.gr/doc/ΨΑ0Μ46907Κ-ΗΘΧ
99221940,ΨΚ8946907Κ-Μ3Φ,OPDIVO C/S.SOL.IN 10MG/ML BTx1VIALx10ML,https://diavgeia.gov.gr/doc/ΨΚ8946907Κ-Μ3Φ
99221940,ΨΠ0Β46907Κ-ΞΩ0,"ΣΕΤ  ΣΠΟΓΓΟΥ LARGE  ΜΕΓΕΘΟΣ 15Χ25Χ3
ΣΕΤ ΔΟΧΕΙΟΥ ΚΑΝΙΣΤΡΟΥ ΚΙΤ 1000ML",https://diavgeia.gov.gr/doc/ΨΠ0Β46907Κ-ΞΩ0
99221940,9ΟΕ246907Κ-ΖΜ9,"ΣΕΤ  ΣΠΟΓΓΟΥ LARGE  ΜΕΓΕΘΟΣ 15Χ25Χ3
ΣΕΤ ΔΟΧΕΙΟΥ ΚΑΝΙΣΤΡΟΥ ΚΙΤ 1000ML",https://diavgeia.gov.gr/doc/9ΟΕ246907Κ-ΖΜ9
99221940,6ΑΤΛ46907Κ-ΓΡ4,"ΣΕΤ  ΣΠΟΓΓΟΥ LARGE  ΜΕΓΕΘΟΣ 15Χ25Χ3
ΣΕΤ ΔΟΧΕΙΟΥ ΚΑΝΙΣΤΡΟΥ ΚΙΤ 1000ML",https://diavgeia.gov.gr/doc/6ΑΤΛ46907Κ-ΓΡ4
99221940,9ΦΖ346907Κ-Ρ0Β,"ΣΕΤ  ΣΠΟΓΓΟΥ LARGE  ΜΕΓΕΘΟΣ 15Χ25Χ3
ΣΕΤ ΔΟΧΕΙΟΥ ΚΑΝΙΣΤΡΟΥ ΚΙΤ 1000ML",https://diavgeia.gov.gr/doc/9ΦΖ346907Κ-Ρ0Β
99221940,ΡΩΩΩ46907Κ-Ι5Λ,"ΣΕΤ  ΣΠΟΓΓΟΥ LARGE  ΜΕΓΕΘΟΣ 15Χ25Χ3
ΣΕΤ ΔΟΧΕΙΟΥ ΚΑΝΙΣΤΡΟΥ ΚΙΤ 1000ML",https://diavgeia.gov.gr/doc/ΡΩΩΩ46907Κ-Ι5Λ
99221940,9ΧΜΝ46907Κ-8Ω9,επιθεματα αυτοκολλητα,https://diavgeia.gov.gr/doc/9ΧΜΝ46907Κ-8Ω9
99221940,6ΘΝ746907Κ-8ΨΩ,ΕΠΙΘΕΜΑΤΑ ΑΥΤΟΚΟΛΛΗΤΑ,https://diavgeia.gov.gr/doc/6ΘΝ746907Κ-8ΨΩ
99221940,Ψ9ΚΜ46907Κ-8ΣΥ,ΕΠΙΘΕΜΑΤΑ ΑΥΤΟΚΟΛΛΗΤΑ,https://diavgeia.gov.gr/doc/Ψ9ΚΜ46907Κ-8ΣΥ
99221940,ΨΓΞ846907Κ-ΟΞ1,ΕΠΙΘΕΜΑΤΑ ΑΥΤΟΚΟΛΛΗΤΑ,https://diavgeia.gov.gr/doc/ΨΓΞ846907Κ-ΟΞ1
99221940,94ΞΖ46907Κ-392,ΕΠΙΘΕΜΑΤΑ ΑΥΤΟΚΟΛΛΗΤΑ,https://diavgeia.gov.gr/doc/94ΞΖ46907Κ-392
99221940,ΨΛΗΠ46907Κ-Ζ4Β,ΚΑΘΕΤΗΡΕΣ,https://diavgeia.gov.gr/doc/ΨΛΗΠ46907Κ-Ζ4Β
99221940,665Σ46907Κ-ΥΥΨ,ΚΑΘΕΤΗΡΕΣ,https://diavgeia.gov.gr/doc/665Σ46907Κ-ΥΥΨ
99221940,668Ψ46907Κ-5ΥΡ,ΚΑΘΕΤΗΡΕΣ,https://diavgeia.gov.gr/doc/668Ψ46907Κ-5ΥΡ
99221940,ΨΠΦΤ46907Κ-Π3Π,ΚΑΘΕΤΗΡΕΣ,https://diavgeia.gov.gr/doc/ΨΠΦΤ46907Κ-Π3Π
99221940,ΩΔ6146907Κ-ΣΨΗ,ΚΑΘΕΤΗΡΕΣ,https://diavgeia.gov.gr/doc/ΩΔ6146907Κ-ΣΨΗ
99221940,Ψ5ΖΖ46907Κ-ΗΘΟ,OPDIVO C/S.SOL.IN 10MG/ML BTx1VIALx24ML,https://diavgeia.gov.gr/doc/Ψ5ΖΖ46907Κ-ΗΘΟ
99221940,Ψ0ΧΕ46907Κ-4Μ8,OPDIVO C/S.SOL.IN 10MG/ML BTx1VIALx24ML,https://diavgeia.gov.gr/doc/Ψ0ΧΕ46907Κ-4Μ8
99221940,ΨΘΝΟ46907Κ-ΘΕΓ,OPDIVO C/S.SOL.IN 10MG/ML BTx1VIALx24ML,https://diavgeia.gov.gr/doc/ΨΘΝΟ46907Κ-ΘΕΓ
99221940,6ΒΥΡ46907Κ-ΜΚΔ,OPDIVO C/S.SOL.IN 10MG/ML BTx1VIALx24ML,https://diavgeia.gov.gr/doc/6ΒΥΡ46907Κ-ΜΚΔ
99221940,6ΔΞΚ46907Κ-ΓΒΕ,OPDIVO C/S.SOL.IN 10MG/ML BTx1VIALx24ML,https://diavgeia.gov.gr/doc/6ΔΞΚ46907Κ-ΓΒΕ
99221940,6ΜΡΦ46907Κ-Ο1Ο,ΟΔΗΓΟΙ ΚΑΘΕΤΗΡΕΣ ΑΓΓΕΙΟΠΛΑΣΤΙΚΗΣ,https://diavgeia.gov.gr/doc/6ΜΡΦ46907Κ-Ο1Ο
99221940,Ψ8Χ846907Κ-0ΦΨ,ΟΔΗΓΟΙ ΚΑΘΕΤΗΡΕΣ ΑΓΓΕΙΟΠΛΑΣΤΙΚΗΣ,https://diavgeia.gov.gr/doc/Ψ8Χ846907Κ-0ΦΨ
99221940,6ΑΝ046907Κ-69Θ,ΟΔΗΓΟΙ ΚΑΘΕΤΗΡΕΣ ΑΓΓΕΙΟΠΛΑΣΤΙΚΗΣ,https://diavgeia.gov.gr/doc/6ΑΝ046907Κ-69Θ
99221940,ΨΛ5Ψ46907Κ-ΘΔΩ,ΟΔΗΓΟΙ ΚΑΘΕΤΗΡΕΣ ΑΓΓΕΙΟΠΛΑΣΤΙΚΗΣ,https://diavgeia.gov.gr/doc/ΨΛ5Ψ46907Κ-ΘΔΩ
99221940,6Θ6Ε46907Κ-9ΒΚ,ΟΔΗΓΟΙ ΚΑΘΕΤΗΡΕΣ ΑΓΓΕΙΟΠΛΑΣΤΙΚΗΣ,https://diavgeia.gov.gr/doc/6Θ6Ε46907Κ-9ΒΚ
99221940,60ΜΘ46907Κ-ΡΥΩ,HERCEPTIN INJ.SOL 600MG/5ML BTx1VIALx5ML,https://diavgeia.gov.gr/doc/60ΜΘ46907Κ-ΡΥΩ
99221940,ΩΖ0Ο46907Κ-Φ0Ρ,HERCEPTIN INJ.SOL 600MG/5ML BTx1VIALx5ML,https://diavgeia.gov.gr/doc/ΩΖ0Ο46907Κ-Φ0Ρ
99221940,ΨΣΕΩ46907Κ-ΦΑ2,HERCEPTIN INJ.SOL 600MG/5ML BTx1VIALx5ML,https://diavgeia.gov.gr/doc/ΨΣΕΩ46907Κ-ΦΑ2
99221940,ΨΔΙ446907Κ-ΥΚΔ,HERCEPTIN INJ.SOL 600MG/5ML BTx1VIALx5ML,https://diavgeia.gov.gr/doc/ΨΔΙ446907Κ-ΥΚΔ
99221940,ΩΖΛΕ46907Κ-2ΩΑ,HERCEPTIN INJ.SOL 600MG/5ML BTx1VIALx5ML,https://diavgeia.gov.gr/doc/ΩΖΛΕ46907Κ-2ΩΑ
99221940,Ω8Ζ246907Κ-Η2Μ,TYSABRI C/S.SOL.IN 300MG/VIAL (20MG/ML) BT x 1 VIAL x 15 ML,https://diavgeia.gov.gr/doc/Ω8Ζ246907Κ-Η2Μ
99221940,61ΤΕ46907Κ-Η0Μ,TYSABRI C/S.SOL.IN 300MG/VIAL (20MG/ML) BT x 1 VIAL x 15 ML,https://diavgeia.gov.gr/doc/61ΤΕ46907Κ-Η0Μ
99221940,ΩΖ3Ρ46907Κ-ΖΝ3,TYSABRI C/S.SOL.IN 300MG/VIAL (20MG/ML) BT x 1 VIAL x 15 ML,https://diavgeia.gov.gr/doc/ΩΖ3Ρ46907Κ-ΖΝ3
99221940,605Σ46907Κ-Η79,TYSABRI C/S.SOL.IN 300MG/VIAL (20MG/ML) BT x 1 VIAL x 15 ML,https://diavgeia.gov.gr/doc/605Σ46907Κ-Η79
99221940,ΨΓΨΧ46907Κ-63Φ,TYSABRI C/S.SOL.IN 300MG/VIAL (20MG/ML) BT x 1 VIAL x 15 ML,https://diavgeia.gov.gr/doc/ΨΓΨΧ46907Κ-63Φ
99221940,68ΞΝ46907Κ-ΘΓ0,"REPLAGAL C/S.SOL.IN 1MG/ML BTx 1 VIAL x 3,5 ML",https://diavgeia.gov.gr/doc/68ΞΝ46907Κ-ΘΓ0
99221940,ΨΕΠΡ46907Κ-8Ψ1,"REPLAGAL C/S.SOL.IN 1MG/ML BTx 1 VIAL x 3,5 ML",https://diavgeia.gov.gr/doc/ΨΕΠΡ46907Κ-8Ψ1
99221940,96Α046907Κ-ΓΛΩ,"REPLAGAL C/S.SOL.IN 1MG/ML BTx 1 VIAL x 3,5 ML",https://diavgeia.gov.gr/doc/96Α046907Κ-ΓΛΩ
99221940,ΩΤ8Δ46907Κ-ΦΔΕ,"REPLAGAL C/S.SOL.IN 1MG/ML BTx 1 VIAL x 3,5 ML",https://diavgeia.gov.gr/doc/ΩΤ8Δ46907Κ-ΦΔΕ
99221940,ΨΝΑ346907Κ-ΝΡΒ,"REPLAGAL C/S.SOL.IN 1MG/ML BTx 1 VIAL x 3,5 ML",https://diavgeia.gov.gr/doc/ΨΝΑ346907Κ-ΝΡΒ
99221940,Ψ5ΟΤ46907Κ-4Φ5,IMFINZI C/S.SOL.IN 50MG/ML BTx 1 VIALX10 ML,https://diavgeia.gov.gr/doc/Ψ5ΟΤ46907Κ-4Φ5
99221940,Ψ7Υ346907Κ-ΛΥΜ,IMFINZI C/S.SOL.IN 50MG/ML BTx 1 VIALX10 ML,https://diavgeia.gov.gr/doc/Ψ7Υ346907Κ-ΛΥΜ
99221940,Ψ5ΚΥ46907Κ-4ΧΣ,IMFINZI C/S.SOL.IN 50MG/ML BTx 1 VIALX10 ML,https://diavgeia.gov.gr/doc/Ψ5ΚΥ46907Κ-4ΧΣ
99221940,6ΡΣ346907Κ-45Π,IMFINZI C/S.SOL.IN 50MG/ML BTx 1 VIALX10 ML,https://diavgeia.gov.gr/doc/6ΡΣ346907Κ-45Π
99221940,6ΘΧ946907Κ-Υ46,IMFINZI C/S.SOL.IN 50MG/ML BTx 1 VIALX10 ML,https://diavgeia.gov.gr/doc/6ΘΧ946907Κ-Υ46
99221940,ΨΚ8Τ46907Κ-Ω92,"ΣΕΤ ΑΠΟΣΤΕΙΡΩΜΕΝΟΥ ΣΠΟΓΓΟΥ ΜΕ ΙΟΝΤΙΚΟ ΑΡΓΥΡΟ ΜΕΓΕΘΟΣ  MEDIUM  18Χ12,5Χ3,3CM.
ΣΕΤ ΔΟΧΕΙΟΥ Κ",https://diavgeia.gov.gr/doc/ΨΚ8Τ46907Κ-Ω92
99221940,ΨΞΔ046907Κ-ΨΦ1,"ΣΕΤ ΑΠΟΣΤΕΙΡΩΜΕΝΟΥ ΣΠΟΓΓΟΥ ΜΕ ΙΟΝΤΙΚΟ ΑΡΓΥΡΟ ΜΕΓΕΘΟΣ  MEDIUM 18Χ12,5Χ3,3CM.
ΣΕΤ ΔΟΧΕΙΟΥ ΚΑ",https://diavgeia.gov.gr/doc/ΨΞΔ046907Κ-ΨΦ1
99221940,Ψ47Α46907Κ-ΘΘ1,"ΣΕΤ ΑΠΟΣΤΕΙΡΩΜΕΝΟΥ ΣΠΟΓΓΟΥ ΜΕ ΙΟΝΤΙΚΟ ΑΡΓΥΡΟ ΜΕΓΕΘΟΣ  MEDIUM  18Χ12,5Χ3,3CM.
ΣΕΤ ΔΟΧΕΙΟΥ Κ",https://diavgeia.gov.gr/doc/Ψ47Α46907Κ-ΘΘ1
99221940,ΨΔΥΩ46907Κ-ΘΜΛ,"ΣΕΤ ΑΠΟΣΤΕΙΡΩΜΕΝΟΥ ΣΠΟΓΓΟΥ ΜΕ ΙΟΝΤΙΚΟ ΑΡΓΥΡΟ ΜΕΓΕΘΟΣ  MEDIUM 18Χ12,5Χ3,3CM.
ΣΕΤ ΔΟΧΕΙΟΥ ΚΑ",https://diavgeia.gov.gr/doc/ΨΔΥΩ46907Κ-ΘΜΛ
99221940,9Χ6Π46907Κ-ΠΓΙ,"ΣΕΤ ΑΠΟΣΤΕΙΡΩΜΕΝΟΥ ΣΠΟΓΓΟΥ ΜΕ ΙΟΝΤΙΚΟ ΑΡΓΥΡΟ ΜΕΓΕΘΟΣ MEDIUM 18Χ12,5Χ3,3CM.      
ΣΕΤ ΔΟΧΕΙ",https://diavgeia.gov.gr/doc/9Χ6Π46907Κ-ΠΓΙ
99221940,6Ι4Α46907Κ-0ΛΨ,ΣΕΤ ΙΝΑΣ LASER 1940NM ΜΕ ΚΑΘΕΤΗΡΑ ΕΙΣΑΓΩΓΗΣ ΓΙΑ ΦΛΕΒΙΚΑ ΑΓΓΕΙΑ  (ΜΕ ΕΝΣΩΜΑΤΩΜΕΝΟ MICROCHIP,https://diavgeia.gov.gr/doc/6Ι4Α46907Κ-0ΛΨ
99221940,9ΟΧΠ46907Κ-ΦΔΛ,ΣΕΤ ΙΝΑΣ LASER 1940NM ΜΕ ΚΑΘΕΤΗΡΑ ΕΙΣΑΓΩΓΗΣ ΓΙΑ ΦΛΕΒΙΚΑ ΑΓΓΕΙΑ  (ΜΕ ΕΝΣΩΜΑΤΩΜΕΝΟ MICROCHIP,https://diavgeia.gov.gr/doc/9ΟΧΠ46907Κ-ΦΔΛ
99221940,ΨΧ3746907Κ-6Ε9,ΣΕΤ ΙΝΑΣ LASER 1940NM ΜΕ ΚΑΘΕΤΗΡΑ ΕΙΣΑΓΩΓΗΣ ΓΙΑ ΦΛΕΒΙΚΑ ΑΓΓΕΙΑ  (ΜΕ ΕΝΣΩΜΑΤΩΜΕΝΟ MICROCHIP,https://diavgeia.gov.gr/doc/ΨΧ3746907Κ-6Ε9
99221940,9ΑΦ346907Κ-ΙΜΧ,ΣΕΤ ΙΝΑΣ LASER 1940NM ΜΕ ΚΑΘΕΤΗΡΑ ΕΙΣΑΓΩΓΗΣ ΓΙΑ ΦΛΕΒΙΚΑ ΑΓΓΕΙΑ  (ΜΕ ΕΝΣΩΜΑΤΩΜΕΝΟ MICROCHIP,https://diavgeia.gov.gr/doc/9ΑΦ346907Κ-ΙΜΧ
99221940,Ψ8ΘΘ46907Κ-ΤΦ3,ΣΕΤ ΙΝΑΣ LASER 1940NM ΜΕ ΚΑΘΕΤΗΡΑ ΕΙΣΑΓΩΓΗΣ ΓΙΑ ΦΛΕΒΙΚΑ ΑΓΓΕΙΑ  (ΜΕ ΕΝΣΩΜΑΤΩΜΕΝΟ MICROCHIP,https://diavgeia.gov.gr/doc/Ψ8ΘΘ46907Κ-ΤΦ3
99221940,9ΛΡΟ46907Κ-Π68,ΣΩΛΗΝΑΡΙΑ ΑΙΜΟΛΗΨΙΑΣ,https://diavgeia.gov.gr/doc/9ΛΡΟ46907Κ-Π68
99221940,6Φ0Ξ46907Κ-Β05,ΣΩΛΗΝΑΡΙΑ ΑΙΜΟΛΗΨΙΑΣ,https://diavgeia.gov.gr/doc/6Φ0Ξ46907Κ-Β05
99221940,6ΔΥΥ46907Κ-055,ΣΩΛΗΝΑΡΙΑ ΑΙΜΟΛΗΨΙΑΣ,https://diavgeia.gov.gr/doc/6ΔΥΥ46907Κ-055
99221940,661Ι46907Κ-3ΣΟ,ΣΩΛΗΝΑΡΙΑ ΑΙΜΟΛΗΨΙΑΣ,https://diavgeia.gov.gr/doc/661Ι46907Κ-3ΣΟ
99221940,9Ω9Ρ46907Κ-ΤΤΛ,ΣΩΛΗΝΑΡΙΑ ΑΙΜΟΛΗΨΙΑΣ,https://diavgeia.gov.gr/doc/9Ω9Ρ46907Κ-ΤΤΛ
99221940,6ΦΗΦ46907Κ-ΣΓΧ,ΓΑΖΑ 10Χ10 12PLY,https://diavgeia.gov.gr/doc/6ΦΗΦ46907Κ-ΣΓΧ
99221940,6ΜΨΖ46907Κ-73Β,ΓΑΖΑ 10Χ10 12PLY,https://diavgeia.gov.gr/doc/6ΜΨΖ46907Κ-73Β
99221940,6Ι2Φ46907Κ-Ζ8Β,ΓΑΖΑ 10Χ10 12PLY,https://diavgeia.gov.gr/doc/6Ι2Φ46907Κ-Ζ8Β
99221940,9ΖΖΤ46907Κ-Ν9Κ,ΓΑΖΑ 10Χ10 12PLY,https://diavgeia.gov.gr/doc/9ΖΖΤ46907Κ-Ν9Κ
99221940,967Χ46907Κ-9Κ1,ΓΑΖΑ 10Χ10 12PLY,https://diavgeia.gov.gr/doc/967Χ46907Κ-9Κ1
99221940,6ΦΥΥ46907Κ-7Α4,TRUXIMA C/S.SOL.IN 100MG/10ML VIAL (10MG/ML) BTx2 VIALS x10 ML,https://diavgeia.gov.gr/doc/6ΦΥΥ46907Κ-7Α4
99221940,9ΞΚΡ46907Κ-ΛΣΗ,TRUXIMA C/S.SOL.IN 100MG/10ML VIAL (10MG/ML) BTx2 VIALS x10 ML,https://diavgeia.gov.gr/doc/9ΞΚΡ46907Κ-ΛΣΗ
99221940,99ΩΧ46907Κ-61Σ,TRUXIMA C/S.SOL.IN 100MG/10ML VIAL (10MG/ML) BTx2 VIALS x10 ML,https://diavgeia.gov.gr/doc/99ΩΧ46907Κ-61Σ
99221940,9Δ3Π46907Κ-5ΨΔ,TRUXIMA C/S.SOL.IN 100MG/10ML VIAL (10MG/ML) BTx2 VIALS x10 ML,https://diavgeia.gov.gr/doc/9Δ3Π46907Κ-5ΨΔ
99221940,ΨΧ8Π46907Κ-Ζ9Ζ,TRUXIMA C/S.SOL.IN 100MG/10ML VIAL (10MG/ML) BTx2 VIALS x10 ML,https://diavgeia.gov.gr/doc/ΨΧ8Π46907Κ-Ζ9Ζ
99221940,Ψ75546907Κ-8ΨΨ,ΠΡΟΓΕΜΙΣΜΕΝΕΣ ΣΥΡΙΓΓΕΣ,https://diavgeia.gov.gr/doc/Ψ75546907Κ-8ΨΨ
99221940,ΨΜΜ346907Κ-91Ψ,ΠΡΟΓΕΜΙΣΜΕΝΕΣ ΣΥΡΙΓΓΕΣ,https://diavgeia.gov.gr/doc/ΨΜΜ346907Κ-91Ψ
99221940,677Χ46907Κ-Ξ0Μ,ΠΡΟΓΕΜΙΣΜΕΝΕΣ ΣΥΡΙΓΓΕΣ,https://diavgeia.gov.gr/doc/677Χ46907Κ-Ξ0Μ
99221940,ΨΧΓΜ46907Κ-Ω76,ΠΡΟΓΕΜΙΣΜΕΝΕΣ ΣΥΡΙΓΓΕΣ,https://diavgeia.gov.gr/doc/ΨΧΓΜ46907Κ-Ω76
99221940,911Δ46907Κ-Ξ2Σ,ΠΡΟΓΕΜΙΣΜΕΝΕΣ ΣΥΡΙΓΓΕΣ,https://diavgeia.gov.gr/doc/911Δ46907Κ-Ξ2Σ
99221940,908Υ46907Κ-ΛΘΗ,MVASI® C/S.SOL.IN 25MG/ML 1 VIAL x 4ML,https://diavgeia.gov.gr/doc/908Υ46907Κ-ΛΘΗ
99221940,6ΑΦΗ46907Κ-ΕΙΝ,MVASI® C/S.SOL.IN 25MG/ML 1 VIAL x 4ML,https://diavgeia.gov.gr/doc/6ΑΦΗ46907Κ-ΕΙΝ
99221940,ΩΖΜΡ46907Κ-Η3Λ,MVASI® C/S.SOL.IN 25MG/ML 1 VIAL x 4ML,https://diavgeia.gov.gr/doc/ΩΖΜΡ46907Κ-Η3Λ
99221940,ΨΦΠΕ46907Κ-ΟΓΚ,MVASI® C/S.SOL.IN 25MG/ML 1 VIAL x 4ML,https://diavgeia.gov.gr/doc/ΨΦΠΕ46907Κ-ΟΓΚ
99221940,ΨΦ9Φ46907Κ-3ΤΡ,MVASI® C/S.SOL.IN 25MG/ML 1 VIAL x 4ML,https://diavgeia.gov.gr/doc/ΨΦ9Φ46907Κ-3ΤΡ
99221940,ΨΜ8Ζ46907Κ-3ΓΖ,ΣΤΕΙΡΟ ΙΣΟΤΟΝΙΚΟ ΙΣΟΣΤΑΘΜΙΣΜΕΝΟ ΔΙΑΛΥΜΑ ΓΙΑ ΕΓΧΕΙΡΗΣΗΣ ΟΦΘ/ΚΕΣ  BSS ΜΙΚΡΟ 15 ΕΩΣ 25ML,https://diavgeia.gov.gr/doc/ΨΜ8Ζ46907Κ-3ΓΖ
99221940,ΩΜΟΨ46907Κ-ΦΦ9,ΣΤΕΙΡΟ ΙΣΟΤΟΝΙΚΟ ΙΣΟΣΤΑΘΜΙΣΜΕΝΟ ΔΙΑΛΥΜΑ ΓΙΑ ΕΓΧΕΙΡΗΣΗΣ ΟΦΘ/ΚΕΣ  BSS ΜΙΚΡΟ 15 ΕΩΣ 25ML,https://diavgeia.gov.gr/doc/ΩΜΟΨ46907Κ-ΦΦ9
99221940,Ψ3Δ946907Κ-7ΨΛ,ΣΤΕΙΡΟ ΙΣΟΤΟΝΙΚΟ ΙΣΟΣΤΑΘΜΙΣΜΕΝΟ ΔΙΑΛΥΜΑ ΓΙΑ ΕΓΧΕΙΡΗΣΗΣ ΟΦΘ/ΚΕΣ  BSS ΜΙΚΡΟ 15 ΕΩΣ 25ML,https://diavgeia.gov.gr/doc/Ψ3Δ946907Κ-7ΨΛ
99221940,Ε1Ι546907Κ-ΓΘ7,ΣΤΕΙΡΟ ΙΣΟΤΟΝΙΚΟ ΙΣΟΣΤΑΘΜΙΣΜΕΝΟ ΔΙΑΛΥΜΑ ΓΙΑ ΕΓΧΕΙΡΗΣΗΣ ΟΦΘ/ΚΕΣ  BSS ΜΙΚΡΟ 15 ΕΩΣ 25ML,https://diavgeia.gov.gr/doc/Ε1Ι546907Κ-ΓΘ7
99221940,ΨΙΩΘ46907Κ-ΣΝΠ,ΣΤΕΙΡΟ ΙΣΟΤΟΝΙΚΟ ΙΣΟΣΤΑΘΜΙΣΜΕΝΟ ΔΙΑΛΥΜΑ ΓΙΑ ΕΓΧΕΙΡΗΣΗΣ ΟΦΘ/ΚΕΣ  BSS ΜΙΚΡΟ 15 ΕΩΣ 25ML,https://diavgeia.gov.gr/doc/ΨΙΩΘ46907Κ-ΣΝΠ
99221940,6Ε9Π46907Κ-8Χ6,ERBITUX SOL.INF 5MG/ML BT x 1 VIAL x 20 ML,https://diavgeia.gov.gr/doc/6Ε9Π46907Κ-8Χ6
99221940,Ψ0ΑΥ46907Κ-Ζ54,ERBITUX SOL.INF 5MG/ML BT x 1 VIAL x 20 ML,https://diavgeia.gov.gr/doc/Ψ0ΑΥ46907Κ-Ζ54
99221940,Ψ6Τ146907Κ-4ΓΙ,ERBITUX SOL.INF 5MG/ML BT x 1 VIAL x 20 ML,https://diavgeia.gov.gr/doc/Ψ6Τ146907Κ-4ΓΙ
99221940,ΨΡ6Η46907Κ-8Σ9,ERBITUX SOL.INF 5MG/ML BT x 1 VIAL x 20 ML,https://diavgeia.gov.gr/doc/ΨΡ6Η46907Κ-8Σ9
99221940,6Ω3346907Κ-8ΑΧ,ERBITUX SOL.INF 5MG/ML BT x 1 VIAL x 20 ML,https://diavgeia.gov.gr/doc/6Ω3346907Κ-8ΑΧ
99221940,65ΡΧ46907Κ-Π3Χ,"HALAVEN INJ.SOL 0,44MG/ML BTx1VIALx2ML",https://diavgeia.gov.gr/doc/65ΡΧ46907Κ-Π3Χ
99221940,Ω21Δ46907Κ-7ΥΛ,"HALAVEN INJ.SOL 0,44MG/ML BTx1VIALx2ML",https://diavgeia.gov.gr/doc/Ω21Δ46907Κ-7ΥΛ
99221940,ΨΜ0Λ46907Κ-ΥΕΟ,"HALAVEN INJ.SOL 0,44MG/ML BTx1VIALx2ML",https://diavgeia.gov.gr/doc/ΨΜ0Λ46907Κ-ΥΕΟ
99221940,6ΘΔΣ46907Κ-ΞΕΙ,"HALAVEN INJ.SOL 0,44MG/ML BTx1VIALx2ML",https://diavgeia.gov.gr/doc/6ΘΔΣ46907Κ-ΞΕΙ
99221940,6ΝΒΖ46907Κ-ΠΜ3,"HALAVEN INJ.SOL 0,44MG/ML BTx1VIALx2ML",https://diavgeia.gov.gr/doc/6ΝΒΖ46907Κ-ΠΜ3
99221940,6ΓΔ046907Κ-62Ζ,ZAVICEFTA PD.C.S.INF (2+0.5)G /VIAL BTx10 VIALSx20ML,https://diavgeia.gov.gr/doc/6ΓΔ046907Κ-62Ζ
99221940,9ΦΙΛ46907Κ-8Δ6,ZAVICEFTA PD.C.S.INF (2+0.5)G /VIAL BTx10 VIALSx20ML,https://diavgeia.gov.gr/doc/9ΦΙΛ46907Κ-8Δ6
99221940,ΩΑ6Υ46907Κ-ΥΝΠ,ZAVICEFTA PD.C.S.INF (2+0.5)G /VIAL BTx10 VIALSx20ML,https://diavgeia.gov.gr/doc/ΩΑ6Υ46907Κ-ΥΝΠ
99221940,6ΔΤΩ46907Κ-Ρ4Ψ,ZAVICEFTA PD.C.S.INF (2+0.5)G /VIAL BTx10 VIALSx20ML,https://diavgeia.gov.gr/doc/6ΔΤΩ46907Κ-Ρ4Ψ
99221940,Ω8Σ846907Κ-ΗΩΨ,ZAVICEFTA PD.C.S.INF (2+0.5)G /VIAL BTx10 VIALSx20ML,https://diavgeia.gov.gr/doc/Ω8Σ846907Κ-ΗΩΨ
99221940,9ΙΒΣ46907Κ-Χ1Μ,ΧΑΡΤΙ ΥΓΕΙΑΣ,https://diavgeia.gov.gr/doc/9ΙΒΣ46907Κ-Χ1Μ
99221940,6ΘΑΤ46907Κ-ΚΦΝ,ΧΑΡΤΙ ΥΓΕΙΑΣ,https://diavgeia.gov.gr/doc/6ΘΑΤ46907Κ-ΚΦΝ
99221940,6ΞΝ046907Κ-0ΜΓ,ΧΑΡΤΙ ΥΓΕΙΑΣ,https://diavgeia.gov.gr/doc/6ΞΝ046907Κ-0ΜΓ
99221940,6Α4Υ46907Κ-8ΧΟ,ΧΑΡΤΙ ΥΓΕΙΑΣ,https://diavgeia.gov.gr/doc/6Α4Υ46907Κ-8ΧΟ
99221940,6Η7546907Κ-ΜΑΣ,ΧΑΡΤΙ ΥΓΕΙΑΣ,https://diavgeia.gov.gr/doc/6Η7546907Κ-ΜΑΣ
99221940,6ΜΛ246907Κ-1ΧΒ,"ΕΥΘΥΓΡΑΜΜΟΙ ΕΠΑΝΑΦΟΡΤΙΖΟΜΕΝΟΙ ΚΟΠΤΟΡΑΠΤΕΣ ΜΕ ΜΗΚΟΣ  ΣΥΡΡΑΦΗΣ 80mm 
ΓΙΑ ΠΑΧΕΙΣ ΙΣΤΟΥΣ
ΑΝΤΑΛ",https://diavgeia.gov.gr/doc/6ΜΛ246907Κ-1ΧΒ
99221940,ΨΒΧΨ46907Κ-ΩΘΓ,"ΕΥΘΥΓΡΑΜΜΟΙ ΕΠΑΝΑΦΟΡΤΙΖΟΜΕΝΟΙ ΚΟΠΤΟΡΑΠΤΕΣ ΜΕ ΜΗΚΟΣ  ΣΥΡΡΑΦΗΣ 80mm 
ΓΙΑ ΠΑΧΕΙΣ ΙΣΤΟΥΣ
ΑΝΤΑΛ",https://diavgeia.gov.gr/doc/ΨΒΧΨ46907Κ-ΩΘΓ
99221940,ΨΛΖΕ46907Κ-ΓΥΛ,"ΕΥΘΥΓΡΑΜΜΟΙ ΕΠΑΝΑΦΟΡΤΙΖΟΜΕΝΟΙ ΚΟΠΤΟΡΑΠΤΕΣ ΜΕ ΜΗΚΟΣ  ΣΥΡΡΑΦΗΣ 80mm 
ΓΙΑ ΠΑΧΕΙΣ ΙΣΤΟΥΣ
ΑΝΤΑΛ",https://diavgeia.gov.gr/doc/ΨΛΖΕ46907Κ-ΓΥΛ
99221940,9ΒΙΓ46907Κ-Ν1Μ,"ΕΥΘΥΓΡΑΜΜΟΙ ΕΠΑΝΑΦΟΡΤΙΖΟΜΕΝΟΙ ΚΟΠΤΟΡΑΠΤΕΣ ΜΕ ΜΗΚΟΣ  ΣΥΡΡΑΦΗΣ 80mm 
ΓΙΑ ΠΑΧΕΙΣ ΙΣΤΟΥΣ
ΑΝΤΑΛ",https://diavgeia.gov.gr/doc/9ΒΙΓ46907Κ-Ν1Μ
99221940,614Θ46907Κ-Γ0Ξ,"ΕΥΘΥΓΡΑΜΜΟΙ ΕΠΑΝΑΦΟΡΤΙΖΟΜΕΝΟΙ ΚΟΠΤΟΡΑΠΤΕΣ ΜΕ ΜΗΚΟΣ  ΣΥΡΡΑΦΗΣ 80mm 
ΓΙΑ ΠΑΧΕΙΣ ΙΣΤΟΥΣ
ΑΝΤΑΛ",https://diavgeia.gov.gr/doc/614Θ46907Κ-Γ0Ξ
99221940,ΩΥΚΛ46907Κ-69Ω,VECTIBIX C/S.SOL.IN 100MG/5ML VIAL BT x 1 VIAL x 5 ML,https://diavgeia.gov.gr/doc/ΩΥΚΛ46907Κ-69Ω
99221940,6Γ8Κ46907Κ-6Η1,VECTIBIX C/S.SOL.IN 100MG/5ML VIAL BT x 1 VIAL x 5 ML,https://diavgeia.gov.gr/doc/6Γ8Κ46907Κ-6Η1
99221940,6ΜΣΜ46907Κ-32Τ,VECTIBIX C/S.SOL.IN 100MG/5ML VIAL BT x 1 VIAL x 5 ML,https://diavgeia.gov.gr/doc/6ΜΣΜ46907Κ-32Τ
99221940,6Μ5646907Κ-Ι4Υ,VECTIBIX C/S.SOL.IN 100MG/5ML VIAL BT x 1 VIAL x 5 ML,https://diavgeia.gov.gr/doc/6Μ5646907Κ-Ι4Υ
99221940,6ΞΨΙ46907Κ-ΔΘΝ,VECTIBIX C/S.SOL.IN 100MG/5ML VIAL BT x 1 VIAL x 5 ML,https://diavgeia.gov.gr/doc/6ΞΨΙ46907Κ-ΔΘΝ
99221940,ΨΘ3Χ46907Κ-ΡΜΖ,ΒΙΟΛΟΓΙΚΗ ΚΟΛΛΑ 10ML,https://diavgeia.gov.gr/doc/ΨΘ3Χ46907Κ-ΡΜΖ
99221940,9ΡΥΟ46907Κ-ΙΑΦ,ΒΙΟΛΟΓΙΚΗ ΚΟΛΛΑ 10ML,https://diavgeia.gov.gr/doc/9ΡΥΟ46907Κ-ΙΑΦ
99221940,6ΔΒΚ46907Κ-9ΦΤ,ΒΙΟΛΟΓΙΚΗ ΚΟΛΛΑ 10ML,https://diavgeia.gov.gr/doc/6ΔΒΚ46907Κ-9ΦΤ
99221940,ΨΩΥ346907Κ-ΗΣ3,ΒΙΟΛΟΓΙΚΗ ΚΟΛΛΑ 10ML,https://diavgeia.gov.gr/doc/ΨΩΥ346907Κ-ΗΣ3
99221940,9ΙΞΠ46907Κ-ΝΥΡ,ΒΙΟΛΟΓΙΚΗ ΚΟΛΛΑ 10ML,https://diavgeia.gov.gr/doc/9ΙΞΠ46907Κ-ΝΥΡ
99221940,Ψ4ΘΞ46907Κ-ΧΜΞ,OPDIVO C/S.SOL.IN 10MG/ML BTx1 VIAL x 10ML,https://diavgeia.gov.gr/doc/Ψ4ΘΞ46907Κ-ΧΜΞ
99221940,ΨΘΚ646907Κ-9ΞΞ,OPDIVO C/S.SOL.IN 10MG/ML BTx1 VIAL x 10ML,https://diavgeia.gov.gr/doc/ΨΘΚ646907Κ-9ΞΞ
99221940,6Ρ9Ν46907Κ-7ΧΙ,OPDIVO C/S.SOL.IN 10MG/ML BTx1 VIAL x 10ML,https://diavgeia.gov.gr/doc/6Ρ9Ν46907Κ-7ΧΙ
99221940,ΨΥΞΘ46907Κ-ΓΙΓ,OPDIVO C/S.SOL.IN 10MG/ML BTx1 VIAL x 10ML,https://diavgeia.gov.gr/doc/ΨΥΞΘ46907Κ-ΓΙΓ
99221940,ΨΑΠΛ46907Κ-ΟΩΑ,OPDIVO C/S.SOL.IN 10MG/ML BTx1 VIAL x 10ML,https://diavgeia.gov.gr/doc/ΨΑΠΛ46907Κ-ΟΩΑ
99221940,Ψ73Δ46907Κ-ΕΗΓ,ΒΕΛΟΝΕΣ ΠΑΡΑΚΕΝΤΗΣΗΣ,https://diavgeia.gov.gr/doc/Ψ73Δ46907Κ-ΕΗΓ
99221940,ΨΨ9Θ46907Κ-ΑΦΔ,ΒΕΛΟΝΕΣ ΠΑΡΑΚΕΝΤΗΣΗΣ,https://diavgeia.gov.gr/doc/ΨΨ9Θ46907Κ-ΑΦΔ
99221940,ΨΣ5Β46907Κ-Α1Γ,ΒΕΛΟΝΕΣ ΠΑΡΑΚΕΝΤΗΣΗΣ,https://diavgeia.gov.gr/doc/ΨΣ5Β46907Κ-Α1Γ
99221940,ΨΥΛ946907Κ-5Ν7,ΒΕΛΟΝΕΣ ΠΑΡΑΚΕΝΤΗΣΗΣ,https://diavgeia.gov.gr/doc/ΨΥΛ946907Κ-5Ν7
99221940,9ΒΓΡ46907Κ-ΚΧΥ,ΒΕΛΟΝΕΣ ΠΑΡΑΚΕΝΤΗΣΗΣ,https://diavgeia.gov.gr/doc/9ΒΓΡ46907Κ-ΚΧΥ
99221940,ΨΘΝΞ46907Κ-ΝΞΟ,ΙMFINZI C/S.SOL.IN 50MG/ML BTx 1 VIALX10 ML,https://diavgeia.gov.gr/doc/ΨΘΝΞ46907Κ-ΝΞΟ
99221940,9ΘΞΡ46907Κ-2Ω5,ΙMFINZI C/S.SOL.IN 50MG/ML BTx 1 VIALX10 ML,https://diavgeia.gov.gr/doc/9ΘΞΡ46907Κ-2Ω5
99221940,Ψ66Ψ46907Κ-ΗΞΟ,ΙMFINZI C/S.SOL.IN 50MG/ML BTx 1 VIALX10 ML,https://diavgeia.gov.gr/doc/Ψ66Ψ46907Κ-ΗΞΟ
99221940,6ΞΛ946907Κ-05Υ,ΙMFINZI C/S.SOL.IN 50MG/ML BTx 1 VIALX10 ML,https://diavgeia.gov.gr/doc/6ΞΛ946907Κ-05Υ
99221940,9ΧΣ546907Κ-ΘΦΔ,ΙMFINZI C/S.SOL.IN 50MG/ML BTx 1 VIALX10 ML,https://diavgeia.gov.gr/doc/9ΧΣ546907Κ-ΘΦΔ
99221940,ΡΛΓ646907Κ-7Ι7,ΟΔΗΓΟΙ ΚΑΘΕΤΗΡΕΣ,https://diavgeia.gov.gr/doc/ΡΛΓ646907Κ-7Ι7
99221940,6ΠΕΠ46907Κ-42Ω,ΟΔΗΓΟΙ ΚΑΘΕΤΗΡΕΣ,https://diavgeia.gov.gr/doc/6ΠΕΠ46907Κ-42Ω
99221940,ΨΣΔΓ46907Κ-ΖΚΩ,ΟΔΗΓΟΙ ΚΑΘΕΤΗΡΕΣ,https://diavgeia.gov.gr/doc/ΨΣΔΓ46907Κ-ΖΚΩ
99221940,Ψ1ΡΛ46907Κ-ΘΔΖ,ΟΔΗΓΟΙ ΚΑΘΕΤΗΡΕΣ,https://diavgeia.gov.gr/doc/Ψ1ΡΛ46907Κ-ΘΔΖ
99221940,9Δ5Ξ46907Κ-771,ΟΔΗΓΟΙ ΚΑΘΕΤΗΡΕΣ,https://diavgeia.gov.gr/doc/9Δ5Ξ46907Κ-771
99221940,9Θ9046907Κ-7ΝΒ,BAVENCIO C/S.SOL.IN 20MG/ML BTx1 VIAL x 10ML,https://diavgeia.gov.gr/doc/9Θ9046907Κ-7ΝΒ
99221940,6ΗΧΖ46907Κ-ΗΙ6,BAVENCIO C/S.SOL.IN 20MG/ML BTx1 VIAL x 10ML,https://diavgeia.gov.gr/doc/6ΗΧΖ46907Κ-ΗΙ6
99221940,6ΔΙΖ46907Κ-ΤΚΕ,BAVENCIO C/S.SOL.IN 20MG/ML BTx1 VIAL x 10ML,https://diavgeia.gov.gr/doc/6ΔΙΖ46907Κ-ΤΚΕ
99221940,ΨΤΩΞ46907Κ-Α1Κ,BAVENCIO C/S.SOL.IN 20MG/ML BTx1 VIAL x 10ML,https://diavgeia.gov.gr/doc/ΨΤΩΞ46907Κ-Α1Κ
99221940,64ΝΦ46907Κ-2ΜΤ,BAVENCIO C/S.SOL.IN 20MG/ML BTx1 VIAL x 10ML,https://diavgeia.gov.gr/doc/64ΝΦ46907Κ-2ΜΤ
99221940,9ΦΛ446907Κ-Ι2Λ,ΧΗΜΕΙΟΠΡΟΣΤΑΤΕΥΤΙΚΗ ΒΕΛΟΝΑ 16G ,https://diavgeia.gov.gr/doc/9ΦΛ446907Κ-Ι2Λ
99221940,60ΤΣ46907Κ-Ο23,ΧΗΜΕΙΟΠΡΟΣΤΑΤΕΥΤΙΚΗ ΒΕΛΟΝΑ 16G,https://diavgeia.gov.gr/doc/60ΤΣ46907Κ-Ο23
99221940,99ΑΩ46907Κ-Β7Ι,ΧΗΜΕΙΟΠΡΟΣΤΑΤΕΥΤΙΚΗ ΒΕΛΟΝΑ 16G,https://diavgeia.gov.gr/doc/99ΑΩ46907Κ-Β7Ι
99221940,9ΤΥΖ46907Κ-124,ΧΗΜΕΙΟΠΡΟΣΤΑΤΕΥΤΙΚΗ ΒΕΛΟΝΑ 16G,https://diavgeia.gov.gr/doc/9ΤΥΖ46907Κ-124
99221940,6Π1Κ46907Κ-ΡΓΑ,ΧΗΜΕΙΟΠΡΟΣΤΑΤΕΥΤΙΚΗ ΒΕΛΟΝΑ 16G,https://diavgeia.gov.gr/doc/6Π1Κ46907Κ-ΡΓΑ
99221940,64ΜΙ46907Κ-1ΝΖ,ΒΕΛΟΝΕΣ ΧΗΜΕΙΟΘΕΡΑΠΕΙΑΣ G20X20MM,https://diavgeia.gov.gr/doc/64ΜΙ46907Κ-1ΝΖ
99221940,ΨΥΗΝ46907Κ-ΥΔΘ,ΒΕΛΟΝΕΣ ΧΗΜΕΙΟΘΕΡΑΠΕΙΑΣ G20X20MM,https://diavgeia.gov.gr/doc/ΨΥΗΝ46907Κ-ΥΔΘ
99221940,ΨΜ7Ρ46907Κ-3ΙΝ,ΒΕΛΟΝΕΣ ΧΗΜΕΙΟΘΕΡΑΠΕΙΑΣ G20X20MM,https://diavgeia.gov.gr/doc/ΨΜ7Ρ46907Κ-3ΙΝ
99221940,9Θ9Ζ46907Κ-6Ι3,ΒΕΛΟΝΕΣ ΧΗΜΕΙΟΘΕΡΑΠΕΙΑΣ G20X20MM,https://diavgeia.gov.gr/doc/9Θ9Ζ46907Κ-6Ι3
99221940,6ΩΣ546907Κ-ΥΞΚ,ΒΕΛΟΝΕΣ ΧΗΜΕΙΟΘΕΡΑΠΕΙΑΣ G20X20MM,https://diavgeia.gov.gr/doc/6ΩΣ546907Κ-ΥΞΚ
99221940,ΨΞΠΞ46907Κ-ΤΦΗ,ΟΔΗΓΟΥΣ ΚΑΘΕΤΗΡΕΣ,https://diavgeia.gov.gr/doc/ΨΞΠΞ46907Κ-ΤΦΗ
99221940,90Γ446907Κ-21Ν,ΟΔΗΓΟΥΣ ΚΑΘΕΤΗΡΕΣ,https://diavgeia.gov.gr/doc/90Γ446907Κ-21Ν
99221940,6Μ1Ι46907Κ-ΒΧΥ,ΟΔΗΓΟΥΣ ΚΑΘΕΤΗΡΕΣ,https://diavgeia.gov.gr/doc/6Μ1Ι46907Κ-ΒΧΥ
99221940,ΨΔΡ446907Κ-Ρ1Σ,ΟΔΗΓΟΥΣ ΚΑΘΕΤΗΡΕΣ,https://diavgeia.gov.gr/doc/ΨΔΡ446907Κ-Ρ1Σ
99221940,ΨΨΔ346907Κ-ΦΕΣ,ΟΔΗΓΟΥΣ ΚΑΘΕΤΗΡΕΣ,https://diavgeia.gov.gr/doc/ΨΨΔ346907Κ-ΦΕΣ
