ada,issue_date,subject,supplier_afm,supplier_name,amount_eur,cpv,kae
9Τ674690Ω3-ΙΔ4,2021-12-23,ΕΝΤΟΛΗ ΠΛΗΡΩΜΗΣ 55019-23/12/2021,094033749,ΙΩΑΝΝΗΣ ΧΡ  ΒΑΜΒΑΣ ΑΝΩΝΥΜΟΣ ΕΜΠΟΡΙΚΗ ΚΑΙ ΒΙΟΜΗΧΑΝΙΚΗ ΕΤΑΙΡΕΙΑ,7722.99,,
9Ω9Ε4690Ω3-3Λ2,2021-12-23,ΕΝΤΟΛΗ ΠΛΗΡΩΜΗΣ 55018-23/12/2021,094442268,ΠΡΩΤΟΝ Α Ε ΑΝΤΙΠΡ ΙΑΤΡΙΚΩΝ ΕΠΙΣΤΗΜΟΝΙΚΩΝ ΕΙΔΩΝ  ΜΗΧΑΝΗΜ ΚΑΙ ΣΥΣΤΗΜΑΤΩΝ ΑΣΦΑΛΕΙΑΣ ΙΔΙΩΤ ΕΠΙΧ ΠΑΡΟΧ ΥΠΗΡΕΣΙΩΝ ΑΣΦΑΛΕΙΑΣ,29995.6,,
9ΠΝΟ4690Ω3-Ε24,2021-12-22,ΕΝΤΟΛΗ ΠΛΗΡΩΜΗΣ 54719-22/12/2021,998361490,KARL STORZ ENDOSKOPE GREECE GMBH ΜΟΝΟΠΡΟΣΩΠΗ ΕΤΑΙΡΙΑ ΠΕΡΙΟΡΙΣΜΕΝΗΣ ΕΥΘΥΝΗΣ,118999.98,,
ΩΑ544690Ω3-Ν3Β,2021-12-21,ΕΝΤΟΛΗ ΠΛΗΡΩΜΗΣ 54336-21/12/2021,094472918,GE HEALTHCARE ΦΑΡΜΑΚΕΥΤΙΚΗ ΕΜΠΟΡΙΚΗ ΚΑΙ ΒΙΟΜΗΧΑΝΙΚΗ ΕΤΑΙΡΕΙΑ,1054.0,,
ΨΤΜΤ4690Ω3-ΘΗ9,2021-12-21,ΕΝΤΟΛΗ ΠΛΗΡΩΜΗΣ 54355-21/12/2021,094025805,ΑΓΚΦΑ  ΓΚΕΒΕΡΤ  ΜΟΝΟΠΡΟΣΩΠΗ  ΑΝΩΝΥΜΟΣ   ΕΜΠΟΡΙΚΗ ΚΑΙ  ΒΙΟΜΗΧΑΝΙΚΗ  ΕΤΑΙΡΕΙΑ,122760.0,,
Ω5564690Ω3-6ΩΦ,2021-12-16,ΕΝΤΟΛΗ ΠΛΗΡΩΜΗΣ 53727-16/12/2021,094014759,ΦΙΛΙΠΣ ΕΛΛΑΣ ΜΟΝΟΠΡΟΣΩΠΗ  ΑΝΩΝΥΜΟΣ ΕΜΠΟΡΙΚΗ ΚΑΙ ΒΙΟΜΗΧΑΝΙΚΗ ΕΤΑΙΡΕΙΑ ΗΛΕΚΤΡΟΤΕΧΝΙΚΩΝ ΠΡΟΙΟΝΤΩΝ ΚΑΙ ΙΑΤΡΙΚΩΝ ΣΥΣΤΗΜΑΤΩΝ,701840.0,,
6ΥΝΓ4690Ω3-ΟΛ6,2021-12-16,ΕΝΤΟΛΗ ΠΛΗΡΩΜΗΣ 53728-16/12/2021,099936534,SB BIOANALYTICA ΕΜΠΟΡΙΚΗ ΒΙΟΤΕΧΝΟΛΟΓΙΚΩΝ ΕΦΑΡΜΟΓΩΝ ΕΡΕΥΝΗΤΙΚΗ ΑΝΩΝΥΜΗ ΕΤΑΙΡΕΙΑ,148800.0,,
ΩΖ654690Ω3-ΒΡΕ,2021-12-15,ΕΝΤΟΛΗ ΠΛΗΡΩΜΗΣ 53438-15/12/2021,095029193,ΠΑΠΑΠΟΣΤΟΛΟΥ Ν ΑΝΩΝΥΜΗ ΕΤΑΙΡΕΙΑ  ΕΤΑΙΡΕΙΑ ΕΜΠΟΡΙΑΣ ΚΑΙ ΑΝΤΙΠΡΟΣΩΠΕΙΩΝ ΙΑΤΡΙΚΩΝ ΕΡΓΑΛΕΙΩΝ ΚΑΙ ΜΗΧΑΝΗΜΑΤΩΝ,29884.0,,
Ψ8Λ74690Ω3-ΝΞ7,2021-12-15,ΕΝΤΟΛΗ ΠΛΗΡΩΜΗΣ 53436-15/12/2021,094504367,ΕΝΔΟΣΚΟΠΙΚΗ ΑΝΩΝΥΜΟΣ ΕΜΠΟΡΙΚΗ ΕΤΑΙΡΕΙΑ ΙΑΤΡΙΚΩΝ ΕΙΔΩΝ,419092.72,,
Ψ6Ν94690Ω3-ΧΤΟ,2021-12-14,ΕΝΤΟΛΗ ΠΛΗΡΩΜΗΣ 53227-14/12/2021,090072680,ΙΕΡΑ ΜΗΤΡΟΠΟΛΗ ΑΛΕΞΑΝΔΡΟΥΠΟΛΕΩΣ,1450.4,,
6ΠΦΦ4690Ω3-ΩΩΞ,2021-12-13,ΕΝΤΟΛΗ ΠΛΗΡΩΜΗΣ 52962-13/12/2021,099039141,ΙΝΝΟΒΑ ΜΕΝΤΙΚΑΛ ΕΤΑΙΡΕΙΑ ΠΕΡΙΟΡΙΣΜΕΝΗΣ ΕΥΘΥΝΗΣ ΕΙΣΑΓΩΓΗΣ ΚΑΙ ΕΞΑΓΩΓΗΣ ΙΑΤΡΙΚΩΝ ΜΗΧΑΝΗΜΑΤΩΝ,19840.0,,
Ψ2Χ24690Ω3-Ψ5Σ,2021-12-13,ΕΝΤΟΛΗ ΠΛΗΡΩΜΗΣ 52960-13/12/2021,095444407,ΜΑΓΕΙΡΑΣ ΔΙΑΓΝΩΣΤΙΚΑ ΜΗΧΑΝΗΜΑΤΑ ΑΕ,36208.0,,
65ΜΛ4690Ω3-ΘΙΣ,2021-12-13,ΕΝΤΟΛΗ ΠΛΗΡΩΜΗΣ 52958-13/12/2021,800418399,Σ Μ  ΤΖ  HEALTHCARE HELLAS ΑΝΩΝΥΜΗ ΕΤΑΙΡΕΙΑ ΕΙΣΑΓΩΓΗΣ  ΚΑΙ ΕΜΠΟΡΙΑΣ ΙΑΤΡ  ΜΗΧ  ΦΑΡΜΑΚΕΥΤΙΚΩΝ ΠΡΟΙΟ ΚΑΙ ΤΗΛΕΠΙΚ  ΣΥΣΤΗΜΑΤ,43400.0,,
ΨΓΤ34690Ω3-4ΔΖ,2021-12-13,ΕΝΤΟΛΗ ΠΛΗΡΩΜΗΣ 52956-13/12/2021,091569759,ΑΦΟΙ Α ΣΕΛΙΔΗ ΑΝΩΝΥΜΗ ΕΤΑΙΡΙΑ ΕΠΙΣΤΗΜΟΝΙΚΟΥ ΕΞΟΠΛΙΣΜΟΥ,20088.0,,
9Λ0Λ4690Ω3-2Ω1,2021-12-06,ΕΝΤΟΛΗ ΠΛΗΡΩΜΗΣ 51818-06/12/2021,091569759,ΑΦΟΙ Α ΣΕΛΙΔΗ ΑΝΩΝΥΜΗ ΕΤΑΙΡΙΑ ΕΠΙΣΤΗΜΟΝΙΚΟΥ ΕΞΟΠΛΙΣΜΟΥ,123566.0,,
68584690Ω3-ΚΕΩ,2021-12-06,ΕΝΤΟΛΗ ΠΛΗΡΩΜΗΣ 51816-06/12/2021,800638095,CARDIO INNOVATION ΕΙΣΑΓΩΓΗ ΚΑΙ ΕΜΠΟΡΙΑ ΙΑΤΡΟΤΕΧΝΟΛΟΓΙΚΟΥ ΕΞΟΠΛΙΣΜΟΥ ΚΑΙ ΜΗΧΑΝΗΜΑΤΩΝ ΑΝΩΝΥΜΗ ΕΤΑΙΡΕΙΑ,169999.99,,
ΨΖ374690Ω3-ΨΟΘ,2021-12-06,ΕΝΤΟΛΗ ΠΛΗΡΩΜΗΣ 51815-06/12/2021,094442268,ΠΡΩΤΟΝ Α Ε ΑΝΤΙΠΡ ΙΑΤΡΙΚΩΝ ΕΠΙΣΤΗΜΟΝΙΚΩΝ ΕΙΔΩΝ  ΜΗΧΑΝΗΜ ΚΑΙ ΣΥΣΤΗΜΑΤΩΝ ΑΣΦΑΛΕΙΑΣ ΙΔΙΩΤ ΕΠΙΧ ΠΑΡΟΧ ΥΠΗΡΕΣΙΩΝ ΑΣΦΑΛΕΙΑΣ,39680.0,,
Ω2Π04690Ω3-8ΨΓ,2021-12-06,ΕΝΤΟΛΗ ΠΛΗΡΩΜΗΣ 51809-06/12/2021,094497279,SANTAIR ΑΝΩΝΥΜΗ ΕΤΑΙΡΙΑ ΙΑΤΡΙΚΩΝ ΕΦΑΡΜΟΓΩΝ,7316.0,,
9ΚΗ54690Ω3-798,2021-12-06,ΕΝΤΟΛΗ ΠΛΗΡΩΜΗΣ 51807-06/12/2021,094497279,SANTAIR ΑΝΩΝΥΜΗ ΕΤΑΙΡΙΑ ΙΑΤΡΙΚΩΝ ΕΦΑΡΜΟΓΩΝ,39925.52,,
Ω0Δ74690Ω3-Λ4Υ,2021-12-02,ΕΝΤΟΛΗ ΠΛΗΡΩΜΗΣ 51276-02/12/2021,094499248,BIOMERIEUX ΕΛΛΑΣ ΑΝΩΝΥΜΗ ΕΤΑΙΡΙΑ ΕΙΣΑΓΩΓΗΣ ΕΜΠΟΡΙΑΣ ΚΑΙ ΔΙΑΝΟΜΗΣ ΙΑΤΡΙΚΩΝ ΚΑΙ ΔΙΑΓΝΩΣΤΙΚΩΝ ΠΡΟΙΟΝΤΩΝ,179800.0,,
6ΙΗΤ4690Ω3-95Μ,2021-12-02,ΕΝΤΟΛΗ ΠΛΗΡΩΜΗΣ 51274-02/12/2021,800451612,ΑΝΑΔΡΑΣΙΣ MED ΜΟΝΟΠΡΟΣΩΠΗ Ι Κ Ε,3806.8,,
6ΓΩΑ4690Ω3-0ΓΞ,2021-12-02,ΕΝΤΟΛΗ ΠΛΗΡΩΜΗΣ 51275-02/12/2021,094143441,ΑΝΑΛΥΤΙΚΕΣ ΣΥΣΚΕΥΕΣ ΑΝΩΝΥΜΗ ΕΤΑΙΡΕΙΑ,68820.0,,
Ψ25Α4690Ω3-Κ6Ο,2021-12-02,ΕΝΤΟΛΗ ΠΛΗΡΩΜΗΣ 51273-02/12/2021,099523660,Π ΓΑΛΑΝΗΣ ΚΑΙ ΣΙΑ ΟΕ,66712.0,,
62ΘΩ4690Ω3-7ΘΛ,2021-11-30,ΕΝΤΟΛΗ ΠΛΗΡΩΜΗΣ 50564-30/11/2021,998547179,ΣΠΥΡΟΣ ΜΑΖΙΑΝΗΣ ΚΑΙ ΣΙΑ ΕΕ,19840.0,,
60Β64690Ω3-ΠΦΦ,2021-11-30,ΕΝΤΟΛΗ ΠΛΗΡΩΜΗΣ 50561-30/11/2021,094143441,ΑΝΑΛΥΤΙΚΕΣ ΣΥΣΚΕΥΕΣ ΑΝΩΝΥΜΗ ΕΤΑΙΡΕΙΑ,29746.36,,
ΨΨΦ94690Ω3-Λ22,2021-11-30,ΕΝΤΟΛΗ ΠΛΗΡΩΜΗΣ 50559-30/11/2021,094177837,Μ Ι ΠΡΙΝΙΩΤΑΚΗΣ ΕΠΙΣΤΗΜΟΝΙΚΕΣ ΣΥΣΚΕΥΕΣ ΚΑΙ ΟΡΓΑΝΑ ΑΝΩΝΥΜΟΣ ΕΜΠΟΡ ΚΑΙ ΒΙΟΜΗΧ ΕΤΑΙΡΕΙΑ,7750.0,,
ΩΥΤΔ4690Ω3-ΝΣΝ,2021-11-26,ΕΝΤΟΛΗ ΠΛΗΡΩΜΗΣ 50088-25/11/2021,999397435,DAMPLAID ΕΜΠΟΡΙΟ ΙΑΤΡΙΚΩΝ ΕΙΔΩΝ ΑΝΩΝΥΜΟΣ ΕΤΑΙΡΕΙΑ,89912.4,,
ΩΜΥΦ4690Ω3-61Υ,2021-11-26,ΕΝΤΟΛΗ ΠΛΗΡΩΜΗΣ 50087-25/11/2021,095717819,ΠΝΟΗ ΚΩΣΤΑΣ ΣΙΣΜΑΝΙΔΗΣ ΕΠΕ,9796.0,,
ΨΒΙΠ4690Ω3-01Ν,2021-11-26,ΕΝΤΟΛΗ ΠΛΗΡΩΜΗΣ 50042-25/11/2021,998361490,KARL STORZ ENDOSKOPE GREECE GMBH ΜΟΝΟΠΡΟΣΩΠΗ ΕΤΑΙΡΙΑ ΠΕΡΙΟΡΙΣΜΕΝΗΣ ΕΥΘΥΝΗΣ,30000.0,,
ΩΔΩΞ4690Ω3-ΧΩΙ,2021-11-26,ΕΝΤΟΛΗ ΠΛΗΡΩΜΗΣ 50041-25/11/2021,997982917,LIFE SCIENCE CHEMILAB ΑΝΩΝΥΜΗ ΕΜΠΟΡΙΚΗ ΕΤΑΙΡΕΙΑ ΛΑΙΦ ΣΑΙΕΝΣ ΚΕΜΙΛΑΜΠ ΑΝΩΝΥΜΗ ΕΜΠΟΡΙΚΗ ΕΤΑΙΡΕΙΑ,19815.2,,
ΩΑΣΒ4690Ω3-ΙΜΙ,2021-11-26,ΕΝΤΟΛΗ ΠΛΗΡΩΜΗΣ 50038-25/11/2021,094456875,SIEMENS HEALTHCARE ΜΟΝΟΠΡΟΣΩΠΗ  ΑΝΩΝΥΜΟΣ ΒΙΟΜΗΧΑΝΙΚΗ ΚΑΙ ΕΜΠΟΡΙΚΗ ΕΤΑΙΡΕΙΑ,27900.0,,
ΨΗΚΖ4690Ω3-6Ν3,2021-11-26,ΕΝΤΟΛΗ ΠΛΗΡΩΜΗΣ 50017-25/11/2021,099861581,ΠΑΠΑΖΟΓΛΟΥ ΧΡ  ΚΑΙ ΣΙΑ ΟΕ,19950.0,,
ΩΣ3Σ4690Ω3-169,2021-11-26,ΕΝΤΟΛΗ ΠΛΗΡΩΜΗΣ 50020-25/11/2021,113850780,"ΑΝΑΝΙΑΔΟΥ,,ΟΛΥΜΠΙΑ,ΓΕΩΡΓΙΟΣ",4916.6,,
6Π0Φ4690Ω3-Λ7Χ,2021-11-26,ΕΝΤΟΛΗ ΠΛΗΡΩΜΗΣ 50021-25/11/2021,093635530,ΑΝΑΝΙΑΔΗΣ Γ ΕΕ,29704.2,,
6ΕΝΕ4690Ω3-6ΙΔ,2021-11-26,ΕΝΤΟΛΗ ΠΛΗΡΩΜΗΣ 50023-25/11/2021,099523660,Π ΓΑΛΑΝΗΣ ΚΑΙ ΣΙΑ ΟΕ,8779.2,,
ΩΑ1Ζ4690Ω3-ΧΨ4,2021-11-17,ΕΝΤΟΛΗ ΠΛΗΡΩΜΗΣ 48808-17/11/2021,095029193,ΠΑΠΑΠΟΣΤΟΛΟΥ Ν ΑΝΩΝΥΜΗ ΕΤΑΙΡΕΙΑ  ΕΤΑΙΡΕΙΑ ΕΜΠΟΡΙΑΣ ΚΑΙ ΑΝΤΙΠΡΟΣΩΠΕΙΩΝ ΙΑΤΡΙΚΩΝ ΕΡΓΑΛΕΙΩΝ ΚΑΙ ΜΗΧΑΝΗΜΑΤΩΝ,51956.0,,
6Β4Τ4690Ω3-ΜΝΓ,2021-11-17,ΕΝΤΟΛΗ ΠΛΗΡΩΜΗΣ 48807-17/11/2021,094504367,ΕΝΔΟΣΚΟΠΙΚΗ ΑΝΩΝΥΜΟΣ ΕΜΠΟΡΙΚΗ ΕΤΑΙΡΕΙΑ ΙΑΤΡΙΚΩΝ ΕΙΔΩΝ,25769.68,,
Ψ8ΓΞ4690Ω3-Η03,2021-11-17,ΕΝΤΟΛΗ ΠΛΗΡΩΜΗΣ 48806-17/11/2021,998936321,ARMOR ΝΟΣΟΚΟΜΕΙΑΚΑ ΠΡΟΙΟΝΤΑ ΑΝΩΝΥΜΗ ΕΜΠΟΡΙΚΗ ΕΤΑΙΡΕΙΑ,16281.2,,
96Ε44690Ω3-ΑΔΔ,2021-10-15,ΕΝΤΟΛΗ ΠΛΗΡΩΜΗΣ 43811-15/10/2021,997799268,DRAEGER HELLAS ΜΟΝΟΠΡΟΣΩΠΗ ΑΝΩΝΥΜΗ ΕΤΑΡΕΙΑ ΙΑΤΡΟΤΕΧΝΙΚΩΝ ΠΡΟΙΟΝΤΩΝ ΚΑΙ ΠΡΟΙΟΝΤΩΝ ΤΕΧΝΙΚΗΣ ΑΣΦΑΛΕΙΑΣ,99696.0,,
6ΝΙΧ4690Ω3-Κ1Δ,2021-10-15,ΕΝΤΟΛΗ ΠΛΗΡΩΜΗΣ 43810-15/10/2021,094077090,ΒΑΣΙΛΕΙΟΣ ΚΑΙ ΙΩΑΝΝΗΣ ΜΑΝΤΖΑΡΗΣ ΕΜΠΟΡΟΒΙΟΜΗΧΑΝΙΚΗ ΙΑΤΡΙΚΩΝ ΜΗΧΑΝΗΜΑΤΩΝ ΑΕ,7688.0,,
9ΩΔΒ4690Ω3-ΩΡΘ,2021-10-08,ΕΝΤΟΛΗ ΠΛΗΡΩΜΗΣ 42632-08/10/2021,999333279,Σ ΜΠΟΝΑΝΟΣ ΕΕ,76260.0,,
9ΜΛΗ4690Ω3-ΚΔ3,2021-08-13,ΕΝΤΟΛΗ ΠΛΗΡΩΜΗΣ 34019-13/08/2021,094497279,SANTAIR ΑΝΩΝΥΜΗ ΕΤΑΙΡΙΑ ΙΑΤΡΙΚΩΝ ΕΦΑΡΜΟΓΩΝ,185876.0,,
ΩΧΔΙ4690Ω3-ΖΔΒ,2022-05-26,ΕΝΤΟΛΗ ΠΛΗΡΩΜΗΣ 23176-26/05/2022,094341003,ΑΛΦΑ ΓΑΒΑΝΟΥΔΗΣ ΤΕΧΝΟΛΟΓΙΑ ΕΠΙΚΟΙΝΩΝΙΕΣ ΠΛΗΡΟΦΟΡΙΚΗ ΑΝΩΝΥΜΗ ΕΤΑΙΡΙΑ,10267.2,,
6ΘΦ44690Ω3-9ΤΒ,2022-05-24,ΕΝΤΟΛΗ ΠΛΗΡΩΜΗΣ 21266 - 16-MAY-22-24/05/2022,044971293,"ΜΑΝΙΚΑ,,ΕΛΕΝΗ,ΧΡΗΣΤΟΣ",4148.07,,
6ΙΚ44690Ω3-ΜΨΝ,2022-05-11,ΕΝΤΟΛΗ ΠΛΗΡΩΜΗΣ 20291-11/05/2022,090072680,ΙΕΡΑ ΜΗΤΡΟΠΟΛΗ ΑΛΕΞΑΝΔΡΟΥΠΟΛΕΩΣ,725.2,,
ΨΡΩΤ4690Ω3-5ΔΚ,2022-05-11,ΕΝΤΟΛΗ ΠΛΗΡΩΜΗΣ 20295-11/05/2022,999495127,ΛΕΩΝΙΔΑΣ ΨΗΛΙΑΚΟΣ ΚΑΙ ΣΙΑ ΕΤΑΙΡΕΙΑ ΠΕΡΙΟΡΙΣΜΕΝΗΣ ΕΥΘΥΝΗΣ,75196.08,,
6ΦΓ54690Ω3-ΧΙΚ,2022-05-11,ΕΝΤΟΛΗ ΠΛΗΡΩΜΗΣ 20293-11/05/2022,084150682,ΟΡΘΟΠΕΔΙΚΑ ΤΣΑΓΙΑΝΝΙΔΗΣ Ι Κ Ε,433.13,,
ΨΚΟΡ4690Ω3-ΘΛΤ,2022-05-05,ΕΝΤΟΛΗ ΠΛΗΡΩΜΗΣ 19337-05/05/2022,800601090,ΙΔΙΩΤΙΚΗ ΕΠΙΧΕΙΡΗΣΗ ΠΑΡΟΧΗΣ ΥΠΗΡΕΣΙΩΝ ΑΣΦΑΛΕΙΑΣ ΕΒΡΟΣ GUARD ΜΟΝΟΠΡΟΣΩΠΗ ΙΚΕ,859.32,,
9Η1Υ4690Ω3-4ΨΕ,2022-04-20,ΕΝΤΟΛΗ ΠΛΗΡΩΜΗΣ 17654-20/04/2022,136636353,"ΜΕΧΜΕΤ,,ΙΡΦΑΝ,ΜΕΧΜΕΤ",5117.0,,
94ΘΔ4690Ω3-8ΧΙ,2022-04-15,ΕΝΤΟΛΗ ΠΛΗΡΩΜΗΣ 16847-15/04/2022,090072680,ΙΕΡΑ ΜΗΤΡΟΠΟΛΗ ΑΛΕΞΑΝΔΡΟΥΠΟΛΕΩΣ,725.2,,
6ΗΒΧ4690Ω3-Κ3Τ,2022-04-15,ΕΝΤΟΛΗ ΠΛΗΡΩΜΗΣ 16848-15/04/2022,800734974,ΛΑΜΠΙΡΗΣ INTERIORS ΜΟΝΟΠΡΟΣΩΠΗ ΙΔΙΩΤΙΚΗ ΚΕΦΑΛΑΙΟΥΧΙΚΗ ΕΤΑΙΡΕΙΑ,996.99,,
6ΞΖΗ4690Ω3-Η7Γ,2022-04-13,ΕΝΤΟΛΗ ΠΛΗΡΩΜΗΣ 16332-13/04/2022,094498485,ORTHOMEDICAL ΑΝΩΝΥΜΗ ΕΜΠΟΡΙΚΗ ΕΤΑΙΡIA ΟΡΘΟΠΕΔΙΚΩΝ ΕΦΟΔΙΩΝ,21935.6,,
92Ι74690Ω3-ΒΟΟ,2022-03-30,ΕΝΤΟΛΗ ΠΛΗΡΩΜΗΣ 13673-30/03/2022,094442268,ΠΡΩΤΟΝ Α Ε ΑΝΤΙΠΡ ΙΑΤΡΙΚΩΝ ΕΠΙΣΤΗΜΟΝΙΚΩΝ ΕΙΔΩΝ  ΜΗΧΑΝΗΜ ΚΑΙ ΣΥΣΤΗΜΑΤΩΝ ΑΣΦΑΛΕΙΑΣ ΙΔΙΩΤ ΕΠΙΧ ΠΑΡΟΧ ΥΠΗΡΕΣΙΩΝ ΑΣΦΑΛΕΙΑΣ,254696.0,,
ΨΤ9Φ4690Ω3-1ΨΒ,2022-03-17,ΕΝΤΟΛΗ ΠΛΗΡΩΜΗΣ 11700-17/03/2022,090072680,ΙΕΡΑ ΜΗΤΡΟΠΟΛΗ ΑΛΕΞΑΝΔΡΟΥΠΟΛΕΩΣ,725.2,,
Ω53Μ4690Ω3-ΘΨΒ,2022-03-10,ΕΝΤΟΛΗ ΠΛΗΡΩΜΗΣ 10596-10/03/2022,094285848,ΞΕΝΕΞ  ΑΝΑΣΤΑΣΙΟΣ ΚΙΟΥΛΠΑΠΑΣ ΑΝΩΝΥΜΗ ΕΤΑΙΡΕΙΑ ΕΞΟΠΛΙΣΜΩΝ ΠΛΥΝΤΗΡΙΩΝ ΜΑΓΕΙΡΕΙΩΝ,15004.0,,
ΩΜΑΙ4690Ω3-ΓΤΥ,2022-02-16,ΕΝΤΟΛΗ ΠΛΗΡΩΜΗΣ 6771 - 16-FEB-22-16/02/2022,094512503,ΑΠΟΣΤΟΛΟΣ ΓΕΩΡΓ ΠΑΠΟΥΔΗΣ ΚΑΙ ΥΙΟΣ ΑΝΩΝΥΜΟΣ ΕΜΠΟΡΙΚΗ ΕΤΑΙΡΙΑ ΑΝΤΙΠΡΟΣΩΠΕΙΕΣ ΕΙΣΑΓΩΓΕΣ ΙΑΤΡΙΚΩΝ ΜΗΧΑΝΗΜΑΤΩΝ,136400.0,,
6ΤΞ74690Ω3-Ζ2Ξ,2022-02-10,ΕΝΤΟΛΗ ΠΛΗΡΩΜΗΣ 5936-10/02/2022,090072680,ΙΕΡΑ ΜΗΤΡΟΠΟΛΗ ΑΛΕΞΑΝΔΡΟΥΠΟΛΕΩΣ,1450.4,,
ΨΨΞΠ4690Ω3-ΞΥ3,2022-10-07,ΕΝΤΟΛΗ ΠΛΗΡΩΜΗΣ 45310-07/10/2022,090072680,ΙΕΡΑ ΜΗΤΡΟΠΟΛΗ ΑΛΕΞΑΝΔΡΟΥΠΟΛΕΩΣ,725.2,,
96ΡΩ4690Ω3-Ο3Ω,2022-09-06,ΕΝΤΟΛΗ ΠΛΗΡΩΜΗΣ 39514 - 06-SEP-22-06/09/2022,090072680,ΙΕΡΑ ΜΗΤΡΟΠΟΛΗ ΑΛΕΞΑΝΔΡΟΥΠΟΛΕΩΣ,725.2,,
ΨΩ0Δ4690Ω3-ΣΜΨ,2022-08-30,ΕΝΤΟΛΗ ΠΛΗΡΩΜΗΣ 38204 - 30-AUG-22-30/08/2022,090072680,ΙΕΡΑ ΜΗΤΡΟΠΟΛΗ ΑΛΕΞΑΝΔΡΟΥΠΟΛΕΩΣ,725.2,,
67ΦΦ4690Ω3-ΗΤ9,2022-08-22,ΧΕ 2424Σ1,132457058,"ΚΑΡΑΓΕΩΡΓΙΟΥ,,ΜΑΡΙΑ,ΔΗΜΗΤΡΙΟΣ",767.56,,041101α
6ΠΥΥ4690Ω3-Φ61,2022-07-22,ΕΝΤΟΛΗ ΠΛΗΡΩΜΗΣ 33493-22/07/2022,113850780,"ΑΝΑΝΙΑΔΟΥ,,ΟΛΥΜΠΙΑ,ΓΕΩΡΓΙΟΣ",46487.6,,
ΨΗΨ14690Ω3-Τ3Τ,2022-07-19,ΕΝΤΟΛΗ ΠΛΗΡΩΜΗΣ 32912-19/07/2022,095029193,ΠΑΠΑΠΟΣΤΟΛΟΥ Ν ΑΝΩΝΥΜΗ ΕΤΑΙΡΕΙΑ  ΕΤΑΙΡΕΙΑ ΕΜΠΟΡΙΑΣ ΚΑΙ ΑΝΤΙΠΡΟΣΩΠΕΙΩΝ ΙΑΤΡΙΚΩΝ ΕΡΓΑΛΕΙΩΝ ΚΑΙ ΜΗΧΑΝΗΜΑΤΩΝ,29884.0,,
6ΛΕΟ4690Ω3-ΕΣΗ,2022-07-14,ΕΝΤΟΛΗ ΠΛΗΡΩΜΗΣ 32268-14/07/2022,136636353,"ΜΕΧΜΕΤ,,ΙΡΦΑΝ,ΜΕΧΜΕΤ",5757.0,,
63Η14690Ω3-4ΔΓ,2022-07-12,ΕΝΤΟΛΗ ΠΛΗΡΩΜΗΣ 31790-12/07/2022,113850780,"ΑΝΑΝΙΑΔΟΥ,,ΟΛΥΜΠΙΑ,ΓΕΩΡΓΙΟΣ",17967.6,,
ΨΠ414690Ω3-ΥΞ4,2022-07-11,ΕΝΤΟΛΗ ΠΛΗΡΩΜΗΣ 31496-11/07/2022,090072680,ΙΕΡΑ ΜΗΤΡΟΠΟΛΗ ΑΛΕΞΑΝΔΡΟΥΠΟΛΕΩΣ,725.2,,
ΨΑΖΛ4690Ω3-6ΡΠ,2022-06-20,ΕΝΤΟΛΗ ΠΛΗΡΩΜΗΣ 27327-20/06/2022,090072680,ΙΕΡΑ ΜΗΤΡΟΠΟΛΗ ΑΛΕΞΑΝΔΡΟΥΠΟΛΕΩΣ,725.2,,
6ΚΠΧ4690Ω3-ΣΩΧ,2022-06-21,ΕΝΤΟΛΗ ΠΛΗΡΩΜΗΣ 27615-21/06/2022,091569759,ΑΦΟΙ Α ΣΕΛΙΔΗ ΑΝΩΝΥΜΗ ΕΤΑΙΡΙΑ ΕΠΙΣΤΗΜΟΝΙΚΟΥ ΕΞΟΠΛΙΣΜΟΥ,13826.0,,
Ψ9ΦΝ4690Ω3-ΜΩΩ,2022-06-17,ΕΝΤΟΛΗ ΠΛΗΡΩΜΗΣ 27095-17/06/2022,094341297,ΘΡΑΚΙΚΗ ΕΠΙΠΛΟΠΟΙΙΑ ΑΕ ΒΙΟΤΕΧΝΙΚΗ ΕΙΣΑΓΕΞΑΓΩΓΙΚΗ ΕΞΑΓΩΓΙΚΗ ΕΜΠΟΡΙΚΗ,11718.0,,
Ψ50Λ4690Ω3-ΨΚ5,2022-06-15,ΕΝΤΟΛΗ ΠΛΗΡΩΜΗΣ 26611-15/06/2022,082832279,ΑΦΟΙ ΞΑΝΘΙΔΗ ΟΕ,1360.0,,
6Ρ3Σ4690Ω3-ΖΒ7,2022-06-15,ΕΝΤΟΛΗ ΠΛΗΡΩΜΗΣ 26610-15/06/2022,998656870,ΜΟΥΣΤΑΦΕΡΗΣ ΑΝΩΝΥΜΗ ΕΜΠΟΡΙΚΗ ΕΤΑΙΡΕΙΑ  ΣΥΣΤΗΜΑΤΩΝ ΕΛΕΓΧΟΥ,4252.49,,
ΨΔΡΒ4690Ω3-9Ν4,2022-05-30,ΕΝΤΟΛΗ ΠΛΗΡΩΜΗΣ 23673-30/05/2022,084238249,ΧΑΤΖΗΑΝΑΣΤΑΣΙΟΥ ΑΛΕΞΑΝΔΡΟΣ ΚΑΙ ΣΙΑ ΟΕ,2864.4,,
ΨΑ2Κ4690Ω3-ΥΣΑ,2023-03-15,ΧΕ 613Σ1,998179225,MILONAS HEALTH ΙΑΤΡΙΚΑ ΠΡΟΙΟΝΤΑ ΑΝΩΝΥΜΟΣ ΕΤΑΙΡΕΙΑ,3552.01,,1311
6Γ3Μ4690Ω3-ΞΓ5,2023-03-15,ΕΝΤΟΛΗ ΠΛΗΡΩΜΗΣ 12933-15/03/2023,136636353,"ΜΕΧΜΕΤ,,ΙΡΦΑΝ,ΜΕΧΜΕΤ",1919.0,,
Ψ3ΡΞ4690Ω3-8ΘΩ,2023-03-07,ΕΝΤΟΛΗ ΠΛΗΡΩΜΗΣ 11376-07/03/2023,090072680,ΙΕΡΑ ΜΗΤΡΟΠΟΛΗ ΑΛΕΞΑΝΔΡΟΥΠΟΛΕΩΣ,725.2,,
Ω2ΦΦ4690Ω3-ΠΥΛ,2023-03-06,ΕΝΤΟΛΗ ΠΛΗΡΩΜΗΣ 60132 - 27-DEC-22-06/03/2023,999824007,ΠΑΠΑΝΙΚΟΛΑΟΥ ΧΡΗΣΤΟΣ ΚΑΙ ΣΙΑ ΟΕ,68200.0,,
ΨΗΑ34690Ω3-46Γ,2023-02-17,ΧΕ 177Σ1,094437885,ΖΙΜΜΕR ΒΙΟΜΕΤ ΕΛΛΑΣ ΜΟΝΟΠΡΟΣΩΠΗ ΑΝΩΝΥΜΗ ΕΜΠΟΡΙΚΗ ΚΑΙ ΒΙΟΜΗΧΑΝΙΚΗ ΕΤΑΙΡΕΙΑ ΙΑΤΡΙΚΩΝ ΚΑΙ ΦΑΡΜΑΚΕΥΤΙΚΩΝ ΕΙΔΩΝ,8942.94,,1313
6Θ844690Ω3-ΘΥΨ,2023-02-15,ΕΝΤΟΛΗ ΠΛΗΡΩΜΗΣ 7820-15/02/2023,136636353,"ΜΕΧΜΕΤ,,ΙΡΦΑΝ,ΜΕΧΜΕΤ",3838.0,,
6Ρ3Ε4690Ω3-Β32,2023-02-14,ΕΝΤΟΛΗ ΠΛΗΡΩΜΗΣ 7582-14/02/2023,090072680,ΙΕΡΑ ΜΗΤΡΟΠΟΛΗ ΑΛΕΞΑΝΔΡΟΥΠΟΛΕΩΣ,1450.4,,
9ΧΕΓ4690Ω3-ΩΔ7,2022-12-23,ΕΝΤΟΛΗ ΠΛΗΡΩΜΗΣ 59997-21/12/2022,999574470,Κ ΒΕΛΙΣΣΑΡΙΟΣ ΚΑΙ ΣΙΑ ΕΕ,26999.76,,
ΨΑ604690Ω3-42Α,2022-12-20,ΧΕ 4236Σ1,094035927,ΒΙΟΣΕΡ ΑΕ ΒΙΟΜΗΧΑΝΙΑ ΠΑΡΕΝΤΕΡΙΚΩΝ ΔΙΑΛΥΜΑΤΩΝ,293.8,,1311
ΨΔΘΟ4690Ω3-ΔΦΝ,2022-12-15,ΕΝΤΟΛΗ ΠΛΗΡΩΜΗΣ 58202-15/12/2022,136636353,"ΜΕΧΜΕΤ,,ΙΡΦΑΝ,ΜΕΧΜΕΤ",3838.0,,
9ΥΩΖ4690Ω3-7Ρ2,2022-12-08,ΕΝΤΟΛΗ ΠΛΗΡΩΜΗΣ 56731-08/12/2022,090072680,ΙΕΡΑ ΜΗΤΡΟΠΟΛΗ ΑΛΕΞΑΝΔΡΟΥΠΟΛΕΩΣ,725.2,,
659Ξ4690Ω3-Μ7Χ,2022-11-22,ΕΝΤΟΛΗ ΠΛΗΡΩΜΗΣ 53357-22/11/2022,090072680,ΙΕΡΑ ΜΗΤΡΟΠΟΛΗ ΑΛΕΞΑΝΔΡΟΥΠΟΛΕΩΣ,725.2,,
6ΗΤ14690Ω3-ΞΓΩ,2022-10-31,ΧΕ 3203Σ1,999853119,SURGILIFE ΝΟΣΟΚΟΜΕΙΑΚΑ ΧΕΙΡΟΥΡΓΙΚΑ ΥΛΙΚΑ ΕΠΕ,434.0,,1311
627Θ4690Ω3-51Β,2023-07-12,ΕΝΤΟΛΗ ΠΛΗΡΩΜΗΣ 35123-12/07/2023,136636353,"ΜΕΧΜΕΤ,,ΙΡΦΑΝ,ΜΕΧΜΕΤ",1919.0,,
6ΞΘ24690Ω3-6Θ2,2023-07-10,ΕΝΤΟΛΗ ΠΛΗΡΩΜΗΣ 34352 - 10-JUL-23-10/07/2023,090072680,ΙΕΡΑ ΜΗΤΡΟΠΟΛΗ ΑΛΕΞΑΝΔΡΟΥΠΟΛΕΩΣ,725.2,,
ΨΤ7Η4690Ω3-ΖΜΝ,2023-06-27,ΕΝΤΟΛΗ ΠΛΗΡΩΜΗΣ 31764-27/06/2023,136636353,"ΜΕΧΜΕΤ,,ΙΡΦΑΝ,ΜΕΧΜΕΤ",1919.0,,
ΨΙΕΓ4690Ω3-Ξ09,2023-06-12,ΕΝΤΟΛΗ ΠΛΗΡΩΜΗΣ 29168-12/06/2023,090072680,ΙΕΡΑ ΜΗΤΡΟΠΟΛΗ ΑΛΕΞΑΝΔΡΟΥΠΟΛΕΩΣ,725.2,,
9ΛΟΛ4690Ω3-Ψ56,2023-05-19,ΕΝΤΟΛΗ ΠΛΗΡΩΜΗΣ 25201-19/05/2023,136636353,"ΜΕΧΜΕΤ,,ΙΡΦΑΝ,ΜΕΧΜΕΤ",1919.0,,
Ω8ΞΥ4690Ω3-ΖΤ1,2023-05-16,ΕΝΤΟΛΗ ΠΛΗΡΩΜΗΣ 24495-16/05/2023,094472918,GE HEALTHCARE ΦΑΡΜΑΚΕΥΤΙΚΗ ΕΜΠΟΡΙΚΗ ΚΑΙ ΒΙΟΜΗΧΑΝΙΚΗ ΕΤΑΙΡΕΙΑ,51832.0,,
ΨΣΠΑ4690Ω3-ΜΤΝ,2023-05-10,ΕΝΤΟΛΗ ΠΛΗΡΩΜΗΣ 23568-10/05/2023,094497279,SANTAIR ΑΝΩΝΥΜΗ ΕΤΑΙΡΙΑ ΙΑΤΡΙΚΩΝ ΕΦΑΡΜΟΓΩΝ,179800.0,,
ΨΟΞΩ4690Ω3-ΤΕΞ,2023-05-05,ΕΝΤΟΛΗ ΠΛΗΡΩΜΗΣ 22515-05/05/2023,090072680,ΙΕΡΑ ΜΗΤΡΟΠΟΛΗ ΑΛΕΞΑΝΔΡΟΥΠΟΛΕΩΣ,725.2,,
6Ο5Π4690Ω3-6ΝΝ,2023-05-04,ΕΝΤΟΛΗ ΠΛΗΡΩΜΗΣ 22325-04/05/2023,094497279,SANTAIR ΑΝΩΝΥΜΗ ΕΤΑΙΡΙΑ ΙΑΤΡΙΚΩΝ ΕΦΑΡΜΟΓΩΝ,23560.0,,
Ψ51Ν4690Ω3-Λ0Τ,2023-04-26,ΕΝΤΟΛΗ ΠΛΗΡΩΜΗΣ 20966-26/04/2023,136636353,"ΜΕΧΜΕΤ,,ΙΡΦΑΝ,ΜΕΧΜΕΤ",1919.0,,
ΨΤ0Ο4690Ω3-20Ζ,2023-04-25,ΕΝΤΟΛΗ ΠΛΗΡΩΜΗΣ 20747-25/04/2023,090072680,ΙΕΡΑ ΜΗΤΡΟΠΟΛΗ ΑΛΕΞΑΝΔΡΟΥΠΟΛΕΩΣ,725.2,,
6ΨΝΕ4690Ω3-ΨΔΛ,2023-03-29,ΕΝΤΟΛΗ ΠΛΗΡΩΜΗΣ 15800-29/03/2023,999079132,REVIVAL ΑΝΩΝΥΜΗ ΕΜΠΟΡΙΚΗ  ΒΙΟΜΗΧΑΝΙΚΗ ΚΑΙ ΤΕΧΝΙΚΗ ΕΤΑΙΡΕΙΑ,31458.8,,
ΩΝΨ44690Ω3-ΟΞ9,2023-12-18,ΕΝΤΟΛΗ ΠΛΗΡΩΜΗΣ 62397-18/12/2023,136636353,"ΜΕΧΜΕΤ,,ΙΡΦΑΝ,ΜΕΧΜΕΤ",1919.0,,
6ΖΒ14690Ω3-Κ2Π,2023-12-18,ΕΝΤΟΛΗ ΠΛΗΡΩΜΗΣ 62130-18/12/2023,090072680,ΙΕΡΑ ΜΗΤΡΟΠΟΛΗ ΑΛΕΞΑΝΔΡΟΥΠΟΛΕΩΣ,725.2,,
9Α3Α4690Ω3-ΛΩΜ,2023-12-08,ΕΝΤΟΛΗ ΠΛΗΡΩΜΗΣ 60615-08/12/2023,136636353,"ΜΕΧΜΕΤ,,ΙΡΦΑΝ,ΜΕΧΜΕΤ",1919.0,,
6ΘΡΚ4690Ω3-Μ6Η,2023-12-08,ΕΝΤΟΛΗ ΠΛΗΡΩΜΗΣ 60551-08/12/2023,090072680,ΙΕΡΑ ΜΗΤΡΟΠΟΛΗ ΑΛΕΞΑΝΔΡΟΥΠΟΛΕΩΣ,725.2,,
ΨΝΙΕ4690Ω3-ΚΗ5,2023-11-16,ΕΝΤΟΛΗ ΠΛΗΡΩΜΗΣ 56031-16/11/2023,094442268,ΠΡΩΤΟΝ Α Ε ΑΝΤΙΠΡ ΙΑΤΡΙΚΩΝ ΕΠΙΣΤΗΜΟΝΙΚΩΝ ΕΙΔΩΝ  ΜΗΧΑΝΗΜ ΚΑΙ ΣΥΣΤΗΜΑΤΩΝ ΑΣΦΑΛΕΙΑΣ ΙΔΙΩΤ ΕΠΙΧ ΠΑΡΟΧ ΥΠΗΡΕΣΙΩΝ ΑΣΦΑΛΕΙΑΣ,496000.0,,
ΨΒΝΠ4690Ω3-ΥΟΒ,2023-11-13,ΕΝΤΟΛΗ ΠΛΗΡΩΜΗΣ 55378-13/11/2023,136636353,"ΜΕΧΜΕΤ,,ΙΡΦΑΝ,ΜΕΧΜΕΤ",1919.0,,
ΨΑΗ24690Ω3-ΜΒ7,2023-11-07,ΕΝΤΟΛΗ ΠΛΗΡΩΜΗΣ 54207-07/11/2023,090072680,ΙΕΡΑ ΜΗΤΡΟΠΟΛΗ ΑΛΕΞΑΝΔΡΟΥΠΟΛΕΩΣ,725.2,,
9ΚΤΙ4690Ω3-ΖΚΝ,2023-10-11,ΕΝΤΟΛΗ ΠΛΗΡΩΜΗΣ 49312-11/10/2023,136636353,"ΜΕΧΜΕΤ,,ΙΡΦΑΝ,ΜΕΧΜΕΤ",1919.0,,
93Ν94690Ω3-2ΓΒ,2023-10-10,ΕΝΤΟΛΗ ΠΛΗΡΩΜΗΣ 49021-10/10/2023,090072680,ΙΕΡΑ ΜΗΤΡΟΠΟΛΗ ΑΛΕΞΑΝΔΡΟΥΠΟΛΕΩΣ,725.2,,
Ψ9ΖΨ4690Ω3-ΨΥ0,2023-09-14,ΕΝΤΟΛΗ ΠΛΗΡΩΜΗΣ 44389-14/09/2023,136636353,"ΜΕΧΜΕΤ,,ΙΡΦΑΝ,ΜΕΧΜΕΤ",1919.0,,
ΨΡ9Δ4690Ω3-6ΦΚ,2023-09-12,ΕΝΤΟΛΗ ΠΛΗΡΩΜΗΣ 43965-12/09/2023,090072680,ΙΕΡΑ ΜΗΤΡΟΠΟΛΗ ΑΛΕΞΑΝΔΡΟΥΠΟΛΕΩΣ,725.2,,
6ΓΔΕ4690Ω3-ΑΟ9,2023-09-06,ΕΝΤΟΛΗ ΠΛΗΡΩΜΗΣ 43079-06/09/2023,094472918,GE HEALTHCARE ΦΑΡΜΑΚΕΥΤΙΚΗ ΕΜΠΟΡΙΚΗ ΚΑΙ ΒΙΟΜΗΧΑΝΙΚΗ ΕΤΑΙΡΕΙΑ,51956.0,,
9ΟΩΗ4690Ω3-ΨΘΖ,2023-09-06,ΕΝΤΟΛΗ ΠΛΗΡΩΜΗΣ 43077-06/09/2023,095029193,ΠΑΠΑΠΟΣΤΟΛΟΥ Ν ΑΝΩΝΥΜΗ ΕΤΑΙΡΕΙΑ  ΕΤΑΙΡΕΙΑ ΕΜΠΟΡΙΑΣ ΚΑΙ ΑΝΤΙΠΡΟΣΩΠΕΙΩΝ ΙΑΤΡΙΚΩΝ ΕΡΓΑΛΕΙΩΝ ΚΑΙ ΜΗΧΑΝΗΜΑΤΩΝ,123566.0,,
6ΗΣ94690Ω3-ΜΩΧ,2023-09-06,ΕΝΤΟΛΗ ΠΛΗΡΩΜΗΣ 43076-06/09/2023,997799268,DRAEGER HELLAS ΜΟΝΟΠΡΟΣΩΠΗ ΑΝΩΝΥΜΗ ΕΤΑΡΕΙΑ ΙΑΤΡΟΤΕΧΝΙΚΩΝ ΠΡΟΙΟΝΤΩΝ ΚΑΙ ΠΡΟΙΟΝΤΩΝ ΤΕΧΝΙΚΗΣ ΑΣΦΑΛΕΙΑΣ,98952.0,,
Ψ62Ω4690Ω3-ΗΞ0,2023-08-28,ΕΝΤΟΛΗ ΠΛΗΡΩΜΗΣ 41358-28/08/2023,090072680,ΙΕΡΑ ΜΗΤΡΟΠΟΛΗ ΑΛΕΞΑΝΔΡΟΥΠΟΛΕΩΣ,725.2,,
65ΚΘ4690Ω3-ΣΚΕ,2023-08-24,ΕΝΤΟΛΗ ΠΛΗΡΩΜΗΣ 140920-24/08/2023,136636353,"ΜΕΧΜΕΤ,,ΙΡΦΑΝ,ΜΕΧΜΕΤ",1919.0,,
ΨΤΒΞ4690Ω3-ΗΡΝ,2024-03-08,ΕΝΤΟΛΗ ΠΛΗΡΩΜΗΣ 13694-08/03/2024,998658212,ΦΑΡΤΕΞ ΤΕΧΝΙΚΗ ΕΞΟΠΛΙΣΜΩΝ ΕΤΑΙΡΕΙΑ ΠΕΡΙΟΡΙΣΜΕΝΗΣ ΕΥΘΥΝΗΣ,250461.4,,
ΡΩΚ84690Ω3-ΓΩΠ,2024-02-05,ΧΕ 46Σ1,094047060,ΒΑΡΕΛΑΣ ΑΝΩΝΥΜΗ ΕΤΑΙΡΕΙΑ ΧΗΜΙΚΑ ΚΑΙ ΔΙΑΓΝΩΣΤΙΚΑ,29376.0,,9429
6Σ7Γ4690Ω3-ΤΒΓ,2025-02-25,ΧΕ 563Σ1,094498111,MEDTRONIC HELLAS ΙΑΤΡΙΚΑ ΜΗΧΑΝΗΜΑΤΑ ΜΟΝΟΠΡΟΣΩΠΗ ΑΝΩΝΥΜΗ ΕΜΠΟΡΙΚΗ ΕΤΑΙΡΕΙΑ,1010.22,,1311
9ΛΠΞ4690Ω3-4ΥΩ,2025-08-20,ΧΕ 3409Σ1,999862491,PAUL HARTMANΝ HELLAS ΑΝΩΝΥΜΗ ΕΤΑΙΡΕΙΑ ΕΜΠΟΡΙΑΣ ΚΑΙ ΚΑΤΑΣΚΕΥΗΣ ΙΑΤΡΙΚΩΝ ΠΡΟΙΟΝΤΩΝ ΚΑΙ ΠΡΟΙΟΝΤΩΝ ΑΤΟΜΙΚΗΣ ΥΓΙΕΙΝΗΣ,6077.59,,1311
ΡΟΛΚ4690Ω3-1ΨΡ,2025-07-28,ΕΝΤΟΛΗ ΠΛΗΡΩΜΗΣ 38527-28/07/2025,094472918,GE HEALTHCARE ΦΑΡΜΑΚΕΥΤΙΚΗ ΕΜΠΟΡΙΚΗ ΚΑΙ ΒΙΟΜΗΧΑΝΙΚΗ ΕΤΑΙΡΕΙΑ,2418.0,,
ΨΛΕΦ4690Ω3-ΒΒ9,2025-07-28,ΕΝΤΟΛΗ ΠΛΗΡΩΜΗΣ 38504-28/07/2025,011651035,"ΤΖΑΝΙΔΑΚΗΣ,,ΕΜΜΑΝΟΥΗΛ,ΤΗΛΕΜΑΧΟΣ",241284.0,,
ΨΔΥΘ4690Ω3-ΤΦΥ,2025-07-21,ΕΝΤΟΛΗ ΠΛΗΡΩΜΗΣ 37398-21/07/2025,997799268,DRAEGER HELLAS ΜΟΝΟΠΡΟΣΩΠΗ ΑΝΩΝΥΜΗ ΕΤΑΡΕΙΑ ΙΑΤΡΟΤΕΧΝΙΚΩΝ ΠΡΟΙΟΝΤΩΝ ΚΑΙ ΠΡΟΙΟΝΤΩΝ ΤΕΧΝΙΚΗΣ ΑΣΦΑΛΕΙΑΣ,88424.4,,
Ψ9ΗΜ4690Ω3-9ΣΙ,2025-07-16,ΕΝΤΟΛΗ ΠΛΗΡΩΜΗΣ 36773 -16/07/2025,998283526,MEDIPRIME ΙΑΤΡΟΦΑΡΜΑΚΕΥΤΙΚΩΝ ΕΙΔΩΝ ΑΝΩΝΥΜΗ ΕΜΠΟΡΙΚΗ ΕΤΑΙΡΕΙΑ,88548.4,,
6ΧΠΛ4690Ω3-ΠΤΕ,2025-07-16,ΕΝΤΟΛΗ ΠΛΗΡΩΜΗΣ 36767-16/07/2025,094498111,MEDTRONIC HELLAS ΙΑΤΡΙΚΑ ΜΗΧΑΝΗΜΑΤΑ ΜΟΝΟΠΡΟΣΩΠΗ ΑΝΩΝΥΜΗ ΕΜΠΟΡΙΚΗ ΕΤΑΙΡΕΙΑ,44491.2,,
Ρ9ΖΤ4690Ω3-ΧΣΔ,2025-07-16,ΕΝΤΟΛΗ ΠΛΗΡΩΜΗΣ 36776-16/07/2025,999869222,EDWARDS LIFESCIENCES HELLAS  ΕΝΤΟΥΑΡΝΤΣ ΛΑΙΦΣΑΙΕΝΣΕΣ ΕΛΛΑΣ ΜΟΝ  ΕΤΑΙΡΕΙΑ ΠΕΡΙΟΡ ΕΥΘΥΝΗΣ ΕΙΣΑΓΩΓΗ ΚΑΙ ΕΜΠΟΡ ΙΑΤΡΙΚ ΕΙΔΩΝ,42000.0,,
Ψ9ΖΞ4690Ω3-ΩΞΥ,2025-07-16,ΕΝΤΟΛΗ ΠΛΗΡΩΜΗΣ 36766-16/07/2025,099007886,ΒΙΟΠΡΟΜΗΘΕΥΤΙΚΗ ΑΝΤΙΠΡΟΣΩΠΕΙΑ ΕΙΣΑΓΩΓΗ ΕΜΠΟΡΙΑ ΙΑΤΡΙΚΩΝ ΠΡΟΙΟΝΤΩΝ ΕΤΑΙΡΕΙΑ ΠΕΡΙΟΡΙΣΜΕΝΗΣ  ΕΥΘΥΝΗΣ,121892.0,,
ΨΥ174690Ω3-ΡΒΕ,2025-05-06,ΕΝΤΟΛΗ ΠΛΗΡΩΜΗΣ 22812-06/05/2025,998825960,ENAMED ΙΑΤΡΙΚΑ ΕΙΔΗ ΜΟΝΟΠΡΟΣΩΠΗ ΕΤΑΙΡΕΙΑ ΠΕΡΙΟΡΙΣΜΕΝΗΣ ΕΥΘΥΝΗΣ,198400.0,,
6ΤΔ34690Ω3-Ψ6Σ,2025-10-22,ΕΝΤΟΛΗ ΠΛΗΡΩΜΗΣ 54800-22/10/2025,094472918,GE HEALTHCARE ΦΑΡΜΑΚΕΥΤΙΚΗ ΕΜΠΟΡΙΚΗ ΚΑΙ ΒΙΟΜΗΧΑΝΙΚΗ ΕΤΑΙΡΕΙΑ,122760.0,,
6ΦΛΘ4690Ω3-ΒΥΞ,2025-10-14,ΕΝΤΟΛΗ ΠΛΗΡΩΜΗΣ 52841-14/10/2025,094504367,ΕΝΔΟΣΚΟΠΙΚΗ ΑΝΩΝΥΜΟΣ ΕΜΠΟΡΙΚΗ ΕΤΑΙΡΕΙΑ ΙΑΤΡΙΚΩΝ ΕΙΔΩΝ,79335.2,,
9ΒΗ44690Ω3-ΠΤ0,2025-10-14,ΕΝΤΟΛΗ ΠΛΗΡΩΜΗΣ 52842-14/10/2025,998860010,ICON DYNAMICS ΙΑΤΡΙΚΑ ΜΗΧΑΝΗΜΑΤΑ ΙΔΙΩΤΙΚΗ ΚΕΦΑΛΑΙΟΥΧΙΚΗ ΕΤΑΙΡΕΙΑ,197160.0,,
ΨΜΟ04690Ω3-ΝΨΤ,2025-09-26,ΕΝΤΟΛΗ ΠΛΗΡΩΜΗΣ 49112-26/09/2025,094429990,TELEFLEX MEDICAL ΕΛΛΑΣ ΑΝΩΝΥΜΗ ΕΜΠΟΡΙΚΗ ΕΤΑΙΡΕΙΑ,10168.0,,
ΡΒΝ74690Ω3-ΟΓΗ,2025-09-26,ΕΝΤΟΛΗ ΠΛΗΡΩΜΗΣ 49111-26/09/2025,999869222,EDWARDS LIFESCIENCES HELLAS  ΕΝΤΟΥΑΡΝΤΣ ΛΑΙΦΣΑΙΕΝΣΕΣ ΕΛΛΑΣ ΜΟΝ  ΕΤΑΙΡΕΙΑ ΠΕΡΙΟΡ ΕΥΘΥΝΗΣ ΕΙΣΑΓΩΓΗ ΚΑΙ ΕΜΠΟΡ ΙΑΤΡΙΚ ΕΙΔΩΝ,28999.99,,
ΨΧΝΘ4690Ω3-ΣΤ7,2025-09-26,ΕΝΤΟΛΗ ΠΛΗΡΩΜΗΣ 49105-26/09/2025,998618379,ΔΕΜΕΡΤΖΗ Μ ΚΑΙ ΣΙΑ ΕΕ,4278.0,,
Ρ6ΝΧ4690Ω3-ΥΗΖ,2025-09-23,ΕΝΤΟΛΗ ΠΛΗΡΩΜΗΣ 48221-23/09/2025,095717819,ΠΝΟΗ ΚΩΣΤΑΣ ΣΙΣΜΑΝΙΔΗΣ ΕΠΕ,38075.2,,
62ΣΠ4690Ω3-ΧΜΦ,2025-09-23,ΕΝΤΟΛΗ ΠΛΗΡΩΜΗΣ 48220-23/09/2025,094437130,ΔΕΛΤΑ ΙΑΤΡΙΚΗ ΑΝΩΝΥΜΟΣ ΕΤΑΙΡΙΑ ΙΑΤΡΙΚΩΝ ΕΙΔΩΝ,8494.0,,
Ψ8ΛΖ4690Ω3-ΒΚ0,2025-09-22,ΕΝΤΟΛΗ ΠΛΗΡΩΜΗΣ 48014-22/09/2025,998361490,KARL STORZ ENDOSKOPE GREECE GMBH ΜΟΝΟΠΡΟΣΩΠΗ ΕΤΑΙΡΙΑ ΠΕΡΙΟΡΙΣΜΕΝΗΣ ΕΥΘΥΝΗΣ,24970.97,,
ΡΠΦΥ4690Ω3-ΛΜΜ,2025-09-22,ΕΝΤΟΛΗ ΠΛΗΡΩΜΗΣ 48013-22/09/2025,997799268,DRAEGER HELLAS ΜΟΝΟΠΡΟΣΩΠΗ ΑΝΩΝΥΜΗ ΕΤΑΡΕΙΑ ΙΑΤΡΟΤΕΧΝΙΚΩΝ ΠΡΟΙΟΝΤΩΝ ΚΑΙ ΠΡΟΙΟΝΤΩΝ ΤΕΧΝΙΚΗΣ ΑΣΦΑΛΕΙΑΣ,81916.88,,
955Ο4690Ω3-ΒΥΠ,2025-09-22,ΕΝΤΟΛΗ ΠΛΗΡΩΜΗΣ 48012-22/09/2025,099603280,NIVACO ΙΑΤΡΙΚΑ ΥΠΗΡΕΣΙΕΣ ΚΑΤΑΣΚΕΥΕΣ ΜΟΝΟΠΡΟΣΩΠΗ ΕΤΑΙΡΙΑ ΠΕΡΙΟΡΙΣΜΕΝΗΣ ΕΥΘΥΝΗΣ,11780.0,,
ΕΠΘΡ4690Ω3-6Ρ7,2026-07-01,ΕΝΤΟΛΗ ΠΛΗΡΩΜΗΣ 34587-01/07/2026,168227969,"ΠΑΠΑΔΑΚΗ,,ΑΝΑΣΤΑΣΙΑ,ΙΩΑΝΝΗΣ",1378.0,,
ΨΓΘΜ4690Ω3-978,2026-07-01,ΕΝΤΟΛΗ ΠΛΗΡΩΜΗΣ 34586-01/07/2026,161292795,"ΚΑΛΟΓΕΡΑΚΗ,,ΑΘΗΝΑ,ΘΕΜΙΣΤΟΚΛΗΣ",1378.0,,
ΨΠΟΣ4690Ω3-3ΣΒ,2026-07-01,ΧΕ 2501Σ1,099999477,Π ΚΑΛΑΘΙΑΝΑΚΗΣ ΕΜΠΟΡΙΑ ΕΙΣΑΓΩΓΕΣ ΚΑΙ ΕΞΑΓΩΓΕΣ ΝΟΣΟΚΟΜΕΙΑΚΩΝ ΕΙΔΩΝ ΕΠΕ,793.6,,32302030000102
9ΕΙΔ4690Ω3-8ΧΠ,2026-06-24,ΕΝΤΟΛΗ ΠΛΗΡΩΜΗΣ 33171-24/06/2026,095029193,ΠΑΠΑΠΟΣΤΟΛΟΥ Ν ΑΝΩΝΥΜΗ ΕΤΑΙΡΕΙΑ  ΕΤΑΙΡΕΙΑ ΕΜΠΟΡΙΑΣ ΚΑΙ ΑΝΤΙΠΡΟΣΩΠΕΙΩΝ ΙΑΤΡΙΚΩΝ ΕΡΓΑΛΕΙΩΝ ΚΑΙ ΜΗΧΑΝΗΜΑΤΩΝ,203360.0,,
ΡΔΕΜ4690Ω3-ΚΜΑ,2026-05-06,ΕΝΤΟΛΗ ΠΛΗΡΩΜΗΣ 23845-06/05/2026,094512503,ΑΠΟΣΤΟΛΟΣ ΓΕΩΡΓ ΠΑΠΟΥΔΗΣ ΚΑΙ ΥΙΟΣ ΑΝΩΝΥΜΟΣ ΕΜΠΟΡΙΚΗ ΕΤΑΙΡΙΑ ΑΝΤΙΠΡΟΣΩΠΕΙΕΣ ΕΙΣΑΓΩΓΕΣ ΙΑΤΡΙΚΩΝ ΜΗΧΑΝΗΜΑΤΩΝ,226920.0,,
9ΨΒΦ4690Ω3-8ΔΠ,2026-02-19,ΧΕ 288Σ1,161292795,"ΚΑΛΟΓΕΡΑΚΗ,,ΑΘΗΝΑ,ΘΕΜΙΣΤΟΚΛΗΣ",1590.0,,24209890000201
Ρ2ΟΔ4690Ω3-Ι13,2026-08-03,ΕΝΤΟΛΗ ΠΛΗΡΩΜΗΣ 40808-03/08/2026,161292795,"ΚΑΛΟΓΕΡΑΚΗ,,ΑΘΗΝΑ,ΘΕΜΙΣΤΟΚΛΗΣ",1590.0,,
ΨΩ8Ρ4690Ω3-1ΞΣ,2026-08-03,ΕΝΤΟΛΗ ΠΛΗΡΩΜΗΣ 40807-03/08/2026,168227969,"ΠΑΠΑΔΑΚΗ,,ΑΝΑΣΤΑΣΙΑ,ΙΩΑΝΝΗΣ",1590.0,,
ΡΒΧΜ4690Ω3-0ΨΓ,2026-07-10,ΕΝΤΟΛΗ ΠΛΗΡΩΜΗΣ 36517-10/07/2026,168227969,"ΠΑΠΑΔΑΚΗ,,ΑΝΑΣΤΑΣΙΑ,ΙΩΑΝΝΗΣ",1590.0,,
ΨΗΡΦ4690Ω3-0ΜΓ,2026-07-10,ΕΝΤΟΛΗ ΠΛΗΡΩΜΗΣ 36511-10/07/2026,161292795,"ΚΑΛΟΓΕΡΑΚΗ,,ΑΘΗΝΑ,ΘΕΜΙΣΤΟΚΛΗΣ",1590.0,,
